"key","retrieved"
"10210206_2015","2026-08-30"
"11937933_2009","2026-08-30"
"121201_2011","2026-08-30"
"12335326_2017","2026-08-30"
"20114172_2019","2026-08-30"
"20814295_2013","2026-08-30"
"20814295_2014","2026-08-30"
"20814295_2016","2026-08-30"
"20814295_2017","2026-08-30"
"20814295_2018","2026-08-30"
"20910461_2016","2026-08-30"
"40112365_2015","2026-08-30"
"50311261_2014","2026-08-30"
"70912643_2015","2026-08-30"
"72914123_2019","2026-08-30"
"dmc100039_2006","2026-08-30"
"dmc327542_2017","2026-08-30"
"dmc327550_2018","2026-08-30"
