airp_id,c_coastal
12933,22.33327777
12934,17.70943957
12935,15.23266047
12936,17.01295322
12937,13.45399093
12938,14.22324695
12939,14.3342008
12941,13.70541965
12942,12.90789663
13876,1.802043706
13877,3.26581641
13878,8.819958242
13879,13.10999227
13880,15.9533122
13881,20.92545556
13882,18.60991398
13883,10.00538413
13884,3.185259378
13885,1.270439659
16065,4.696945863
16066,6.71433846
16067,5.998472873
16068,3.745998931
16069,0.3361303719
16070,0.007611707553
16071,0.4654603144
16072,9.109416963
16073,5.558241688
16074,1.726475803
24810,0.002477230021
24811,0.002999114979
24812,0.002999312184
24813,0.0005057932369
24863,9.600099634
24864,10.40059456
25150,5.913055112
25151,5.040843043
25152,5.293067872
25153,5.748516446
25154,6.671116077
25155,6.78635497
25156,6.309709756
25157,5.702503242
25158,5.471578153
25159,5.863301335
29530,6.390923919
29531,4.32963971
29532,3.338028389
29533,2.170972428
29534,1.52325037
29535,1.536122018
29536,2.817745851
29537,3.451522714
29538,5.189292681
29539,6.299302398
30475,7.319046661
30476,7.043895201
30477,7.580878657
30478,8.220816619
30479,7.910851671
30480,7.674306949
30481,6.869640707
30482,6.916251095
30483,7.142314513
30484,8.457168444
33756,1.043323619
33757,1.727954635
33758,3.769685077
33759,6.235417917
33760,7.498475436
33761,8.90965464
33762,8.712688922
33763,8.570032972
33764,8.637850542
33765,9.539655052
58678,9.627596243
58679,6.98483717
58680,4.522610571
58681,3.270404381
58682,2.809299676
58683,1.786163731
58684,0.9952575088
58685,1.451906984
58686,2.674393815
58687,2.462104296
60808,5.592262188
60809,6.088601166
60810,6.724790517
60811,5.410620424
60812,6.313716029
60813,5.453150291
60814,3.552306118
60815,0.8734565648
60816,0.7519542026
60817,0.9902521349
63645,6.239610222
63646,5.206616902
63647,4.346737247
63648,4.046252161
63649,3.270762891
63650,2.823448915
63651,2.575468462
63652,2.809931057
63653,3.616811355
63654,4.694696965
65836,7.54383205
65837,7.234327949
65838,6.974954443
65839,6.377052795
65840,5.837154107
65841,5.535277542
65842,5.003658937
65843,4.436525522
65844,3.914223532
65845,3.829919719
75781,4.609346364
75782,3.869710889
75783,5.085497053
75784,6.010893456
75785,4.843708626
75786,4.956625324
75787,6.830385901
75788,7.530971022
75789,6.212027951
75790,4.974613009
80194,14.45281797
80195,10.72949252
80196,5.022313784
80197,2.499559346
80198,4.762108525
80199,9.081990106
80200,11.93871798
80201,14.12042477
80202,16.70645536
80203,17.22844359
80243,7.434864119
80244,4.107578056
80245,3.696536218
80246,2.519870237
80247,2.117988758
80248,1.030155305
80249,0.07692232656
80250,0.009698859644
80251,0.7573671391
80252,2.857516437
80470,15.32596505
80471,15.72149025
80472,16.72796452
80473,14.86773328
80474,14.31592148
80475,12.29033195
80476,10.85187441
80477,10.69605216
80478,12.38442538
80479,14.76217116
80480,14.17623975
80481,14.08371514
80482,13.23903035
80483,13.82755206
80484,12.98804507
80485,10.34741958
80486,5.41929741
80487,1.852226159
81231,14.6614377
81232,15.55608803
81233,14.62873143
81234,14.28822008
81235,13.17520801
81236,11.47557272
81237,6.882721843
81238,3.288252612
81239,1.199063925
81240,1.103343935
81327,9.425222191
81328,10.26754796
81329,10.46334721
81330,11.28835062
81331,12.12797141
81332,12.02914637
81333,10.63187887
81334,9.891658919
81335,8.544615054
81336,11.2356923
81447,8.532025902
81448,9.566909643
81449,10.02857321
81450,10.88899845
81451,11.79198837
81452,10.68545426
81453,9.678004615
81454,7.78512875
81455,8.124080974
81456,12.21825326
81508,5.277723732
81509,7.542024505
81510,9.931317174
81511,10.19913704
81512,5.324278759
81513,2.833184396
81514,4.00531577
81515,6.369077335
81516,9.452563095
81517,10.91816288
81675,1.674423421
81676,0.154748862
81677,0.9844618679
81678,1.292851791
81679,1.694765004
81680,0.8103681507
81681,0.507266044
81682,4.547612766e-05
81683,4.581537155e-05
81684,0.7187604157
81706,3.203356425
81707,2.191808067
81708,1.044324958
81709,0.0008889491704
81710,1.131957143
81711,6.361271332
81712,12.56020174
81713,16.71717127
81715,13.26331139
126951,9.652544831
126953,10.7716076
126954,10.98411187
126955,10.95255692
126956,10.42357748
126957,9.436595963
126958,8.105850181
126959,8.002620033
126960,8.051690022
127013,3.627737081
127014,3.894146029
127015,4.849865912
127017,6.638878072
127018,6.182571154
127019,6.370342752
127020,7.427187152
127021,7.758617054
127022,7.542937239
127023,7.850448027
127024,8.612288201
127025,10.30287236
127026,9.569004738
127027,9.431080574
127028,9.171163137
127029,7.708889653
127162,9.793640138
127163,8.992410901
127164,8.450187867
127165,6.403918265
127166,7.576519885
127167,7.956656608
127168,8.391217772
127169,6.416624123
127170,5.421225143
127171,4.079688906
147473,9.139415873
147480,1.189735764
147481,4.249624649
147482,7.012150153
149391,8.343438718
149392,9.862285029
149393,11.84770582
149394,10.6923119
149395,7.879329756
149396,5.515708202
149397,3.142445904
149398,1.316253354
149399,0.006009213038
149445,6.798883865
149446,5.567272689
149447,4.018194581
149448,5.369817937
149449,7.588173326
149450,10.7549472
149451,10.38942741
149452,10.62205005
149453,6.116224112
149454,1.498239574
149572,0.01369104014
149573,1.577135251
149574,4.155788687
149575,5.244203224
149576,3.581983267
149577,1.980560139
149578,2.122853746
149579,2.272163134
149580,1.595882098
152398,11.86195904
152399,12.15857431
152400,13.49893018
152401,13.85367512
152402,13.39632691
152403,12.60237147
152404,11.03636367
152405,9.85707644
152406,10.02100908
152407,9.195096273
154620,5.10944504
154621,4.103787949
154622,2.324931829
154623,1.400360209
154624,2.103064443
154625,3.87388071
154626,4.058847528
154627,6.209097145
154628,7.630104143
154629,8.402542342
160188,2.130142052
160191,0.00192840858
160192,0.7979907762
160193,3.387753263
160194,7.0651318
160195,10.13843391
160197,10.82061979
160198,10.58405351
160199,10.36479843
160200,10.30808682
160831,1.496769125
160832,3.755122285
160833,5.176667005
160834,4.477646207
160835,2.579566669
160836,1.063476015
160837,0.4949623499
160838,1.081796644
160839,1.676342183
160840,1.434526039
160910,6.785578555
160911,7.336632345
160912,8.372629085
160913,8.817695868
160914,9.138668261
160915,9.003761889
160916,8.880033907
160917,8.756025056
160918,8.908639594
160919,9.397809378
160958,10.61925104
160959,10.72519656
160960,10.79048904
160961,9.231698867
160962,9.689763338
160963,10.68233575
160964,10.69700979
160965,7.603898703
160966,3.769178583
161072,10.75509506
161073,9.609565313
161074,7.39990719
161075,5.70955786
161076,4.857785381
161077,4.848613892
161078,3.560295801
161079,1.921984512
161080,0.2102091678
176965,9.08372813
176966,9.064117815
176967,9.812948857
176968,10.2846936
176969,8.375265489
176970,8.796824285
176971,8.815079317
176972,8.978623116
176973,9.407417267
176974,9.467830585
229060,8.533090012
229061,7.076802993
229062,5.476776335
229063,5.047182765
229064,4.470923031
229065,4.310664246
229066,4.965787311
229067,5.366307106
229068,5.687449828
229069,6.129217196
235202,9.066487545
235203,10.72394524
235204,10.86322431
235205,9.425566849
235206,8.387251651
235207,9.555619694
235208,10.07025703
235209,9.519629761
235210,8.86500207
235211,8.408960903
270104,14.41334316
270105,13.99151792
270106,16.62773065
270107,17.87621811
270108,18.41833762
270109,17.72523985
270110,18.42988141
270111,16.1293122
270112,11.06125014
270113,7.544804756
271149,9.027386653
271150,11.90484414
271151,10.49604688
271156,11.9928801
271157,14.23373828
271158,14.84549659
300412,6.945956996
300413,7.287428487
300414,7.852702557
300415,8.321921609
300416,7.886813423
300417,6.822019808
300418,6.598005869
300419,4.665588019
300420,3.11903563
300421,4.949282421
306262,9.470979708
306263,8.288714424
306264,4.075713481
306266,6.898528018
306267,3.077900324
306268,5.017313516
306269,7.25725806
306270,8.695099531
306271,8.416024081
310246,9.477059245
310247,10.52472488
310248,10.14935455
310249,9.456166252
310250,9.653647306
310251,6.026599985
310252,2.838286762
310253,4.932986491
310254,7.308342773
314141,8.976985407
314142,9.442271489
314143,9.743153494
314144,10.220989
314145,10.23686999
314146,10.63955069
314147,10.71211654
332692,9.118733428
332693,6.120054589
332694,5.287782255
332695,8.181277973
332696,9.320199097
332697,8.875237254
332698,8.342606242
332699,7.461084827
332700,8.565565509
332701,9.365324905
332703,8.311838162
332704,5.799628325
332733,8.833269933
332734,9.873300204
332735,11.04735301
332737,10.52616985
332738,6.459278555
332739,4.966281525
332740,6.950459429
332742,6.494870278
333241,1.244965023
333242,1.474524027
333243,2.213703614
333244,3.988281823
333245,5.716643444
333246,4.018147861
333247,1.788286628
333248,1.074926355
333249,2.336859665
333250,3.326210402
347841,5.592016816
347842,5.703255113
347843,5.691006122
353115,3.200087382
353116,2.180950389
353117,3.656327416
353118,6.381640993
353119,7.310772254
353120,6.819255647
353121,7.54451285
353122,9.415476849
353123,9.574876437
353124,9.352259618
359541,3.609830894
359542,1.48523774
359543,0.1764691127
359544,0.2169897849
359545,0.9392286378
359546,2.535498017
359982,4.889703752
359983,2.388466585
359984,0.4740921918
359985,4.46703335e-05
359986,0.1450016108
359987,1.410344487
359988,2.626851871
359989,3.711092884
359990,5.181133191
361380,10.41950244
361381,11.16379014
361382,10.73816872
361383,10.53602146
361384,12.89121076
361385,13.68056268
361386,10.39097521
361387,4.062065514
361388,1.463870484
361389,2.070777212
361390,6.429689058
361391,11.22357575
361392,14.53360248
361393,10.84100947
361394,6.48319347
363583,1.80698979
363584,0.1177588322
363586,0.7169459027
363587,2.736821328
363588,4.544546403
363589,5.596084129
363590,2.750619967
363591,0.4931563457
363592,0.2575426238
371592,1.732749568
371593,0.9531002783
371594,0.426346901
371595,1.369690343
371596,3.572835634
371597,5.507158651
371598,7.0790471
371599,7.898627247
371600,7.181682009
371601,5.436908387
384869,6.267926577
384870,5.532071327
384871,5.59178557
384872,6.395215364
384873,7.473148545
384874,8.06217612
384875,7.479839411
384876,5.581218766
384877,3.261698887
384878,1.880942306
384879,2.473637987
384880,4.602448799
384881,5.538310465
384882,5.933126746
384883,6.398887151
384884,6.305503013
384885,5.619733564
384886,3.792219278
384887,1.972858905
391501,12.03246172
391502,11.83708077
391503,12.40010483
391504,13.44874388
391505,14.22316945
391508,9.643159034
391509,8.26856272
391510,8.840557471
392166,10.11058418
392167,10.37244722
392168,10.28012614
392171,9.634807127
392172,9.421682754
392173,8.579904678
392174,7.687970114
392175,8.618892857
394508,7.275809406
394509,4.761661214
394510,3.312085528
394511,2.059219395
394512,1.398617374
394513,2.343014183
394514,4.08596317
394515,6.235071016
394516,6.127883181
394517,5.263154536
395093,6.505730698
395094,6.006786628
395095,6.459422335
395096,7.213916834
395098,12.43465388
395099,9.062605764
395100,5.397740819
395101,10.42155683
395102,16.29641623
395247,15.15429509
395248,14.7238953
395249,16.02175351
395250,16.37681352
395251,14.99913899
395252,11.29585816
395253,9.205435349
395254,12.89549103
395255,13.15404739
395256,11.61432806
395606,11.66781483
395607,12.95320193
395608,14.44619653
395609,14.6957272
395610,15.52019848
395611,15.6310476
395612,17.36936735
395613,18.38820812
395614,16.17726246
399718,6.75605835
399719,7.566107262
399720,7.67297232
399721,6.503442864
399770,5.676511478
399771,6.480316823
399772,4.987503109
399773,2.536666425
399774,1.692255858
399775,1.27676583
420566,9.182385158
420567,9.541741133
420568,9.848076785
420569,8.605799226
420570,9.306570366
420571,11.29434583
420572,12.10598251
420573,12.00555497
420574,11.49116429
420575,10.71682604
456385,0.3436341415
456455,0.5065268201
456456,1.006984235
456457,0.9883006571
456458,1.435258973
456459,2.843470651
456460,4.258017465
456461,5.177586087
456462,5.847866892
456463,6.084813042
475718,15.03846015
475719,19.14814467
475720,18.49367935
475721,17.49460778
475722,16.76864555
475723,14.544396
475724,13.37540143
475725,14.06390481
475727,15.18178606
475953,4.790193776
475954,7.118499042
475955,6.680353901
475956,3.566941891
475957,0.1123014041
475959,2.607793965
475960,6.82636404
476513,18.69105693
476517,16.80444867
476518,12.17788137
476519,9.096401097
476520,7.224399785
476521,5.307218555
476522,3.220396387
479592,1.416020889
479593,1.904545594
479594,2.514861921
479595,4.035645704
479596,7.034054689
479597,8.140427631
479598,5.71112704
479599,2.283786876
479636,2.300936745
479637,0.2281451358
481940,7.903486425
481941,6.369910608
481942,6.90540438
481943,9.223063642
481944,9.773757325
481945,9.668118861
481946,10.56031452
481948,12.39206588
515979,6.504775777
515980,6.142550441
515981,6.622236262
515982,7.944016689
515983,10.04261737
515986,11.59550747
516488,9.003770759
516489,10.20153756
516490,12.4133975
516492,12.19474484
516493,9.537524906
516494,10.02006506
516495,16.19540504
516496,19.7160556
533535,2.369507006
533536,3.4810503
533537,4.128817717
533538,3.902824075
533539,3.303844264
533540,2.799478321
533541,2.22852336
533542,2.104366575
533543,1.341717487
533544,8.147130319
553978,9.480896312
553979,13.5232355
553980,14.96566519
553981,16.64245476
553982,18.02342287
553983,18.57864801
553984,17.34598103
553985,15.7207582
553986,12.99099445
553987,11.76375995
555143,7.372880819
555144,8.350325761
555145,8.694185468
555146,8.562478726
555147,8.974194496
555148,9.301159898
555149,9.049375357
555150,8.335651059
555151,8.621655831
555152,8.6867594
579882,10.09172852
579883,9.978392885
579884,9.692487768
579885,9.82336536
579886,8.851625018
579887,7.942950251
579888,8.06603617
579889,7.471128545
579890,6.314443346
579891,7.025638327
591166,10.13635764
591167,11.65794526
591168,11.20555579
591169,7.213119657
591170,2.752752268
591171,2.631411878
591172,2.367879864
591173,1.761693165
591174,2.536059017
591175,6.173935176
630944,9.506031611
630945,9.737692592
630946,10.6683401
630947,13.93705318
630950,19.25934472
630951,18.58126033
630952,15.33741978
631174,7.98417285
631175,9.353694633
631176,10.18543616
631177,10.87387815
631178,11.01428231
631179,9.893682282
631180,8.398627224
644661,7.121166542
644662,8.048315285
644663,7.419903296
644664,7.524812388
644665,6.879296507
644666,7.246971043
644667,7.033537222
644668,7.543534461
644669,8.405620698
644670,8.84676066
649846,13.65502069
649847,13.313139
649848,11.79483266
649849,11.395236
649850,10.28428935
649851,9.912870076
649852,11.33153994
649853,11.97551542
649854,9.860868558
649855,5.686493931
658259,13.59443781
658260,10.26501657
658261,9.948189799
658262,11.5626972
658263,14.28674212
658264,12.54713887
658265,9.781569351
658266,8.950549221
661748,6.196245417
661749,6.018635958
661750,5.37677189
661751,5.349159827
661752,7.107801588
661753,9.162909966
661754,9.108675443
661755,7.713218517
661756,6.110231088
661757,5.015558528
669179,7.663696915
669180,6.725484804
669181,6.28210371
669182,5.950153746
669183,6.958355414
669184,9.998232754
669185,11.32678386
669186,10.46005802
669187,10.15737582
669188,9.82702331
670821,8.157836166
670822,7.191887121
670823,8.550680373
670824,9.665676496
670825,10.18942335
670826,8.549469705
670827,5.184103536
670828,3.798606408
670829,4.532405411
670830,6.447757796
679627,7.477047097
679628,7.737168854
679629,6.728921197
679630,6.122137771
679631,5.760574581
679632,5.411415531
679633,4.314497793
679634,4.633953102
679635,4.848099425
679636,2.120603532
685206,4.93338816
685207,6.28814357
685208,8.526393862
685209,7.592820586
685210,5.854629328
685211,5.741087142
685212,7.668488763
685213,6.271416053
685214,4.283345705
685215,3.786747794
702186,5.889263563
702187,5.858577588
702188,4.513101427
702189,4.014195539
702190,3.111745406
702191,3.36533661
702192,4.597610457
702193,5.821973729
702194,5.623922654
705249,8.72352758
705251,12.36595773
705252,13.27685517
705253,12.60188769
705254,9.34798691
705255,5.899938727
705256,2.101539804
705257,1.237530325
705258,1.61130976
709302,14.59112567
709303,15.62913855
709304,12.86543754
709305,10.92625902
709306,10.21344691
709307,12.80197887
709308,12.56906691
709309,15.59566708
709310,14.22146955
709311,14.2243223
709396,13.74925544
709397,17.86529471
709398,17.59418014
709399,16.58051989
709400,16.3716872
709401,16.63082393
709402,17.39476536
709404,17.83074043
709405,16.34772738
709683,1.183073881
709685,0.01124084578
709686,1.363181575
709687,5.478982022
709689,11.0388224
709690,9.521302922
709691,8.751218409
709692,10.41384618
724659,8.185760424
724660,7.520297502
724661,6.859310106
724662,5.469504951
724663,4.14117752
724664,2.628724235
724665,3.097303715
724666,3.986440643
724667,6.479585862
724668,9.148293669
725915,5.99358558
725916,8.169923174
725917,7.646834763
725918,7.006950338
725919,7.918529077
725920,9.131181921
725921,10.35682389
725922,8.466623961
725923,11.46629649
725924,10.35863414
731062,9.794827069
731063,10.40619065
731064,8.962053937
731065,8.4024562
731066,10.85131762
731067,12.17678646
731068,13.57891357
731069,10.40422651
731070,9.073931209
731071,9.677783398
731961,6.742400864
731962,7.808788758
731963,5.836872467
731964,4.450035927
731965,5.486316636
731966,10.03807884
731967,14.50903642
731968,16.30005709
731969,14.03485793
731970,11.82752232
732028,11.11481437
732029,11.48970509
732030,11.76164047
732031,11.00544786
732032,10.61968213
732033,11.51344719
732034,12.6832083
732035,12.85034953
732036,11.21884172
732037,9.183805028
733373,7.568433087
733374,8.680528718
733375,8.673359392
733376,7.438971311
733377,7.000353433
733378,6.129004044
733379,3.919379181
733380,0.8815802599
733381,0.5781569579
733382,0.5387841515
733383,0.8317328556
733384,1.306283283
739402,12.00485487
739403,15.32834291
739404,17.00216953
739405,17.73398982
739406,18.95145305
739407,17.09221225
739408,12.22925728
739409,6.706046577
739410,4.781623241
739411,4.325806364
740991,8.011736208
740992,7.656218857
740993,7.672341868
740994,7.609921626
740995,8.027561065
740996,7.831406081
740997,7.908109171
740998,7.110820757
740999,5.691891379
741000,6.161551175
744006,1.935132092
744007,2.03369177
744008,2.343976735
744009,2.661056192
744010,2.740176149
744011,2.83096019
744012,2.921615406
744013,2.717209108
744014,2.639046938
744015,3.399798063
764864,17.54250156
764865,15.44628419
764866,12.87062849
764867,8.28365238
764868,7.330279991
764869,8.35468964
764870,14.86694538
764871,6.786155891
764872,3.746327105
764873,6.436120091
764928,11.91053966
764929,14.30883688
764930,14.56240135
764932,10.91841268
764933,8.693699213
764934,8.489909027
764935,10.848574
764936,15.84780137
765103,12.49346798
765104,14.31666172
765105,16.55392119
765106,19.90574934
765107,22.56120421
765108,22.79947494
765109,22.96614612
765110,19.70105631
765111,15.83671033
765112,11.76552252
765282,13.73438801
765283,11.1294188
765284,12.00958765
765285,13.63388772
765286,12.59697493
765287,9.205906271
765288,7.001309297
765289,6.227375445
765290,7.327697811
766846,4.201744471
766847,4.038958327
766848,5.10394558
766849,6.02601954
766850,7.056820351
766851,7.896023313
766853,8.868763437
766854,8.879670566
766855,9.788666878
769599,6.972780264
769600,6.715167795
769601,7.561873911
769602,7.159827085
769603,7.185114349
769604,7.495223145
769605,9.508838379
769606,9.077929824
769607,8.31349725
769608,7.346262842
771902,2.885422712
771903,2.53876682
771904,2.065977235
771905,1.529157001
771906,1.02904135
771907,0.2766907575
771908,0.098408105
771909,-0.01124729202
771910,0.01586604478
771911,0.0104972689
772447,3.83449408
772448,4.512193933
772449,7.460842382
772450,11.5435907
772451,11.93500073
772452,7.962037149
772453,3.381007703
772454,0.8818396896
772455,0.9580316226
772456,2.660477365
779965,8.969089134
779966,9.363154184
779967,9.466480596
779968,9.013039694
779969,9.526073942
779970,12.1244551
798299,9.742031777
798300,8.90181696
798301,8.405501068
798302,6.287653624
798303,9.094162161
798304,11.21811391
799591,7.324630181
799592,8.288554846
799593,8.756080892
799594,9.091850859
799595,9.970150245
799596,9.796686246
799597,9.953939652
799598,9.952035433
799599,9.288765459
799600,10.81385292
800096,3.604539975
800097,6.830794025
800098,7.691832197
800099,4.843537423
800100,1.84211924
800101,1.784649327
800102,4.521866947
800103,9.110695957
800104,12.66512928
800105,14.63700177
801332,8.474395261
801333,6.773413095
801334,10.66897934
801335,15.97126124
801336,19.98873691
801337,20.63438837
801338,21.47053636
801339,21.63409403
801340,20.18110064
801341,20.91241119
819082,9.780422901
819083,9.604346207
819084,9.245071511
819085,8.802290536
819086,8.625722691
819087,8.736634073
819088,9.648818848
819089,10.76661678
819090,11.86549413
819091,12.91461615
822423,13.15409585
822424,12.91391516
822425,13.88209864
822426,15.81550873
822427,13.55156454
822428,9.228039269
822429,5.079375347
822430,5.961384965
822431,8.756836652
822432,9.740690622
822433,6.418313416
822434,2.250469774
822435,0.2139368886
822436,0.08025004012
822437,0.5390803212
822438,3.512705689
822563,12.30501909
822564,12.20219958
822565,11.64016126
822566,8.461918159
822567,3.438073549
822568,0.2702949409
822569,3.769696255
822570,6.220118286
822571,8.012525457
822572,8.220297755
822797,3.20188892
822798,1.502129181
822799,0.04916995114
822801,0.4061198536
822802,1.335620165
822803,1.725757846
822804,2.138301315
822805,3.667885838
822806,4.11962374
839265,6.452113209
839266,8.451212033
839267,9.232139448
839268,9.485871153
839269,9.585857261
839270,10.77163312
839271,10.99246825
839272,9.489088777
839273,6.755913203
839274,5.151978677
840071,10.34930592
840111,4.802940016
840112,2.237326646
840113,1.437216178
840114,2.434286348
840115,4.64230908
840116,7.478163253
840117,9.672923097
840118,11.02182923
840119,11.91104055
840120,12.783672
850333,2.52099305
850607,9.898494059
850608,12.09993642
850609,15.05380426
850610,16.86678698
850611,19.17992734
850612,22.16512357
850613,24.89601505
850614,23.20623214
850615,22.99769287
862689,8.592066285
862690,7.611260029
862691,6.632555493
862692,5.29256858
862693,2.244428835
862694,0.05046053757
862695,0.1579657712
862696,2.174760371
862697,7.010116872
866797,9.596755537
866798,5.136922441
866799,4.499800655
866800,3.073895216
866801,0.2179796269
866802,0.05002482752
866803,0.03207415086
866804,0.4531423421
866805,2.607233897
866806,5.469074119
880702,10.64426833
880703,8.824702173
880704,6.995482237
880705,10.00691371
880706,13.51115617
880707,14.22183134
880708,13.37301217
880709,12.12522343
880710,8.435848304
880711,2.748921057
881359,2.573297481
881360,3.348503594
881361,3.61585269
881362,3.713383802
881363,3.865239927
881364,3.768215169
881365,3.86979669
881366,3.956108311
881367,3.326515343
882175,5.876188744
882176,6.054868866
882177,5.530911639
917270,3.889728693
917271,4.271841745
917272,4.311170393
917273,4.328959191
917274,4.401838016
917275,4.635860875
917276,5.066656842
917277,5.551061608
917278,5.956887937
917279,6.257512886
922410,4.52546292
922411,2.702229055
922412,1.136200706
922413,1.225765059
922414,3.284764685
922415,5.01308213
922416,4.702391937
922417,2.892980333
922418,2.696771494
922419,3.105130982
948095,0.8149097934
948096,1.549104865
948097,1.534026086
948098,1.575398838
948099,2.117061932
948100,3.510707674
948101,6.082318711
948102,8.352234673
948103,10.63750689
948104,10.46897875
959062,12.66511868
959063,12.83975999
959064,10.54102598
959065,8.321779939
959066,7.886005109
959067,7.54435153
959068,8.060368254
959069,8.805127478
959070,7.288979321
959071,6.361185494
982711,10.39906468
982712,8.77207675
982713,9.758339767
982714,11.63202592
982715,5.47482735
982716,13.09007095
982717,13.90679363
982718,11.15839681
982719,9.57603571
982720,10.96768979
1007284,4.461879793
1007285,5.612402281
1007286,4.791844567
1007287,3.147822946
1007288,3.034436184
1007289,4.149166987
1007290,5.247074811
1007291,7.400194852
1007292,7.84434072
1007293,7.277239671
1016433,6.745923473
1016434,5.233391902
1016435,4.737413932
1016436,4.817412409
1016437,6.256614774
1016438,7.089918843
1016439,7.012536515
1016440,6.290197604
1016441,7.95859667
1016442,9.932097207
1039295,3.702292755
1039296,3.775647888
1039297,3.81888581
1039298,4.911424699
1039299,8.996075538
1039300,11.17456199
1039302,4.437414561
1039303,10.00449331
1039304,13.61240285
1040048,11.88583691
1040049,12.24252381
1040050,12.22372889
1040051,12.37150407
1040052,11.67429956
1040053,6.654234526
1040054,1.646513898
1040055,0.538307677
1040056,4.80544836
1040057,9.470058308
1040058,11.23947533
1040059,11.23492926
1040060,11.00090399
1042493,8.771360087
1042494,4.809430924
1042495,1.602612563
1042496,0.07016471914
1042497,1.34944091
1042498,1.255724403
1042499,2.949820615
1042500,5.535063147
1042501,7.482881301
1042502,9.016134005
1044005,2.696642546
1044006,3.06441048
1044007,3.616653961
1044008,3.818078065
1044009,3.506838056
1044010,3.280154971
1044011,3.364403955
1044012,3.009700803
1044013,2.353080303
1044014,1.960347962
1064205,8.159110532
1064206,9.262830942
1064207,10.06654961
1064208,10.2814894
1064209,9.303180879
1064210,9.504353907
1064211,9.277906609
1064212,6.585669826
1064213,3.788123597
1064214,3.711633397
1065014,13.81206714
1065015,13.38459025
1065016,12.66128092
1065017,12.39380637
1065018,13.11822736
1065019,13.15486314
1065020,13.11183096
1065021,11.65469323
1065022,10.61730473
1065023,11.28947444
1066044,10.83629225
1066045,10.46467346
1066046,11.05520755
1066047,10.897502
1066048,10.59136413
1066049,10.69899007
1066050,11.38657918
1066051,11.45007918
1066052,11.29174502
1066053,11.06300987
1084311,11.2726385
1084312,10.39765426
1084313,8.981709589
1084314,5.661406835
1084315,2.468739898
1084316,0.04417914912
1084318,0.1348022452
1084319,0.5594473572
1089012,9.793811674
1089013,6.713921671
1089014,7.759168707
1089015,11.64622578
1089016,17.7404336
1089017,18.72131647
1089018,18.64086611
1089019,16.97824739
1089020,15.09028192
1089021,15.74977274
1116031,10.73136464
1116032,8.342536604
1116033,5.959126581
1116034,4.02621242
1116035,0.7779717809
1116036,2.18674306
1116037,4.548331363
1116038,6.13908747
1116039,6.367634072
1117248,7.35326139
1117249,8.450053306
1117250,7.848850867
1117251,6.277130346
1117252,5.20706732
1117253,8.971446465
1117254,12.91376415
1117255,15.25639956
1117256,16.36042337
1117257,16.22596518
1117304,12.95998766
1117305,11.65159718
1117306,11.13330956
1117312,12.02832911
1117313,10.05560905
1117607,7.357066407
1117608,8.062925673
1117611,9.063148395
1117612,10.37656234
1117613,11.82316435
1117615,12.11663967
1117616,11.54715496
1120892,9.832175539
1120893,9.382620525
1120894,9.465096043
1120895,9.66931476
1120896,11.12588368
1120899,9.191901054
1120900,8.514809782
1120901,7.268538391
1120902,7.078276029
1120903,7.704375907
1122970,10.73717002
1122971,7.798721137
1122972,8.010493957
1122973,8.685429775
1122974,7.737073344
1122975,7.810747535
1122976,8.05563472
1135178,10.93681243
1135180,8.487852729
1135181,8.193957421
1135182,9.489039618
1135183,10.06607434
1135184,9.045913267
1135185,8.031585953
1135186,8.457999644
1135188,6.730566526
1135189,6.01758753
1135190,6.151682342
1135191,6.180092513
1135192,6.62796894
1135194,4.483126372
1135195,3.417446873
1135196,3.281184093
1135319,1.388811689
1135320,2.488531876
1135322,6.269030624
1135323,6.183864992
1135324,3.664952242
1135325,1.907411991
1135326,1.644087248
1135327,2.703434217
1135328,5.915929256
1135329,6.954420372
1135330,7.108550196
1135620,8.373493697
1135621,9.584492342
1135623,10.28619438
1135624,9.110721932
1135625,7.911842211
1135626,7.770658945
1135627,8.017436991
1135628,8.779597827
1135629,8.279204854
1136781,9.441201324
1136782,9.699092949
1136783,11.06013585
1136784,11.70812062
1136785,10.15957323
1136786,8.573470588
1136787,9.203378295
1136788,9.06385014
1136789,9.218537758
1136790,8.713142978
1136871,6.183402691
1136872,6.985883655
1136873,8.124362524
1136874,10.07738445
1136875,10.20338231
1136876,8.931866861
1136877,6.826299032
1136878,6.598025814
1136879,12.30837528
1136880,12.02559786
1136894,9.279511697
1136895,8.870645977
1136896,9.927817859
1136897,10.15831112
1136898,10.88674913
1136899,10.88042808
1136903,9.392099308
1144304,7.366849593
1144305,9.173134807
1144306,11.27354217
1144307,12.85777666
1144308,13.56946029
1144309,13.54811004
1144310,12.69231379
1144311,12.94516873
1144312,12.42105818
1144313,12.34025899
1144342,14.81658518
1144343,14.4187394
1144344,14.89596194
1144345,15.86768603
1144346,15.4924227
1144347,14.40597365
1144348,13.22137948
1144349,12.07837021
1144350,11.50730393
1144351,11.32930571
1158943,8.161656119
1158944,6.192580203
1158945,6.868283772
1158946,6.486182295
1158947,6.04099436
1158948,5.972020828
1158949,6.575261481
1158950,7.715449048
1158951,7.743665607
1158952,8.048394799
1164998,11.79931763
1164999,7.343633141
1165623,3.660363127
1165624,8.099021582
1165625,6.399929297
1165626,5.723776892
1165627,6.360857498
1165628,7.65689135
1165631,4.348965145
1165632,3.802832589
1180002,18.9089329
1180003,18.99424315
1180004,16.17888652
1180005,11.22028857
1180006,3.35310345
1180007,4.751774802
1180008,11.76134173
1180010,21.85690227
1180011,23.64050964
1184972,1.343013152
1184973,0.7139861041
1184974,5.839368789
1184975,5.670185229
1184976,3.914519809
1184978,2.396861663
1184979,1.632142088
1184980,1.856065876
1184981,1.925175456
1189317,5.489432324
1189318,7.223874662
1189319,8.400758406
1189320,8.750209296
1189321,7.380696604
1189322,6.967455234
1189323,8.892869751
1189324,8.493571446
1189325,8.413275834
1189326,6.497890032
1189799,9.201646371
1189800,10.23715172
1189801,12.51239417
1189802,13.20474536
1189803,12.89861958
1189804,11.1122794
1189805,10.25592021
1189806,9.621284602
1189807,9.23075351
1189808,8.03039219
1194324,14.37661126
1194325,15.07537106
1194326,14.08760774
1194327,14.16809535
1194328,14.17257556
1194329,15.23892296
1194330,16.9861816
1194331,17.1580722
1194332,16.51334217
1194333,16.33546123
1201998,6.781670954
1201999,5.296988273
1202000,7.066655929
1202001,7.991069383
1202002,5.720780761
1202003,3.749092178
1202004,4.001937431
1202005,4.411811273
1202006,5.348150306
1202007,7.226741752
1205753,8.369381149
1205754,6.07048325
1205755,6.695031735
1205756,8.754881276
1205757,8.855807106
1205758,7.856152845
1205759,7.248024731
1205760,7.162331763
1205761,6.69395162
1205762,6.033149109
1214564,13.10304963
1214565,7.909146587
1214566,6.155551829
1214567,7.163631652
1214568,8.708372491
1214569,9.288747862
1214570,11.25860455
1214571,12.47280996
1214572,12.69907552
1214573,13.84562841
1214642,12.36095256
1214643,11.87228823
1214644,11.73926171
1214645,11.22397435
1214646,11.25393595
1214647,10.42293035
1214648,8.261141221
1214649,6.188914712
1214650,5.262711916
1214651,5.747464321
1214753,-0.02354372453
1214754,0.1644115034
1214755,0.1227880752
1214756,-0.002415007264
1218761,14.62367087
1218762,9.684554488
1218763,5.707062157
1218764,6.850391853
1218765,12.57428626
1218766,15.99651913
1218767,19.1890683
1218768,19.42925784
1218769,20.62980111
1222026,0.02144274966
1222027,0.03824143423
1222028,0.7964893936
1222029,1.668468789
1222030,2.211092307
1222031,1.382599015
1222032,0.5456941898
1222033,-0.0883681515
1225052,11.40654787
1225053,9.717660397
1225054,7.538312379
1225055,6.222161178
1225056,6.225014185
1225057,5.374113517
1230508,2.774999104
1230509,3.42424712
1230510,3.692712991
1230511,3.76739163
1230512,5.310548308
1230513,7.186439982
1230514,7.887440624
1232254,15.81287534
1232255,12.85531806
1232256,8.273527344
1232257,4.843978419
1232258,2.936809203
1232259,8.762367742
1232260,14.22890484
1232261,16.72204883
1232262,12.56249231
1232263,13.42691902
1232318,9.979360236
1232319,10.91092739
1232320,12.93917876
1232321,14.16920063
1232323,13.03907156
1232324,14.53709995
1232325,14.32851671
1232326,15.35002864
1232327,14.15586867
1232447,6.792704563
1232448,7.110448366
1232449,6.53112497
1232450,5.17166961
1232451,12.33056946
1232452,19.84857234
1232453,20.64036983
1232454,20.06292755
1232455,19.52239877
1232456,16.93456781
1233021,1.645304766
1233022,1.157912796
1233023,0.7730593513
1233024,0.4481620993
1233025,0.1445377631
1233026,0.161000624
1233027,0.1925730192
1233028,1.10385758
1233029,3.077953233
1233030,3.920619391
1248487,2.097655126
1248488,0.7885986907
1248489,1.748896599
1248490,3.832004604
1248491,6.234184726
1248492,8.442153359
1248493,10.91504562
1248494,13.50688627
1248806,7.274942624
1248807,8.09457674
1248808,6.787712117
1248809,6.016202707
1248810,5.159008753
1248811,5.024241597
1248812,3.913938065
1248813,3.002294608
1248814,3.762409829
1248815,8.445423631
1249487,15.33776611
1249488,15.72318854
1249489,15.31508561
1249490,14.94413654
1249491,14.95244059
1249492,15.46735361
1249493,15.59638517
1249494,17.77876418
1249495,16.46708731
1249496,14.66415557
1258382,12.01821199
1258383,13.79575177
1260601,15.71366307
1260603,14.46991779
1260604,13.76638063
1260605,13.12372323
1260606,12.83488935
1260607,12.76052987
1260608,12.35861241
1260609,11.42788571
1260610,10.52583799
1264092,9.874830364
1264093,9.597831906
1264094,10.08057819
1264095,10.18809726
1264096,10.20823094
1264097,10.34032412
1264098,10.45035441
1264099,11.16027917
1264100,12.89861242
1264101,13.2669662
1264238,0.7489727099
1264239,3.011319709
1264240,5.618635577
1264241,9.13649633
1264242,10.74068854
1264243,11.98474987
1264244,11.91296722
1264245,12.77164514
1264246,13.57551762
1264247,13.93968195
1299544,16.19072343
1299545,15.17438808
1299546,11.16271698
1299547,9.275845457
1299548,9.084648519
1299549,11.68299424
1299550,11.93754673
1299551,13.84051774
1299552,15.50944527
1317371,6.396830538
1317372,5.292333487
1317373,4.935404967
1317374,6.459356184
1317375,4.886091144
1317376,5.210407295
1317377,5.014809421
1317378,4.919162967
1317380,7.425293495
1318355,5.688213842
1318356,3.357765573
1318357,1.612338318
1318358,0.3618836175
1318359,0.1326638337
1318360,1.485623527
1318361,2.568688851
1318362,3.333429707
1318363,3.84056637
1318364,5.134592969
1333981,12.25218737
1333982,12.17948263
1333983,12.2061044
1333984,12.17338424
1333985,12.98218028
1333986,9.503435047
1333987,4.276317264
1333988,2.385384876
1333989,6.222189187
1333990,13.66153998
1343066,11.44861786
1343067,11.31702152
1343068,10.71853358
1343069,10.2229905
1343070,9.881141999
1343071,9.397853515
1343072,8.229343741
1343073,6.244672112
1343074,4.064101483
1343075,7.153342866
1358908,6.923774134
1358909,6.643048177
1358910,6.4092613
1358911,5.872267997
1358912,7.411498565
1358913,8.478120757
1358914,8.337947666
1358915,7.883835017
1358916,7.165414243
1358917,7.19170812
1359536,1.790741215
1359537,2.788510231
1359538,3.155758856
1359539,3.6571424
1359540,3.329546043
1359541,3.768989856
1359542,4.956618585
1359543,6.694708535
1359544,8.266518192
1359545,9.669144391
1360791,4.221550563
1360792,2.187475086
1360793,2.34793587
1360794,4.451488071
1360795,6.950977391
1360796,10.15972172
1360797,11.18420666
1360798,10.17410543
1360799,8.322807518
1360800,8.509646962
1386419,6.755116258
1386420,8.167042789
1386421,9.203725336
1386422,8.572186342
1386423,6.603508338
1386424,6.054228089
1386425,7.527559598
1386426,8.960994644
1386428,8.0843926
1407326,3.108949355
1407327,3.188830413
1407328,2.145906073
1407329,1.275031364
1407330,1.244192621
1407331,1.817492788
1407332,2.64526841
1407333,3.79323453
1407334,4.526970514
1407335,4.667088679
1438843,10.09049523
1438844,9.810471703
1438845,9.649270366
1438846,10.33499207
1438847,10.50161536
1438848,9.709558484
1438849,7.813044319
1438850,5.177561002
1444858,2.055032789
1444859,0.8128695668
1444862,0.3698733238
1444866,0.2824760199
1444867,0.009314038015
1445182,2.685582673
1445183,5.408841829
1445184,8.110714
1445185,5.963801953
1445186,2.777625606
1445187,5.183131472
1445188,10.56848467
1445189,14.51347914
1445190,13.38201207
1445191,9.961375798
1445908,5.161994181
1445909,6.63101754
1445910,6.72305935
1445911,7.307335096
1445913,8.236276594
1445914,8.549181012
1445915,7.591113723
1445916,7.918970366
1445917,5.93489654
1447016,7.139767131
1447017,7.397224154
1447019,7.288406058
1447020,6.0016785
1447021,3.367739409
1447022,3.375725822
1447023,2.494737893
1447024,1.124336088
1447025,0.7816381174
1447059,3.82897012
1447060,3.399656996
1447061,0.5978065996
1447062,3.135335277
1447063,5.442146394
1447064,5.90292386
1447065,3.99137141
1447066,3.345001047
1447067,4.055874581
1447068,3.587792192
1448370,8.07808731
1448371,6.665879489
1448372,4.885065718
1448373,4.70973025
1448374,4.876018816
1448375,5.701565206
1448376,8.989341686
1448377,7.135555679
1448378,5.509069586
1448379,5.131823944
1461172,9.798498078
1461173,10.35598365
1461174,9.498239491
1461175,8.564952335
1461176,8.734449132
1461177,8.290333231
1461178,7.877062018
1461179,6.049766322
1461180,5.592533917
1461181,4.47012798
1478788,10.00362698
1478789,9.72112852
1478790,9.071488235
1478791,8.661399862
1478792,9.238974458
1478793,10.36622173
1478794,11.51160947
1478795,11.73511136
1478796,10.45573071
1478797,7.949727874
1487963,13.21269826
1487964,13.13727113
1487965,13.76804964
1487966,14.09676322
1487967,13.41896759
1487968,13.61507178
1487969,14.46710047
1487970,15.90936187
1487971,16.78020192
1487972,17.62324069
1488012,14.95234512
1488013,16.09304605
1488014,16.90494159
1488015,15.24774212
1488016,15.53894944
1488017,14.82832519
1488018,14.58744868
1488019,15.25708693
1488020,13.75046545
1488021,13.51487738
1490450,0.6914489028
1490451,1.253578354
1490452,2.304264845
1490453,4.61124054
1490454,9.869136275
1490455,10.42229682
1490456,11.22709119
1490457,11.61253376
1490458,10.57278263
1490459,11.33421066
1497879,8.614816552
1497880,9.414931899
1497881,9.390453646
1497884,8.399834654
1497885,9.222835265
1497886,10.06823977
1497888,11.21590495
1499223,12.19623056
1499224,9.429909187
1499225,9.023402153
1499226,9.581170053
1499227,9.007782051
1499228,8.773240731
1499229,8.676895893
1499230,6.699099675
1499231,7.863035698
1499232,7.87370532
1499262,8.015741694
1499263,8.790950662
1499264,9.308078374
1499265,9.353797006
1499266,8.870881024
1499267,7.761412945
1499268,4.242476784
1499269,2.170702277
1499270,0.2773664539
1499271,5.052195752
1499361,12.99001951
1499362,13.02183695
1499363,11.63724336
1499364,11.12375479
1499365,9.645915094
1499366,12.17096797
1499367,13.01831722
1499368,13.21912808
1499369,12.37706742
1499370,11.68042969
1501400,12.36475214
1501401,11.67200415
1501402,9.499469027
1501403,8.453535287
1501408,8.734875869
1501409,6.421386629
1512799,8.394320828
1512800,8.17647889
1512801,7.698901591
1512802,7.867547101
1512803,7.745312998
1512804,7.526788084
1512805,7.698869163
1512806,8.604866475
1512807,10.06655647
1512808,10.89058279
1537677,3.788426017
1537678,3.602820226
1537679,2.078814051
1537680,0.627868562
1537681,0.5752188197
1537682,2.334102213
1537683,2.953076897
1537684,3.82410178
1537685,3.920206563
1537686,3.988385122
1557327,1.396873514
1557328,2.995578605
1557329,2.706382313
1557330,1.344582586
1557331,2.451448119
1558198,2.310117556
1558199,1.773541546
1558200,2.474268594
1558201,1.601032037
1558202,0.9302643252
1565112,8.913422194
1565113,15.19713392
1565114,17.85906111
1565115,17.88323369
1565116,17.44644854
1565117,17.94198718
1565118,18.72092102
1565119,20.12693123
1565120,18.7559842
1565734,10.29681555
1565736,8.438307305
1565737,5.946935044
1565738,7.430373328
1565739,10.97888872
1565740,10.03986416
1565741,6.063610774
1565742,2.006228457
1565743,11.66848868
1569799,10.01386933
1569801,11.4369188
1569802,10.7708766
1569803,7.610512281
1569804,4.54107636
1569805,2.621910004
1569806,-9.14183791e-05
1569807,2.299698093
1569808,6.998733119
1575517,10.21674334
1575518,8.966444663
1575519,7.787393344
1575520,6.880535792
1575521,7.77723058
1575522,8.189268965
1575523,7.253625721
1575524,6.842475837
1575525,8.203492445
1575526,9.697469086
1576923,9.642054773
1576924,7.708358206
1576925,7.177956867
1576926,7.374806783
1576927,6.906263026
1576928,6.878857799
1576929,7.247856653
1576930,7.750197527
1576931,8.307921705
1576932,9.769996078
1606391,6.464312057
1606392,3.532873609
1606393,0.005383189306
1606394,0.0205191656
1606395,0.0229847931
1606396,0.04920428224
1606397,0.9490223571
1606660,8.500474171
1606662,11.70674748
1606663,10.87219451
1606664,7.112065732
1606665,5.860191722
1606666,10.06697208
1606668,14.02580901
1606669,13.27533542
1606760,8.087130994
1606761,11.14904364
1606762,12.72288143
1606763,12.85241372
1606764,10.06492955
1606765,5.107232213
1606766,1.609083111
1606767,1.361940847
1606768,0.9741522523
1606769,0.436671345
1606855,4.757646167
1606856,2.155533838
1606857,0.474117829
1606858,0.172655673
1606859,0.01523320538
1608238,9.815447732
1608239,9.648086217
1608240,7.047310999
1608241,2.932249014
1608242,0.1244884482
1608244,0.569165632
1608245,3.666933645
1608246,7.760379281
1608247,10.86918459
1608397,6.856336945
1608398,8.402339329
1608399,9.739584642
1608400,10.16954859
1608404,11.27485172
1608405,10.40889951
1608406,9.671193148
1608599,10.0355078
1608600,10.88213178
1608601,10.98987442
1608602,10.30359858
1608603,9.364977895
1608604,8.73753337
1608605,7.414957377
1618058,12.69354256
1618059,11.53328165
1618060,9.06155567
1618061,6.003986078
1618062,4.558389752
1618063,5.939941795
1618064,7.616879362
1618065,7.403903969
1618066,6.468859668
1618067,4.726160434
