airp_id,arm,run_id,stratum,holdout,scale_n,focal_length,flying_height,relief_coarse,bearing,ref_ok,ref_agl,ref_area,ref_elev,ref_sd,ref_range,ref_grad,ref_n,nominal_area
38998,anisotropic,s6_2,scale_fine/relief_q2,FALSE,10000,305,3962,101.5,269.66,TRUE,3168,5637962,794.003,59.51,230.32,0.0862652,125,5225796
130022,anisotropic,s2_6,scale_coarse/relief_q2,FALSE,40000,153,7333,138.71,268.91,TRUE,6450.96,92900542,881.702,151.882,600.37,0.0180291,2078,83612736
160466,anisotropic,s1_10,scale_coarse/relief_q1,FALSE,40000,153,7622,57.5,264.09,TRUE,5786.85,74757448,1835.113,50.171,349.47,0.00638295,1717,83612736
170883,anisotropic,s5_6,scale_fine/relief_q1,FALSE,10000,305,3353,26.6,275.61,TRUE,3083.31,5340581,269.685,11.388,37.05,0.0124723,120,5225796
215166,anisotropic,s1_1,scale_coarse/relief_q1,FALSE,40000,153,6661,8.38,84.69,TRUE,6219.19,86344963,441.812,13.13,95.32,0.00360613,1888,83612736
216938,anisotropic,s4_10,scale_coarse/relief_q4,FALSE,40000,153,8720,280.31,84.72,TRUE,6721.12,100844683,1998.879,392.423,1839.06,0.0688248,2282,83612736
248413,anisotropic,s2_3,scale_coarse/relief_q2,FALSE,40000,153,7927,70.96,87.35,TRUE,6551.73,95825615,1375.214,84.859,415.07,0.0181142,2165,83612736
338907,anisotropic,s1_4,scale_coarse/relief_q1,FALSE,60000,153,10175,67.03,267.87,TRUE,9272.14,191924315,902.853,111.892,560.45,0.0227575,4339,188128656
498562,anisotropic,s7_1,scale_fine/relief_q3,FALSE,15000,305,6248,199.4,265.2,TRUE,5304.62,15807461,943.375,115.577,641.85,0.0908777,363,11758041
501678,anisotropic,s7_4,scale_fine/relief_q3,FALSE,15000,305,6248,216.73,265.81,TRUE,5129.3,14779815,1117.078,113.945,447.62,0.0982354,333,11758041
561817,anisotropic,s7_7,scale_fine/relief_q3,FALSE,15000,305,5791,221.5,172.12,TRUE,4280.09,10291041,1511.442,66.677,298.71,0.038425,236,11758041
581653,anisotropic,s6_5,scale_fine/relief_q2,FALSE,15000,305,5913,109.75,88.48,TRUE,4647.03,12131189,1266.032,80.318,332.74,0.0631113,272,11758041
583735,anisotropic,s5_9,scale_fine/relief_q1,FALSE,15000,305,5944,65.71,86.88,TRUE,5075.31,14470338,868.686,8.094,43.23,0.00477136,328,11758041
632406,anisotropic,s4_4,scale_coarse/relief_q4,FALSE,40000,153,9144,352.02,86.09,TRUE,7852.55,137654843,1288.824,464.911,2174.86,0.0712673,3166,83612736
768661,anisotropic,s3_5,scale_coarse/relief_q3,FALSE,32000,153,6096,178.24,176.54,TRUE,5309.94,62943129,786.063,194.911,878.18,0.0431488,1450,53512151
781945,anisotropic,s12_8,scale_mid/relief_q4,FALSE,16000,305,6096,237.03,85.78,TRUE,4387.08,10811942,1708.921,298.959,1224.89,0.281864,247,13378038
805476,anisotropic,s9_8,scale_mid/relief_q1,FALSE,20000,305,7010,35.85,88.78,TRUE,6230.49,21807096,779.505,33.923,156.19,0.0193444,483,20903184
822892,anisotropic,s3_8,scale_coarse/relief_q3,FALSE,60000,153,10363,220.34,269.45,TRUE,9732.69,211463693,629.96,339.138,1656.41,0.0264728,4881,188128656
856861,anisotropic,s8_9,scale_fine/relief_q4,FALSE,15000,305,6096,270.29,82.98,TRUE,4646.81,12130044,1449.191,72.99,319.8,0.0585396,279,11758041
909480,anisotropic,s5_3,scale_fine/relief_q1,FALSE,15000,305,5334,29.62,87.79,TRUE,4380.31,10778593,953.692,84.306,292.91,0.0803138,237,11758041
999257,anisotropic,s6_8,scale_fine/relief_q2,FALSE,10000,305,4115,74.15,88.3,TRUE,2923.66,4801837,1191.337,20.411,94.98,0.0265977,108,5225796
1115580,anisotropic,s9_5,scale_mid/relief_q1,FALSE,20000,305,6553,33.63,94.17,TRUE,6503.67,23761286,49.329,45.143,196.68,0.0230291,541,20903184
1154997,anisotropic,s8_3,scale_fine/relief_q4,FALSE,10000,305,1981,261.02,247.32,FALSE,NA,5225796,395.525,171.477,640.43,0.0262961,113,5225796
1155474,anisotropic,s7_10,scale_fine/relief_q3,FALSE,10000,153,2134,192.43,60.91,TRUE,1270.31,3602400,867.761,165.683,576.23,0.156335,80,5225796
1246635,anisotropic,s12_2,scale_mid/relief_q4,FALSE,15840,305,6096,275.26,85.55,TRUE,4610.5,11941214,1485.85,94.5,498.63,0.0869731,275,13111815
1251265,anisotropic,s2_9,scale_coarse/relief_q2,FALSE,32000,153,6096,126.43,177.13,TRUE,5130.65,58764461,965.363,151.554,670.86,0.0553897,1320,53512151
1257727,anisotropic,s1_7,scale_coarse/relief_q1,FALSE,32000,153,5486,16.68,264.51,TRUE,4780.23,51011329,705.773,19.801,112.78,0.00369051,1124,53512151
1259460,anisotropic,s10_7,scale_mid/relief_q2,FALSE,15840,153,3962,90.99,326.56,TRUE,2663.81,15840788,1298.149,108.11,395.16,0.00691698,367,13111815
1293467,anisotropic,s8_6,scale_fine/relief_q4,FALSE,15000,153,2743,318.98,38.27,TRUE,2348.17,12309187,394.828,260.136,952.89,0.228227,274,11758041
1321928,anisotropic,s10_4,scale_mid/relief_q2,FALSE,16000,305,6096,73.42,NA,TRUE,4479.13,11270429,1616.868,36.667,147.53,0.00932415,256,13378038
1327835,anisotropic,s11_3,scale_mid/relief_q3,FALSE,16000,305,6400,144.17,269.49,TRUE,4980.07,13932309,1419.933,212.662,702.36,0.152767,308,13378038
1379732,anisotropic,s4_7,scale_coarse/relief_q4,FALSE,31680,153,5486,269.58,353.71,TRUE,4876.58,53088481,609.548,307.018,1041.94,0.0696871,1214,52447259
1432239,anisotropic,s10_1,scale_mid/relief_q2,FALSE,16000,305,5791,102.53,85.89,TRUE,4848.1,13203695,942.902,48.037,195.62,0.0107661,295,13378038
1487031,anisotropic,s11_6,scale_mid/relief_q3,FALSE,16000,305,5852,163.08,91.56,TRUE,4326.29,10514368,1524.454,188.866,700.48,0.15272,235,13378038
1490135,anisotropic,s4_1,scale_coarse/relief_q4,FALSE,32000,153,5791,345.5,101.91,TRUE,5449.38,66292408,339.076,368.767,1465.86,0.0127851,1480,53512151
1500056,anisotropic,s3_2,scale_coarse/relief_q3,FALSE,31680,153,6096,206.69,85.86,TRUE,4942.72,54538342,1153.278,290.226,1354.84,0.0691201,1208,52447259
1574186,anisotropic,s10_10,scale_mid/relief_q2,FALSE,20000,305,7468,99.78,268.54,TRUE,6319.04,22431317,1148.962,71.079,336.53,0.0418424,497,20903184
1580410,anisotropic,s12_5,scale_mid/relief_q4,FALSE,20000,305,8839,373.41,263.4,TRUE,7037.47,27821822,1799.199,431.418,1861.79,0.183299,634,20903184
1583013,anisotropic,s11_9,scale_mid/relief_q3,FALSE,20000,305,7468,172.94,270.89,TRUE,6402.54,23028043,1065.12,87.887,356.04,0.0559957,512,20903184
1603183,anisotropic,s9_2,scale_mid/relief_q1,FALSE,20000,153,4267,58.76,271.05,TRUE,3308.74,24439623,958.114,63.98,284.3,0.034033,544,20903184
38998,coarse,s6_2,scale_fine/relief_q2,FALSE,10000,305,3962,101.5,269.66,TRUE,3154.04,5588411,807.956,56.467,148.8,NA,6,5225796
130022,coarse,s2_6,scale_coarse/relief_q2,FALSE,40000,153,7333,138.71,268.91,TRUE,6453.29,92967758,879.707,147.423,508.8,0.0202637,105,83612736
160466,coarse,s1_10,scale_coarse/relief_q1,FALSE,40000,153,7622,57.5,264.09,TRUE,5786.24,74741629,1836.389,47.911,211.46,0.00640175,90,83612736
170883,coarse,s5_6,scale_fine/relief_q1,FALSE,10000,305,3353,26.6,275.61,TRUE,3085.31,5347499,267.689,7.611,20.55,NA,6,5225796
215166,coarse,s1_1,scale_coarse/relief_q1,FALSE,40000,153,6661,8.38,84.69,TRUE,6218.59,86328447,442.406,10.712,60.63,0.00322369,101,83612736
216938,coarse,s4_10,scale_coarse/relief_q4,FALSE,40000,153,8720,280.31,84.72,TRUE,6718.52,100766594,2001.482,372.223,1549.08,0.0685076,123,83612736
248413,coarse,s2_3,scale_coarse/relief_q2,FALSE,40000,153,7927,70.96,87.35,TRUE,6550.9,95801434,1376.096,82.795,342.91,0.0184701,114,83612736
338907,coarse,s1_4,scale_coarse/relief_q1,FALSE,60000,153,10175,67.03,267.87,TRUE,9272.13,191923855,902.866,110.065,508.47,0.0227296,232,188128656
498562,coarse,s7_1,scale_fine/relief_q3,FALSE,15000,305,6248,199.4,265.2,TRUE,5305.68,15813732,942.323,118.04,511.02,0.0927373,20,11758041
501678,coarse,s7_4,scale_fine/relief_q3,FALSE,15000,305,6248,216.73,265.81,TRUE,5115.65,14701260,1132.349,108.883,384.43,0.0932854,18,11758041
561817,coarse,s7_7,scale_fine/relief_q3,FALSE,15000,305,5791,221.5,172.12,TRUE,4279.44,10287901,1511.559,70.901,233.62,0.0386246,13,11758041
581653,coarse,s6_5,scale_fine/relief_q2,FALSE,15000,305,5913,109.75,88.48,TRUE,4645.29,12122095,1267.714,77.628,247.41,0.0639807,15,11758041
583735,coarse,s5_9,scale_fine/relief_q1,FALSE,15000,305,5944,65.71,86.88,TRUE,5076.91,14479464,867.085,7.348,28.55,0.00543595,17,11758041
632406,coarse,s4_4,scale_coarse/relief_q4,FALSE,40000,153,9144,352.02,86.09,TRUE,7851.83,137629416,1285.83,444.776,1857.96,0.070311,169,83612736
768661,coarse,s3_5,scale_coarse/relief_q3,FALSE,32000,153,6096,178.24,176.54,TRUE,5307.43,62883774,788.567,181.702,717.86,0.0401745,77,53512151
781945,coarse,s12_8,scale_mid/relief_q4,FALSE,16000,305,6096,237.03,85.78,TRUE,4389.83,10825516,1706.168,249.643,663.04,0.261987,13,13378038
805476,coarse,s9_8,scale_mid/relief_q1,FALSE,20000,305,7010,35.85,88.78,TRUE,6231.25,21812406,778.747,31.165,105.52,0.0186268,25,20903184
822892,coarse,s3_8,scale_coarse/relief_q3,FALSE,60000,153,10363,220.34,269.45,TRUE,9730.33,211361035,630.403,319.451,1251.51,0.0260126,260,188128656
856861,coarse,s8_9,scale_fine/relief_q4,FALSE,15000,305,6096,270.29,82.98,TRUE,4640.59,12097615,1455.407,68.974,250.72,0.0610242,14,11758041
909480,coarse,s5_3,scale_fine/relief_q1,FALSE,15000,305,5334,29.62,87.79,TRUE,4394.82,10850149,939.176,81.148,220.45,0.0757433,13,11758041
999257,coarse,s6_8,scale_fine/relief_q2,FALSE,10000,305,4115,74.15,88.3,TRUE,2919.35,4787685,1195.649,21.556,54.31,NA,6,5225796
1115580,coarse,s9_5,scale_mid/relief_q1,FALSE,20000,305,6553,33.63,94.17,TRUE,6504.29,23765815,48.709,42.81,138.43,0.0230878,29,20903184
1154997,coarse,s8_3,scale_fine/relief_q4,FALSE,10000,305,1981,261.02,247.32,FALSE,NA,5225796,421.221,163.923,402.16,0.0533419,9,5225796
1155474,coarse,s7_10,scale_fine/relief_q3,FALSE,10000,153,2134,192.43,60.91,TRUE,1273.55,3620756,892.934,162.438,465.76,NA,7,5225796
1246635,coarse,s12_2,scale_mid/relief_q4,FALSE,15840,305,6096,275.26,85.55,TRUE,4604.36,11909414,1491.645,85.754,301.83,0.0803976,14,13111815
1251265,coarse,s2_9,scale_coarse/relief_q2,FALSE,32000,153,6096,126.43,177.13,TRUE,5134.13,58844130,961.871,148.331,589.32,0.054431,72,53512151
1257727,coarse,s1_7,scale_coarse/relief_q1,FALSE,32000,153,5486,16.68,264.51,TRUE,4780.1,51008614,705.9,19.626,97.41,0.00440876,60,53512151
1259460,coarse,s10_7,scale_mid/relief_q2,FALSE,15840,153,3962,90.99,326.56,TRUE,2656.21,15750548,1305.786,106.408,344.96,0.03084,21,13111815
1293467,coarse,s8_6,scale_fine/relief_q4,FALSE,15000,153,2743,318.98,38.27,TRUE,2336.24,12184457,376.256,242.426,680.71,0.21866,14,11758041
1321928,coarse,s10_4,scale_mid/relief_q2,FALSE,16000,305,6096,73.42,NA,TRUE,4486.05,11305266,1609.951,35.178,115.66,0.010776,13,13378038
1327835,coarse,s11_3,scale_mid/relief_q3,FALSE,16000,305,6400,144.17,269.49,TRUE,4982.65,13946761,1417.351,210.932,574.36,0.130477,18,13378038
1379732,coarse,s4_7,scale_coarse/relief_q4,FALSE,31680,153,5486,269.58,353.71,TRUE,4873.15,53013865,612.848,304.633,967.32,0.0783453,65,52447259
1432239,coarse,s10_1,scale_mid/relief_q2,FALSE,16000,305,5791,102.53,85.89,TRUE,4849.69,13212396,941.305,41.455,139.4,0.0100408,17,13378038
1487031,coarse,s11_6,scale_mid/relief_q3,FALSE,16000,305,5852,163.08,91.56,TRUE,4298.54,10379955,1553.456,191.944,562.64,0.162068,12,13378038
1490135,coarse,s4_1,scale_coarse/relief_q4,FALSE,32000,153,5791,345.5,101.91,TRUE,5440.98,66088103,336.235,349.895,1173.41,0.00781169,79,53512151
1500056,coarse,s3_2,scale_coarse/relief_q3,FALSE,31680,153,6096,206.69,85.86,TRUE,4933.87,54343091,1162.134,273.274,1109.6,0.0657235,65,52447259
1574186,coarse,s10_10,scale_mid/relief_q2,FALSE,20000,305,7468,99.78,268.54,TRUE,6319.61,22435392,1152.055,72.57,277.78,0.0444295,27,20903184
1580410,coarse,s12_5,scale_mid/relief_q4,FALSE,20000,305,8839,373.41,263.4,TRUE,7032.54,27782869,1806.461,409.097,1562.68,0.174011,36,20903184
1583013,coarse,s11_9,scale_mid/relief_q3,FALSE,20000,305,7468,172.94,270.89,TRUE,6400.69,23014779,1067.307,85.383,272.19,0.0547656,27,20903184
1603183,coarse,s9_2,scale_mid/relief_q1,FALSE,20000,153,4267,58.76,271.05,TRUE,3309.52,24451152,957.481,64.686,237.93,0.0361442,30,20903184
38998,geographic,s6_2,scale_fine/relief_q2,FALSE,10000,305,3962,101.5,269.66,TRUE,3167.01,5634458,794.985,59.87,253.12,5439.43,3633,5225796
130022,geographic,s2_6,scale_coarse/relief_q2,FALSE,40000,153,7333,138.71,268.91,TRUE,6451.11,92904826,881.833,152.576,625.62,1674.29,62580,83612736
160466,geographic,s1_10,scale_coarse/relief_q1,FALSE,40000,153,7622,57.5,264.09,TRUE,5786.94,74759660,1835.09,50.674,392,609.337,58581,83612736
170883,geographic,s5_6,scale_fine/relief_q1,FALSE,10000,305,3353,26.6,275.61,TRUE,3083.87,5342489,269.134,12.018,44.24,1362.8,3135,5225796
215166,geographic,s1_1,scale_coarse/relief_q1,FALSE,40000,153,6661,8.38,84.69,TRUE,6219.17,86344502,441.828,13.504,108.69,311.665,50572,83612736
216938,geographic,s4_10,scale_coarse/relief_q4,FALSE,40000,153,8720,280.31,84.72,TRUE,6721.25,100848682,1998.73,394.121,1886.65,5505.12,74483,83612736
248413,geographic,s2_3,scale_coarse/relief_q2,FALSE,40000,153,7927,70.96,87.35,TRUE,6551.71,95824981,1375.2,85.51,432.21,1292.46,67877,83612736
338907,geographic,s1_4,scale_coarse/relief_q1,FALSE,60000,153,10175,67.03,267.87,TRUE,9272.18,191925798,902.814,112.349,584.7,2441.58,138483,188128656
498562,geographic,s7_1,scale_fine/relief_q3,FALSE,15000,305,6248,199.4,265.2,TRUE,5304.41,15806163,943.561,117.078,679.71,8778.78,11988,11758041
501678,geographic,s7_4,scale_fine/relief_q3,FALSE,15000,305,6248,216.73,265.81,TRUE,5129.95,14783535,1118.048,114.672,469.13,7161.27,11085,11758041
561817,geographic,s7_7,scale_fine/relief_q3,FALSE,15000,305,5791,221.5,172.12,TRUE,4279.69,10289078,1511.412,68.166,318.47,2777.15,8120,11758041
581653,geographic,s6_5,scale_fine/relief_q2,FALSE,15000,305,5913,109.75,88.48,TRUE,4646.3,12127391,1266.699,81.248,353.61,4632.8,8449,11758041
583735,geographic,s5_9,scale_fine/relief_q1,FALSE,15000,305,5944,65.71,86.88,TRUE,5075.32,14470350,868.683,8.719,54.92,520.499,10346,11758041
632406,geographic,s4_4,scale_coarse/relief_q4,FALSE,40000,153,9144,352.02,86.09,TRUE,7852.24,137643899,1288.961,467.409,2290.69,7309.17,105912,83612736
768661,geographic,s3_5,scale_coarse/relief_q3,FALSE,32000,153,6096,178.24,176.54,TRUE,5310.62,62959286,785.389,196.682,940.28,3621.53,49278,53512151
781945,geographic,s12_8,scale_mid/relief_q4,FALSE,16000,305,6096,237.03,85.78,TRUE,4385.75,10805375,1710.503,301.013,1296.67,31035.1,8240,13378038
805476,geographic,s9_8,scale_mid/relief_q1,FALSE,20000,305,7010,35.85,88.78,TRUE,6230.37,21806246,779.626,34.809,168.38,1693.68,15058,20903184
822892,geographic,s3_8,scale_coarse/relief_q3,FALSE,60000,153,10363,220.34,269.45,TRUE,9733.02,211477781,629.907,341.617,1724.66,1929.8,161349,188128656
856861,geographic,s8_9,scale_fine/relief_q4,FALSE,15000,305,6096,270.29,82.98,TRUE,4646.36,12127684,1449.643,73.307,358.35,4699.63,9551,11758041
909480,geographic,s5_3,scale_fine/relief_q1,FALSE,15000,305,5334,29.62,87.79,TRUE,4380.78,10780910,953.279,85.541,316.55,6197.23,6845,11758041
999257,geographic,s6_8,scale_fine/relief_q2,FALSE,10000,305,4115,74.15,88.3,TRUE,2923.15,4800151,1191.85,20.591,124.44,1738.12,3256,5225796
1115580,geographic,s9_5,scale_mid/relief_q1,FALSE,20000,305,6553,33.63,94.17,TRUE,6503.92,23763113,49.087,46.189,225.08,2509.82,17207,20903184
1154997,geographic,s8_3,scale_fine/relief_q4,FALSE,10000,305,1981,261.02,247.32,FALSE,NA,5225796,391.111,170.986,688.55,1331.47,2923,5225796
1155474,geographic,s7_10,scale_fine/relief_q3,FALSE,10000,153,2134,192.43,60.91,TRUE,1269.98,3600481,868.566,164.781,628.35,11738.7,2849,5225796
1246635,geographic,s12_2,scale_mid/relief_q4,FALSE,15840,305,6096,275.26,85.55,TRUE,4609.02,11933574,1486.974,95.978,585.49,8128.59,9355,13111815
1251265,geographic,s2_9,scale_coarse/relief_q2,FALSE,32000,153,6096,126.43,177.13,TRUE,5130.87,58769555,965.125,151.975,718.04,3693.49,41028,53512151
1257727,geographic,s1_7,scale_coarse/relief_q1,FALSE,32000,153,5486,16.68,264.51,TRUE,4780.23,51011316,705.777,20.207,122.38,291.149,32210,53512151
1259460,geographic,s10_7,scale_mid/relief_q2,FALSE,15840,153,3962,90.99,326.56,TRUE,2662.94,15830392,1298.271,108.319,413.16,422.934,13001,13111815
1293467,geographic,s8_6,scale_fine/relief_q4,FALSE,15000,153,2743,318.98,38.27,TRUE,2348.93,12317110,393.84,261.11,979.51,19973.6,7992,11758041
1321928,geographic,s10_4,scale_mid/relief_q2,FALSE,16000,305,6096,73.42,NA,TRUE,4479.1,11270262,1616.875,37.266,163.64,970.27,8248,13378038
1327835,geographic,s11_3,scale_mid/relief_q3,FALSE,16000,305,6400,144.17,269.49,TRUE,4979.66,13930021,1420.384,214.342,726.97,12128.1,8704,13378038
1379732,geographic,s4_7,scale_coarse/relief_q4,FALSE,31680,153,5486,269.58,353.71,TRUE,4877.22,53102344,608.643,306.818,1053.7,6123.46,40694,52447259
1432239,geographic,s10_1,scale_mid/relief_q2,FALSE,16000,305,5791,102.53,85.89,TRUE,4847.88,13202517,943.124,49.411,227.62,1006.22,9239,13378038
1487031,geographic,s11_6,scale_mid/relief_q3,FALSE,16000,305,5852,163.08,91.56,TRUE,4327.7,10521243,1525.248,192.165,807.13,10315,7073,13378038
1490135,geographic,s4_1,scale_coarse/relief_q4,FALSE,32000,153,5791,345.5,101.91,TRUE,5448.77,66277468,339.208,369.798,1519.16,1150.3,43241,53512151
1500056,geographic,s3_2,scale_coarse/relief_q3,FALSE,31680,153,6096,206.69,85.86,TRUE,4942.94,54543197,1153.057,292.762,1413.84,7504.26,35105,52447259
1574186,geographic,s10_10,scale_mid/relief_q2,FALSE,20000,305,7468,99.78,268.54,TRUE,6318.98,22430916,1149.108,72.046,370.47,3745.14,14654,20903184
1580410,geographic,s12_5,scale_mid/relief_q4,FALSE,20000,305,8839,373.41,263.4,TRUE,7039.21,27835595,1799.257,433.593,1957.1,13942.2,21697,20903184
1583013,geographic,s11_9,scale_mid/relief_q3,FALSE,20000,305,7468,172.94,270.89,TRUE,6402.52,23027938,1065.424,88.663,394.64,5645.97,14789,20903184
1603183,geographic,s9_2,scale_mid/relief_q1,FALSE,20000,153,4267,58.76,271.05,TRUE,3308.84,24441139,958.196,64.674,302.36,3531.1,16267,20903184
38998,native,s6_2,scale_fine/relief_q2,FALSE,10000,305,3962,101.5,269.66,TRUE,3167.41,5635880,794.586,59.792,254.83,0.0868221,6023,5225796
95765,native,s6_10,scale_fine/relief_q2,TRUE,15000,305,5639,74.48,88.32,TRUE,4371.66,10736051,1267.429,70.16,337.91,0.0386259,11553,11758041
113084,native,s2_5,scale_coarse/relief_q2,TRUE,70000,153,11582,106.85,82.05,TRUE,10363.96,239784261,1218.073,181.098,1133.72,0.0247811,265928,256064004
130022,native,s2_6,scale_coarse/relief_q2,FALSE,40000,153,7333,138.71,268.91,TRUE,6451.24,92908586,881.659,152.512,629.88,0.0181687,99849,83612736
139315,native,s11_10,scale_mid/relief_q3,FALSE,20000,305,8555,202.96,85.82,TRUE,7391.19,30688881,1161.474,219.448,875.44,0.0102847,32962,20903184
148903,native,s8_10,scale_fine/relief_q4,FALSE,15000,305,6096,362.12,84.87,TRUE,4589.24,11831333,1506.754,188.842,718.1,0.186413,12938,11758041
160466,native,s1_10,scale_coarse/relief_q1,FALSE,40000,153,7622,57.5,264.09,TRUE,5786.95,74759958,1835.11,50.612,393.04,0.00637307,82430,83612736
160482,native,s3_7,scale_coarse/relief_q3,TRUE,40000,153,7628,161.5,264.55,TRUE,6464.67,93295787,1163.26,201.793,971.94,0.0574223,102865,83612736
161079,native,s1_9,scale_coarse/relief_q1,TRUE,40000,153,6604,27.14,275.39,TRUE,6556.63,95968926,47.345,133.215,771.34,0.0274706,103529,83612736
170883,native,s5_6,scale_fine/relief_q1,FALSE,10000,305,3353,26.6,275.61,TRUE,3083.84,5342389,269.163,12.094,46.91,0.0126266,5621,5225796
180980,native,s5_5,scale_fine/relief_q1,TRUE,15000,305,5791,17.69,267.02,TRUE,5137.89,14829365,653.109,8.212,50.41,0.00705289,15608,11758041
186630,native,s6_4,scale_fine/relief_q2,TRUE,15000,305,5791,70.26,NA,TRUE,5140.62,14845117,650.372,64.321,358.18,0.0364179,15668,11758041
215166,native,s1_1,scale_coarse/relief_q1,FALSE,40000,153,6661,8.38,84.69,TRUE,6219.17,86344442,441.831,13.542,109.18,0.00360495,90692,83612736
216938,native,s4_10,scale_coarse/relief_q4,FALSE,40000,153,8720,280.31,84.72,TRUE,6721.33,100850892,1998.665,394.152,1891.63,0.0688501,109514,83612736
218567,native,s1_2,scale_coarse/relief_q1,FALSE,40000,153,6746,17.84,88.38,TRUE,6280.75,88062901,465.247,16.201,87.36,0.00571427,92596,83612736
220401,native,s1_6,scale_coarse/relief_q1,TRUE,40000,153,6733,64.19,269.23,TRUE,6326.58,89352609,406.422,60.942,354.88,0.0180489,93897,83612736
225851,native,s8_5,scale_fine/relief_q4,TRUE,15000,305,6248,434.81,268.58,TRUE,5518.25,17106262,729.771,304.383,1289.31,0.196753,18784,11758041
243992,native,s5_1,scale_fine/relief_q1,FALSE,10000,305,4268,39.97,268.2,TRUE,3252.85,5944019,1015.133,47.089,207.6,0.036798,6356,5225796
248413,native,s2_3,scale_coarse/relief_q2,FALSE,40000,153,7927,70.96,87.35,TRUE,6551.69,95824547,1375.229,85.526,433.34,0.0181398,103894,83612736
260176,native,s5_4,scale_fine/relief_q1,FALSE,15000,305,5334,16.01,265.93,TRUE,4662.79,12213648,671.203,11.94,68.55,0.00489025,12912,11758041
271750,native,s8_8,scale_fine/relief_q4,TRUE,10000,305,4572,295.3,261.71,TRUE,3844.07,8301104,723.389,207.081,879.72,0.0668213,9153,5225796
316261,native,s7_5,scale_fine/relief_q3,FALSE,10000,305,4312,204.41,164.23,TRUE,4082.46,9362625,229.535,62.421,277.35,0.0512064,10037,5225796
328636,native,s1_3,scale_coarse/relief_q1,TRUE,60000,153,10238,39.61,89.9,TRUE,9393.63,196986444,844.372,64.102,312.45,0.00819667,209041,188128656
338907,native,s1_4,scale_coarse/relief_q1,FALSE,60000,153,10175,67.03,267.87,TRUE,9272.14,191924307,902.852,112.339,585.83,0.0227595,208288,188128656
341580,native,s7_2,scale_fine/relief_q3,FALSE,15000,305,6370,186.27,88.35,TRUE,5407.36,16425678,962.553,54.329,244.78,0.0269391,17461,11758041
343402,native,s8_4,scale_fine/relief_q4,FALSE,15000,305,6407,264.05,269.58,TRUE,4776.07,12814273,1630.899,171.232,902.92,0.0995212,13587,11758041
382156,native,s11_8,scale_mid/relief_q3,TRUE,30000,153,6248,153.26,NA,TRUE,4976.52,55286802,1271.473,123.274,468.6,0.0549362,60739,47032164
396992,native,s5_7,scale_fine/relief_q1,FALSE,15000,305,6401,57.27,265.28,TRUE,5216.77,15288172,1184.136,79.735,333.16,0.0253626,16389,11758041
405413,native,s3_9,scale_coarse/relief_q3,FALSE,35000,153,7315,159.8,83.43,TRUE,5605.4,70142766,1709.258,182.202,1045.94,0.0315032,77792,64016001
405431,native,s2_7,scale_coarse/relief_q2,FALSE,35000,153,7315,121.71,188.68,TRUE,5471.74,66837543,1843.191,206.855,1033.24,0.0425669,74127,64016001
456111,native,s2_8,scale_coarse/relief_q2,TRUE,35000,153,6424,116.64,265.58,TRUE,5036.87,56635855,1387.164,120.466,756.77,0.0279897,61758,64016001
460391,native,s8_2,scale_fine/relief_q4,TRUE,10000,305,4724,266.03,179.5,TRUE,3139.05,5535415,1584.835,120.369,699.6,0.129903,5871,5225796
498562,native,s7_1,scale_fine/relief_q3,FALSE,15000,305,6248,199.4,265.2,TRUE,5304.54,15806983,943.446,117.244,681.8,0.0912713,17342,11758041
501678,native,s7_4,scale_fine/relief_q3,FALSE,15000,305,6248,216.73,265.81,TRUE,5130.24,14785249,1117.563,114.669,471.15,0.09785,16170,11758041
561817,native,s7_7,scale_fine/relief_q3,FALSE,15000,305,5791,221.5,172.12,TRUE,4279.68,10289067,1511.448,68.087,318.98,0.0383521,11382,11758041
581653,native,s6_5,scale_fine/relief_q2,FALSE,15000,305,5913,109.75,88.48,TRUE,4646.46,12128210,1266.527,81.278,355.57,0.063242,13108,11758041
581747,native,s5_10,scale_fine/relief_q1,FALSE,15000,305,5913,33.56,265.61,TRUE,5085.04,14525837,828.017,50.507,194.1,0.042515,15691,11758041
583735,native,s5_9,scale_fine/relief_q1,FALSE,15000,305,5944,65.71,86.88,TRUE,5075.29,14470198,868.71,8.764,55.6,0.00474688,15689,11758041
632406,native,s4_4,scale_coarse/relief_q4,FALSE,40000,153,9144,352.02,86.09,TRUE,7852.41,137649793,1288.903,467.399,2295.14,0.0711502,151984,83612736
633591,native,s2_10,scale_coarse/relief_q2,FALSE,35000,153,7926,102.79,268.77,TRUE,6714.24,100638171,1211.814,148.972,862.97,0.0279579,106196,64016001
639647,native,s1_8,scale_coarse/relief_q1,FALSE,35000,153,7921,41.75,NA,TRUE,6648.36,98672929,1272.563,49.5,328.3,0.0110853,107598,64016001
654481,native,s4_8,scale_coarse/relief_q4,FALSE,35000,153,6702,370.99,85.97,TRUE,6107.94,83283613,591.188,425.309,1760.08,0.116997,92202,64016001
657887,native,s7_8,scale_fine/relief_q3,FALSE,15000,305,5374,159.83,89.32,TRUE,4776.27,12815357,597.425,185.533,860.98,0.122572,14128,11758041
670615,native,s11_7,scale_mid/relief_q3,FALSE,30000,153,5944,227.84,NA,TRUE,5090.61,57850895,853.011,238.853,782.74,0.0845992,63706,47032164
674886,native,s12_1,scale_mid/relief_q4,TRUE,30000,153,6858,340.62,82.23,TRUE,5832.68,75946050,1018.507,375.716,1451.13,0.0919615,83901,47032164
764203,native,s10_3,scale_mid/relief_q2,TRUE,16000,305,5944,81.25,265.42,TRUE,4607.93,11927893,1336.08,37.854,182.74,0.0272571,12965,13378038
768661,native,s3_5,scale_coarse/relief_q3,FALSE,32000,153,6096,178.24,176.54,TRUE,5310.57,62958223,785.421,196.733,940.58,0.0434988,69526,53512151
779553,native,s3_6,scale_coarse/relief_q3,FALSE,40000,153,7315,174.41,171.76,TRUE,6217.05,86285710,1097.932,236.351,1078,0.0527225,94644,83612736
781945,native,s12_8,scale_mid/relief_q4,FALSE,16000,305,6096,237.03,85.78,TRUE,4386.25,10807862,1709.978,301.765,1296.18,0.281603,11907,13378038
789991,native,s10_5,scale_mid/relief_q2,FALSE,20000,305,7010,97.71,90.96,TRUE,5947.02,19867849,1062.984,34.245,201.66,0.0215487,21279,20903184
793105,native,s4_5,scale_coarse/relief_q4,FALSE,40000,153,8077,296.36,266.8,TRUE,6690.29,99921679,1386.721,349.125,1389.08,0.0911695,107311,83612736
793133,native,s3_4,scale_coarse/relief_q3,TRUE,40000,153,8077,147.61,NA,TRUE,7324.67,119769513,752.031,162.836,792.87,0.0406714,128589,83612736
805476,native,s9_8,scale_mid/relief_q1,FALSE,20000,305,7010,35.85,88.78,TRUE,6230.38,21806306,779.617,34.808,168.77,0.0190903,23463,20903184
819716,native,s11_5,scale_mid/relief_q3,TRUE,20000,153,3780,217.1,359.68,TRUE,3001.19,20107376,778.845,120.569,583.66,0.0740215,22259,20903184
822383,native,s3_1,scale_coarse/relief_q3,TRUE,60000,153,10363,203.18,89.6,TRUE,9625.5,206831326,737.489,341.474,1685.71,0.0191417,228849,188128656
822819,native,s2_4,scale_coarse/relief_q2,FALSE,60000,153,9449,109.43,NA,TRUE,9337.14,194624292,111.798,162.347,1086.01,0.0257131,216047,188128656
822892,native,s3_8,scale_coarse/relief_q3,FALSE,60000,153,10363,220.34,269.45,TRUE,9732.78,211467448,629.976,341.689,1727.21,0.0265265,234288,188128656
856861,native,s8_9,scale_fine/relief_q4,FALSE,15000,305,6096,270.29,82.98,TRUE,4646.41,12127951,1449.581,73.274,359.93,0.0584064,13410,11758041
876934,native,s6_7,scale_fine/relief_q2,TRUE,15000,305,6248,77.32,267.18,TRUE,4749.52,12672186,1498.49,46.141,207.36,0.0167451,13847,11758041
889063,native,s7_6,scale_fine/relief_q3,TRUE,10000,305,3871,172.56,254.15,TRUE,3004.74,5071853,866.254,53.081,232.47,0.0724509,5448,5225796
909480,native,s5_3,scale_fine/relief_q1,FALSE,15000,305,5334,29.62,87.79,TRUE,4380.44,10779263,953.618,85.508,317.64,0.0797191,11433,11758041
913363,native,s5_2,scale_fine/relief_q1,TRUE,15000,305,5486,63.17,265.42,TRUE,4461.21,11180419,1024.788,56.978,269.54,0.0406283,11935,11758041
932053,native,s6_9,scale_fine/relief_q2,FALSE,10000,305,3962,113.37,343.76,TRUE,2761.89,4285134,1200.152,55.162,303.59,0.0819477,4573,5225796
950222,native,s6_3,scale_fine/relief_q2,FALSE,10000,305,4420,84.99,85.19,TRUE,3374.61,6397357,1045.358,31.809,156.4,0.019164,6993,5225796
978009,native,s7_3,scale_fine/relief_q3,TRUE,15000,305,6401,153.63,NA,TRUE,5356.32,16117074,1044.614,133.057,557.83,0.0737198,17838,11758041
989692,native,s5_8,scale_fine/relief_q1,TRUE,10000,305,3810,60.32,265.59,TRUE,3000.21,5056555,809.795,17.522,87.4,0.0179111,5451,5225796
999257,native,s6_8,scale_fine/relief_q2,FALSE,10000,305,4115,74.15,88.3,TRUE,2923.22,4800374,1191.785,20.74,126.77,0.0264904,5167,5225796
1060091,native,s7_9,scale_fine/relief_q3,TRUE,15000,305,5791,199.78,275.96,TRUE,4282.28,10301543,1508.701,125.557,574.49,0.129415,11374,11758041
1115580,native,s9_5,scale_mid/relief_q1,FALSE,20000,305,6553,33.63,94.17,TRUE,6503.9,23762935,49.096,46.269,230.12,0.0229462,26037,20903184
1126204,native,s9_6,scale_mid/relief_q1,FALSE,16000,305,5593,53.58,85.4,TRUE,4871.28,13330289,721.717,48.654,264.91,0.0245109,14026,13378038
1151033,native,s10_2,scale_mid/relief_q2,FALSE,25000,305,8230,99.64,174.84,TRUE,7379.91,30595330,850.138,99.739,373.68,0.0487426,32254,32661225
1151751,native,s6_1,scale_fine/relief_q2,TRUE,10000,305,3658,125.08,355.61,TRUE,2792.68,4381232,865.591,86.181,409.71,0.040067,4855,5225796
1153933,native,s9_3,scale_mid/relief_q1,FALSE,20000,305,6401,27.79,92.41,TRUE,6354.43,22683277,46.572,28.725,183.51,0.00680622,24654,20903184
1154997,native,s8_3,scale_fine/relief_q4,FALSE,10000,305,1981,261.02,247.32,FALSE,NA,5225796,391.708,170.859,684.56,0.014947,5505,5225796
1155474,native,s7_10,scale_fine/relief_q3,FALSE,10000,153,2134,192.43,60.91,TRUE,1269.65,3598640,868.579,164.853,623.8,0.147304,3989,5225796
1174545,native,s4_6,scale_coarse/relief_q4,TRUE,40000,153,8382,391.85,84.36,TRUE,7228.96,116659692,1148.365,483.334,1836.2,0.103548,129093,83612736
1192583,native,s6_6,scale_fine/relief_q2,FALSE,10000,153,2103,120.45,22.83,TRUE,1424.25,4528372,679.532,111.486,392.51,0.117364,4958,5225796
1233842,native,s9_7,scale_mid/relief_q1,TRUE,15840,305,5639,21.68,358.23,TRUE,5249.69,15481769,389.307,14.739,63.93,0.0103109,16304,13111815
1241853,native,s12_4,scale_mid/relief_q4,TRUE,15840,305,6096,272.16,132.21,TRUE,5014.74,14126970,1081.285,112.841,568.74,0.0984104,15412,13111815
1243708,native,s12_9,scale_mid/relief_q4,FALSE,15840,305,6096,242.21,132.63,TRUE,5229.64,15363747,866.011,209.99,810.56,0.124068,16721,13111815
1246635,native,s12_2,scale_mid/relief_q4,FALSE,15840,305,6096,275.26,85.55,TRUE,4609.32,11935134,1486.676,95.958,590.41,0.0874142,13216,13111815
1251265,native,s2_9,scale_coarse/relief_q2,FALSE,32000,153,6096,126.43,177.13,TRUE,5130.93,58770819,965.006,151.851,722.14,0.0554312,63379,53512151
1257727,native,s1_7,scale_coarse/relief_q1,FALSE,32000,153,5486,16.68,264.51,TRUE,4780.24,51011660,705.765,20.176,123.43,0.00365224,53943,53512151
1259460,native,s10_7,scale_mid/relief_q2,FALSE,15840,153,3962,90.99,326.56,TRUE,2662.91,15830114,1298.369,108.423,414.09,0.00433324,17587,13111815
1293467,native,s8_6,scale_fine/relief_q4,FALSE,15000,153,2743,318.98,38.27,TRUE,2349.21,12320111,393.57,260.914,984.38,0.228505,13194,11758041
1313521,native,s10_8,scale_mid/relief_q2,FALSE,20000,305,6096,120.96,262.4,TRUE,4995.57,14019205,1100.462,60.443,309.32,0.0391217,15323,20903184
1321928,native,s10_4,scale_mid/relief_q2,FALSE,16000,305,6096,73.42,NA,TRUE,4479.1,11270290,1616.912,37.306,164.62,0.0089406,12293,13378038
1327334,native,s11_1,scale_mid/relief_q3,FALSE,16000,305,6400,225.05,270.46,TRUE,5355.87,16114353,1043.828,271.884,1045.25,0.228775,17133,13378038
1327835,native,s11_3,scale_mid/relief_q3,FALSE,16000,305,6400,144.17,269.49,TRUE,4980.4,13934200,1419.599,214.009,728.42,0.154085,14806,13378038
1369080,native,s8_7,scale_fine/relief_q4,FALSE,15000,305,6096,396.72,267.42,TRUE,4655.07,12173200,1440.844,399.93,1577.18,0.352171,13396,11758041
1376589,native,s9_4,scale_mid/relief_q1,TRUE,16000,305,5638,31.46,88.79,TRUE,4851.22,13220732,786.774,22.854,103.3,0.0181741,14138,13378038
1378107,native,s2_2,scale_coarse/relief_q2,TRUE,40000,153,6705,97.02,178.04,TRUE,5861.9,76709032,843.268,129.873,743.25,0.0286066,81663,83612736
1379732,native,s4_7,scale_coarse/relief_q4,FALSE,31680,153,5486,269.58,353.71,TRUE,4877.26,53103276,608.578,306.793,1054.77,0.0691252,58233,52447259
1386481,native,s11_4,scale_mid/relief_q3,FALSE,16000,305,6096,183.54,270.39,TRUE,4726.15,12547798,1370.251,159.762,874.22,0.0212766,13308,13378038
1414818,native,s2_1,scale_coarse/relief_q2,FALSE,31680,153,6096,129.44,178.4,TRUE,4983.86,55449859,1112.109,127.926,602.6,0.0539096,59678,52447259
1416423,native,s3_10,scale_coarse/relief_q3,TRUE,40000,153,7010,215.51,0.23,TRUE,5966.07,79459714,1043.93,279.904,1008.76,0.071116,83934,83612736
1432239,native,s10_1,scale_mid/relief_q2,FALSE,16000,305,5791,102.53,85.89,TRUE,4847.78,13201975,943.218,49.433,228.81,0.0112279,14228,13378038
1443171,native,s3_3,scale_coarse/relief_q3,FALSE,31680,153,5791,155.41,357.14,TRUE,4658.37,48443743,1132.664,120.106,784.87,0.0339021,53077,52447259
1453752,native,s9_9,scale_mid/relief_q1,FALSE,16000,305,6096,66.04,268.64,TRUE,4858.24,13258982,1237.763,24.158,115.72,0.0195779,14444,13378038
1463397,native,s12_10,scale_mid/relief_q4,TRUE,15840,305,6096,280.82,85.79,TRUE,4497.88,11364981,1598.991,171.832,819.65,0.111113,12380,13111815
1465472,native,s1_5,scale_coarse/relief_q1,FALSE,31680,153,5547,56.77,177.75,TRUE,4677.01,48832203,869.989,63.74,261.95,0.022676,52055,52447259
1470676,native,s4_3,scale_coarse/relief_q4,TRUE,31860,153,6096,230.15,3.36,TRUE,4909.33,53803845,1186.594,422.504,1684.88,0.0762116,57156,53044944
1487031,native,s11_6,scale_mid/relief_q3,FALSE,16000,305,5852,163.08,91.56,TRUE,4328.24,10523869,1524.657,191.827,814.77,0.153185,11325,13378038
1490135,native,s4_1,scale_coarse/relief_q4,FALSE,32000,153,5791,345.5,101.91,TRUE,5448.73,66276647,339.227,369.922,1526.14,0.0123701,71096,53512151
1500056,native,s3_2,scale_coarse/relief_q3,FALSE,31680,153,6096,206.69,85.86,TRUE,4942.8,54540151,1153.18,292.901,1417.16,0.0690177,58012,52447259
1500204,native,s4_9,scale_coarse/relief_q4,TRUE,31680,153,4877,275.7,236.82,TRUE,4538.24,45977318,338.687,358.031,1285.55,0.145154,50935,52447259
1501174,native,s4_2,scale_coarse/relief_q4,FALSE,31680,153,6096,236.17,115.6,TRUE,4788.89,51196429,1308.134,299.378,1624.88,0.0194733,56504,52447259
1525744,native,s12_3,scale_mid/relief_q4,FALSE,20000,305,8230,380.23,265.16,TRUE,6925,26939660,1304.939,331.023,1347.34,0.210255,29355,20903184
1552406,native,s12_6,scale_mid/relief_q4,FALSE,30000,153,7165,239.43,262.39,TRUE,5038.25,56666873,2125.656,367.092,1401.09,0.112847,62191,47032164
1567493,native,s8_1,scale_fine/relief_q4,FALSE,15000,305,6129,281.99,167.37,TRUE,4922.88,13614194,1204.704,376.111,1510.6,0.279353,15008,11758041
1574186,native,s10_10,scale_mid/relief_q2,FALSE,20000,305,7468,99.78,268.54,TRUE,6319.07,22431511,1148.928,71.767,375.56,0.0418234,23953,20903184
1578157,native,s9_10,scale_mid/relief_q1,TRUE,20000,305,7315,21.34,269.44,TRUE,6181.97,21468756,1133.028,10.695,59.43,0.00654268,23295,20903184
1580410,native,s12_5,scale_mid/relief_q4,FALSE,20000,305,8839,373.41,263.4,TRUE,7038.84,27832704,1799.311,433.851,1962.47,0.183178,30528,20903184
1583013,native,s11_9,scale_mid/relief_q3,FALSE,20000,305,7468,172.94,270.89,TRUE,6402.6,23028517,1065.37,88.819,396.92,0.0560214,24574,20903184
1583734,native,s12_7,scale_mid/relief_q4,TRUE,20000,305,7620,237.67,90.75,TRUE,6937.31,27035574,682.689,192.008,759.43,0.12395,28907,20903184
1593328,native,s11_2,scale_mid/relief_q3,TRUE,20000,153,3987,159.69,85.19,TRUE,3296.51,24259295,690.215,164.217,667.6,0.0854043,26706,20903184
1603183,native,s9_2,scale_mid/relief_q1,FALSE,20000,153,4267,58.76,271.05,TRUE,3308.74,24439682,958.205,64.645,302.96,0.0338704,26250,20903184
1616204,native,s9_1,scale_mid/relief_q1,TRUE,20000,153,3120,37.84,94.85,TRUE,3008.08,20199896,111.919,15.867,94.82,0.00978321,21702,20903184
1617383,native,s10_9,scale_mid/relief_q2,TRUE,20000,153,3463,117.18,95.59,TRUE,3342.13,24935336,120.19,131.515,622.76,0.00484159,26866,20903184
1630868,native,s10_6,scale_mid/relief_q2,TRUE,30000,153,6126,106.66,NA,TRUE,5244.04,61390453,881.774,100.113,696.43,0.0219134,67967,47032164
