airp_id,cy,vri_share,unknown_share,c_now,c_then,r,replaced_share
11376,2013,1,0,18.04257084,15.50423693,0.8593141778,0
43011,2018,1,0,28.22010546,25.63620936,0.9084377589,0
97701,2018,1,0,15.62655297,10.81627773,0.6921729797,0.2102152896
98435,2013,1,0,24.06521028,19.81735688,0.8234857147,0
98469,2013,1,0,21.71379151,17.65303882,0.8129873961,0
100716,2018,1,0.0674393108,25.47761278,19.62978503,0.770471912,0
100814,2018,1,0,30.63787345,24.76434186,0.8082917994,0
100825,2018,1,0,24.69387225,19.43438817,0.7870125826,0.1626910408
100914,2018,1,0.008453458831,22.44581572,17.52487716,0.7807636565,0.01623165375
102116,2018,1,0,23.61320572,19.73664608,0.8358308617,0.2490911453
102164,2018,1,0,25.52598797,17.0037712,0.6661356742,0
108499,2018,1,0,6.452916984,4.997534513,0.7744613056,0
113552,2018,1,0,25.01178256,20.66112208,0.826055561,0.02666223456
113563,2018,1,0,20.25052783,16.65560825,0.8224777342,0.1139730329
113630,2013,1,0,21.35373882,17.12309572,0.8018781097,0
126186,2013,1,0,21.74135066,17.96446615,0.8262810547,0
126408,2018,1,0,24.21321923,17.38795537,0.7181182811,0
150081,2018,1,0,18.00376556,13.7543802,0.7639724118,0
150429,2018,1,0,24.00928317,18.23087499,0.7593260848,0
150777,2018,1,0,8.056908108,5.453657125,0.6768920599,0
168575,2018,1,0,20.10531871,15.85606736,0.7886503859,0
222313,2018,1,0,16.68531433,11.2676762,0.6753050003,0
229470,2018,1,0,16.53034619,10.52279604,0.6365744503,0.2054131611
229533,2013,1,0,27.56306603,19.05513296,0.6913284952,0
229881,2013,1,0,11.99353032,8.442680219,0.7039362049,0.008789402065
249713,2013,1,0,9.525236696,7.120636686,0.7475548286,0
294717,2018,1,0,23.26664269,13.35849996,0.5741481546,0.1695365769
294802,2018,1,0,15.67906867,8.090687345,0.5160183629,0.08645406316
294851,2018,1,0,20.44720427,13.47012728,0.6587759922,0.09144524498
318305,2013,1,0,13.36986689,7.640927221,0.5715036119,0.01323125177
350254,2018,1,0,9.084477644,4.275370795,0.4706237345,0
530692,2018,1,0,21.83112719,14.89699831,0.6823742163,0
530984,2018,1,0,24.50656689,16.28810429,0.664642435,0.01413376022
534655,2018,1,0.5277990029,25.71763751,17.2319017,0.6700421719,0.1247857718
534661,2018,1,0.08054302605,22.19042835,12.23074017,0.5511718827,0.07605769077
559699,2013,1,0,16.78957173,12.56565006,0.7484199274,0.2453180681
559780,2018,1,0,17.43370463,11.73442037,0.6730881716,0
565725,2018,1,0.02083991502,23.20645461,14.8044442,0.6379451084,0.1005219236
565766,2018,1,0.03868016501,25.76564623,15.91328741,0.6176164677,0.2004245631
588345,2013,1,0.3538150637,19.8560549,13.12888302,0.6612029977,0.1019578502
594778,2018,1,0.06563209274,20.5028969,16.0689792,0.7837418914,0.2104855218
597675,2018,1,0.06619027955,14.68030272,11.56785365,0.7879846809,0
597845,2013,1,0.05328927618,18.06122786,15.99962156,0.8858545879,0.03412677359
642927,2018,1,0,33.5112676,20.63861699,0.6158709732,0
667100,2018,1,0,28.43589569,22.17094271,0.7796815317,0
678691,2018,1,0,0,0,,
678840,2018,1,0,36.99474107,24.96369267,0.6747903066,0
679484,2018,1,0,31.17627756,23.43514397,0.7516979513,0
679953,2018,1,0.08346427629,23.47813655,13.316427,0.5671841534,0.2315886062
679961,2018,0.9999999451,0,24.28551421,15.24016801,0.6275414999,0.01265773986
680868,2013,1,0.0006582723463,24.87334948,17.83754758,0.7171349235,0.06975412826
702042,2018,1,0,29.37169032,16.60919825,0.5654832279,0.02855016327
702043,2018,1,0,30.11083289,17.31657636,0.5750945656,0.04618328889
702050,2018,1,0,20.54335545,11.06519366,0.5386264035,0.0593707558
702161,2018,1,0,28.99098481,15.61005132,0.5384450174,0.01443924553
702162,2018,1,0,28.3833139,15.83066945,0.5577456356,0.05274045396
702231,2018,1,0.006534617826,22.25234639,13.42600929,0.6033525208,0.0955656379
702256,2018,1,0.01303343931,24.43426118,16.17309633,0.6619024089,0.2051594938
702363,2018,1,0.002255857433,16.80472487,9.100172224,0.5415246185,0.1238482306
716783,2018,1,0.007435936473,16.22503243,9.235613959,0.5692200617,0.1826428149
716795,2018,1,0,27.81282455,15.53986873,0.5587303332,0.4309648266
718038,2013,1,0,21.27281409,15.78753047,0.742145839,0.01830539352
723227,2013,1,0,13.86549507,10.4897955,0.7565395567,0.1815124573
723319,2018,1,0,14.85119981,9.56410884,0.6439957014,0
736420,2018,1,0.09136200264,26.19907064,13.41543812,0.5120577866,0.2403756527
736475,2018,1,0,28.32225319,17.7363121,0.6262323825,0
736478,2018,1,0,24.36298126,12.95510764,0.5317537909,0
742386,2018,1,0,24.47509557,9.977556996,0.4076616154,0.04725182053
770529,2018,1,0,24.49824219,16.27099243,0.6641697924,0.02785201782
772037,2018,1,0,28.69113,18.40308734,0.6414207923,0.4252703105
786676,2018,1,0,25.30714797,17.32624399,0.6846383486,0
796223,2018,1,0,26.77959515,16.62323733,0.6207426676,0.09599542064
800275,2018,1,0,19.67750756,10.71248376,0.5444024721,0.109675321
804571,2018,1,0,28.47268492,14.31002342,0.502587777,0.05010481853
804677,2018,1,0,19.77646212,11.26278748,0.5695046673,0.002357758148
804771,2018,1,0.2302001342,30.47953493,15.98011008,0.5242898264,0
809761,2018,1,0,24.58377598,16.19738136,0.6588646664,0.101598342
809775,2018,1,0,21.70571556,12.17415893,0.5608734206,6.096019965e-06
825896,2018,1,0,22.00924649,9.44807298,0.4292774395,0.1663706525
839570,2018,1,0.01858874279,20.56455169,16.7360928,0.8138321253,0.04717698255
839924,2018,1,0.002841685524,22.89400595,16.93678219,0.7397911151,0.1112004307
840148,2018,1,0.1618232961,21.09117645,11.91193516,0.5647828697,0.4489591832
841035,2018,1,0.0155238805,19.72369542,13.33253715,0.6759654754,0.06427357584
841106,2018,1,0,23.87726835,13.9349781,0.5836085558,0.1535573212
849812,2018,1,0.0396481824,21.72541141,12.5121292,0.5759213931,0
849866,2018,1,0.1035511177,25.4667442,14.90482169,0.5852660855,0.006969790728
850014,2018,1,0,16.39869164,11.9946658,0.7314404142,0
850564,2018,1,0,27.0299,16.75087666,0.6197165607,0.1330348514
852453,2018,1,0,26.03893585,23.11343044,0.8876488109,0.01060670204
852828,2013,1,0.04609002425,18.46836817,13.23711212,0.7167450851,0
864252,2013,1,0,19.78637465,14.24718999,0.7200505524,0
879241,2018,1,0.01601866167,20.34110985,13.71944393,0.6744687987,0.1579315495
880661,2013,1,0.5463619942,23.05004518,14.17837687,0.6151127584,0.0848085172
880708,2018,1,0.004646102606,17.63407029,9.577608978,0.543130929,0.002807396344
881025,2018,1,0,10.06695178,7.562951865,0.7512653316,0
881330,2013,1,0.0009736049443,23.85661888,15.10349335,0.6330944642,0.04503233585
881457,2018,1,0.007663409378,23.5915928,16.96314075,0.7190332968,0.07296051014
881564,2013,1,0,23.82662595,17.76243654,0.7454868593,0.132944756
885614,2018,1,0,25.43330803,19.80733102,0.7787949172,0
895463,2013,1,0.9367778599,0,0,,
895494,2013,1,1,,,,
895506,2013,1,0.8090677094,0,0,,
905334,2018,1,0,28.55314628,18.50961533,0.6482513395,0.1596502459
918648,2018,1,0,25.60139952,16.79690116,0.6560930837,0.05953872649
918741,2018,1,0,23.49071173,15.53243548,0.6612160437,0.1420124032
918767,2018,1,0.008120459853,22.85803921,14.96311257,0.6546105041,0.205079004
959826,2013,1,0.07428194714,24.22497435,18.77004136,0.7748219293,0
968522,2018,1,0,25.07475106,18.35010397,0.7318159979,0.05654080847
1009110,2013,1,0,20.02140594,17.51516433,0.8748218975,0.4245950702
1010847,2018,1,0,23.84261687,14.16479173,0.5940955141,0.03669571644
1042701,2018,1,0.4962512408,28.47974563,15.83439855,0.5559880611,0
1042712,2018,1,0,30.89161321,18.39080973,0.5953334198,0.05537096455
1043505,2018,1,0,20.26174243,13.14150102,0.6485869152,0.01256086724
1043554,2018,0.9999999912,0,24.17476302,15.63362447,0.6466919433,0.1838706421
1043571,2018,1,0,22.14635154,16.0155958,0.723170847,0.0498949786
1043771,2018,1,0,7.141296527,5.107516394,0.7152085583,0
1056128,2018,1,0,29.31954493,23.45868052,0.8001038411,0.05688958087
1085995,2018,1,0,31.93631671,20.50534394,0.6420697829,0.02971657431
1086000,2018,1,0,34.41682536,23.62393469,0.6864065595,0
1086002,2018,1,0,30.82137104,20.23911269,0.6566584161,0
1086049,2018,1,0,34.09170408,25.64730725,0.752303469,0.001900970028
1086152,2018,1,0,26.95984235,19.52937721,0.7243876637,0
1086899,2018,1,0,21.61636485,17.97033098,0.8313299257,0
1086944,2018,1,0,22.07658368,16.99102362,0.7696400796,0
1088461,2018,1,0,27.99061414,21.98382644,0.7853999317,0.08938130203
1088556,2018,1,0.02681882641,26.64192474,19.1138076,0.7174334356,0.03614058362
1088790,2018,1,0,21.51912368,15.47959001,0.719341096,0.07783340575
1089051,2018,1,0,24.57219089,16.04042647,0.6527878013,0
1089090,2018,1,0,21.48542393,17.21185511,0.801094508,0
1089537,2018,1,0,10.28188013,6.381844081,0.6206884342,0
1106721,2018,1,0.2795509735,22.53081386,8.662848764,0.3844889412,0.02566530874
1130858,2018,1,0.1361132389,24.22699218,13.13349368,0.5421017015,0.20068592
1133464,2018,1,0,25.63129628,16.96033712,0.6617042282,0.0953185087
1133565,2013,1,0,25.20124308,20.53560688,0.814864839,0
1133800,2018,1,0,0,0,,
1138162,2018,1,0.006133227325,24.11807208,14.82129502,0.6145306713,0.170558014
1139826,2018,1,0.01439847654,12.7801535,9.412655928,0.736505702,0.3554247031
1140719,2013,1,0,20.50310149,15.59815359,0.7607704423,0.330735414
1144109,2013,1,0,17.3397441,13.73679404,0.7922143464,0
1144787,2013,1,0,16.59093743,11.24645137,0.6778671438,0.4938275491
1146634,2013,1,0.9180527763,0,0,,
1146827,2013,1,1,,,,
1148050,2018,1,0.08970135646,26.11837344,12.91941462,0.4946485145,0
1151454,2013,1,0,20.37759613,16.00175575,0.7852621893,0
1159194,2018,1,0.04410779189,22.95963041,15.843139,0.6900432944,0.25359933
1159590,2013,1,0,8.612220666,5.227323524,0.6069658137,0.1674089804
1159752,2013,1,0.001484358509,8.954930383,6.445353296,0.7197547072,0.466375163
1166474,2018,1,0,29.23040167,16.28038742,0.5569676258,0
1171503,2018,0.9999999895,0,25.39165768,12.38383875,0.4877128901,0
1178341,2013,1,0,21.37654777,16.63957108,0.7784031013,0.05443069497
1179154,2018,1,0,12.85729167,7.802567847,0.6068593642,0.1268230368
1179270,2018,1,0,16.4987841,9.358662984,0.5672334961,0.009597321988
1192186,2018,1,0,28.49336481,10.78646835,0.3785607078,0.1185427772
1193104,2018,1,0,20.41125369,11.97170304,0.5865246312,0.03512951112
1193481,2018,1,0,23.04896829,10.64424809,0.4618101755,0.0130161483
1193991,2018,1,0,15.1846869,9.41794253,0.6202263236,0
1195103,2013,1,0,24.91348376,17.88780881,0.7179970889,0.03754623812
1195196,2013,1,0.0471918724,23.4118615,12.4503629,0.5317972215,0.2292988555
1195369,2013,1,0.04620246882,17.50678382,9.336096776,0.5332845182,0.2319886617
1195385,2018,1,0,21.62594666,11.84580373,0.5477588525,0.3402382895
1195409,2013,1,0.08642943715,18.04159326,8.664546673,0.4802539636,0.1888189497
1202174,2018,1,0,17.18882753,3.712539578,0.2159856204,0.07644981115
1202210,2018,1,0.003603913928,20.60427791,10.18357636,0.4942457294,0.2815127934
1210513,2018,1,0,20.0335959,11.1949467,0.5588086509,0
1211804,2018,1,0.2712103822,27.74458136,15.14062403,0.5457146329,0.2284564872
1213437,2018,1,0,29.52641891,13.96898071,0.4731010811,0.0698985218
1213570,2018,1,0,30.92427946,19.368676,0.6263258623,0.2881935561
1213620,2018,1,0,26.41323968,18.91266681,0.7160298032,0.5228706768
1213621,2018,1,0,30.67323186,18.73644471,0.6108402531,0.2729459498
1213695,2018,1,0,27.16833433,14.62979847,0.5384871334,0.3701170888
1213714,2018,1,0,27.31687533,12.76702282,0.4673676133,0.2484266675
1213917,2013,1,0,21.99434854,17.80329388,0.8094485658,0
1216047,2018,1,0.0359618618,24.80242298,16.44591865,0.6630770978,0.05568090385
1218767,2018,1,0.01663528623,22.21224204,14.82888055,0.6675994493,0.4111397143
1221288,2018,1,0,34.20967901,18.45741006,0.5395376571,0
1221314,2018,1,0,35.94202221,22.24301632,0.6188582321,0
1221492,2013,1,0,20.89958649,12.9863451,0.6213685189,0
1221556,2013,1,0,24.68487002,8.740727606,0.3540925109,0.0002104840846
1221679,2013,1,0.4057741809,20.79495041,9.646969404,0.4639092286,0
1221689,2013,1,0,23.1938556,16.48420522,0.7107143162,0
1222489,2018,1,0,0,0,,
1223765,2018,1,0,18.38693036,13.17858173,0.7167363704,0.2369045002
1224557,2018,1,0,8.4825357,2.528997124,0.2981416423,0
1225305,2018,1,0,12.84709573,5.41972977,0.4218642005,0.1580102759
1227128,2018,1,0,34.38793318,23.87401215,0.6942555118,0.007657866222
1229290,2013,1,0.2011893697,25.2480807,11.83458818,0.4687321908,0.2155287845
1248759,2013,1,0.01267401195,29.46385109,16.19605193,0.5496922951,0.03149699562
1248951,2018,1,0,16.86326315,10.77215547,0.638794246,0.06170820955
1259453,2013,1,0.02009877733,18.29866086,9.465921866,0.5173013446,0.213730921
1259585,2013,1,0.04614983189,20.58637718,11.76805142,0.5716426606,0
1259800,2018,1,0,32.56689779,19.97145866,0.6132441225,0.07356292787
1259801,2018,1,0,33.0490862,19.42345716,0.5877154073,0.02598163347
1259802,2018,1,0,29.32596507,17.33695107,0.591180922,0.03700788857
1260574,2018,1,0,22.76876131,10.13189948,0.4449912468,0.2459555677
1263603,2018,1,0,18.18932176,9.470949947,0.5206873611,0.1471342818
1280219,2018,1,0,13.63575232,8.114639483,0.5951002402,0
1286103,2018,1,0,0,0,,
1289537,2018,1,0,14.38621793,10.71414338,0.7447505264,0.4534146666
1291386,2018,1,0,8.80724748,3.602135997,0.4089967955,0
1291412,2018,1,0,7.961275123,4.869479139,0.6116456301,0
1332330,2018,1,0.003839434077,24.6655346,14.02345413,0.5685445038,0.3455923811
1333338,2018,1,0.02438094207,25.4675969,14.17923344,0.5567558454,0.3908707714
1333580,2013,1,0.07231390219,17.74766824,9.653361915,0.543922829,0.4728546696
1333627,2018,1,0,17.35334774,11.80987827,0.6805533117,0.5374018481
1335813,2018,1,0.03448798655,30.91999991,22.22160525,0.7186806375,0.2274386033
1341505,2018,1,0.005750412474,18.50104911,3.946353468,0.2133043075,0.01264691689
1341507,2018,1,0,21.17767139,11.42239193,0.5393601461,0.1666845299
1342700,2018,1,0,11.72781811,6.418819088,0.5473157095,0.01929980019
1372626,2018,1,0,0,0,,
1373127,2018,1,0,23.77778051,12.96789698,0.5453787823,0
1373137,2018,1,0,21.45163522,12.09953826,0.5640380391,0.01408697916
1499012,2018,1,0.09514595216,22.49400709,8.151843452,0.3624006794,0.006155422789
1620982,2013,1,0,20.93676968,19.81652073,0.9464937063,0
1621575,2018,1,0,39.09319295,35.72938893,0.9139542267,0
1628949,2018,1,0,26.95973209,24.69835265,0.9161201069,0
