set,film_roll,frame_number,case,displaced_m,kappa,status,n,slope,se,phi,phi_vri,n_mid,n_old,reg_r2,pass
plain,bc78008,184,flat_C0,0,0,ok,579,0.01327475823,0.002506602462,,,,,0.9956908009,TRUE
plain,bc78008,184,flat_C1,0,1,ok,580,0.9887061869,0.008246522264,,,,,0.9719605886,TRUE
plain,bc78008,184,dtm_C0,0,0,ok,392,0.04508800824,0.1111574919,,,,,0.8938544877,TRUE
plain,bc78008,184,dtm_C1,0,1,ok,371,1.123496182,0.04424761964,,,,,0.9268302456,TRUE
plain,bc78008,184,dtm_C0,150,0,ok,392,-0.06753078902,0.113414143,,,,,0.892018468,
plain,bc78008,184,dtm_C1,150,1,ok,371,1.111469672,0.04452768085,,,,,0.9270514169,
plain,bc85054,162,flat_C0,0,0,ok,554,-0.02912409005,0.01400584165,,,,,0.9936387638,TRUE
plain,bc85054,162,flat_C1,0,1,ok,554,1.063246953,0.01671735205,,,,,0.9917520201,TRUE
plain,bc85054,162,dtm_C0,0,0,ok,555,-0.02884692405,0.01698122043,,,,,0.9910997875,TRUE
plain,bc85054,162,dtm_C1,0,1,ok,555,1.042392083,0.02096293776,,,,,0.9887326555,TRUE
plain,bc85054,162,dtm_C0,150,0,ok,555,-0.01341722385,0.01680760791,,,,,0.9890188005,
plain,bc85054,162,dtm_C1,150,1,ok,555,0.4033333773,0.07037848751,,,,,0.9606978034,
plain,bcc01030,156,flat_C0,0,0,ok,558,0.00528635718,0.01300922151,,,,,0.9210262636,TRUE
plain,bcc01030,156,flat_C1,0,1,ok,558,1.024748381,0.01506476963,,,,,0.9354608078,TRUE
plain,bcc01030,156,dtm_C0,0,0,ok,558,0.07013700766,0.0522474331,,,,,0.9983511286,TRUE
plain,bcc01030,156,dtm_C1,0,1,ok,558,0.9745080768,0.06884460647,,,,,0.9976775232,TRUE
plain,bcc01030,156,dtm_C0,150,0,ok,558,0.004074537732,0.03281122356,,,,,0.9985248608,
plain,bcc01030,156,dtm_C1,150,1,ok,558,1.021973473,0.04416674581,,,,,0.9948355898,
class,bc5225,151,class,0,,gated_registration_bound,322,,,-1.599299743,0.874496174,6,104,0.7984887077,
class,bc5225,151,class,150,,gated_registration_bound,322,,,5.221906148,0.8772387894,3,108,0.8090445271,
class,bc78129,145,class,0,,ok,257,,,0.3629258448,0.6536060236,124,3,0.3724492259,
class,bc78129,145,class,150,,ok,257,,,0.5569365226,0.6572740843,122,3,0.3766875053,
class,bc78008,184,class,0,,ok,376,,,,,0,0,0.9249574683,
class,bc78008,184,class,150,,ok,376,,,,,0,0,0.926138489,
class,bc78110,69,class,0,,no_global,0,,,,,0,0,,
class,bc78110,69,class,150,,no_global,0,,,,,0,0,,
class,bc85054,162,class,0,,ok,556,,,,,0,0,0.990097001,
class,bc85054,162,class,150,,ok,556,,,,,0,0,0.9896534473,
class,bc81009,18,class,0,,gated_registration_bound,266,,,,,0,0,0.8051285676,
class,bc81009,18,class,150,,gated_registration_bound,266,,,,,0,0,0.8056632426,
class,bcb96017,221,class,0,,no_global,0,,,,,0,0,,
class,bcb96017,221,class,150,,no_global,0,,,,,0,0,,
class,bcb96067,13,class,0,,ok,527,,,,,0,27,0.9927406552,
class,bcb96067,13,class,150,,ok,527,,,,,0,29,0.9917938303,
class,bcc04013,120,class,0,,ok,350,,,4.153040893,0.9110808628,10,36,0.8182233974,
class,bcc04013,120,class,150,,ok,350,,,-0.4023424246,0.896233322,12,37,0.8139319761,
class,bcc01030,156,class,0,,ok,558,,,0.4947477974,0.6493996807,17,16,0.9978752146,
class,bcc01030,156,class,150,,ok,558,,,0.6597088521,0.6418071137,14,14,0.9955289545,
class,bcb00031,10,class,0,,ok,147,,,,,0,9,0.9054885241,
class,bcb00031,10,class,150,,ok,147,,,,,0,9,0.9400995851,
class_pooled,7 frames,,source_r,0,,ok,2771,,,1.355580708,0.8601879002,135,65,,FALSE
class_pooled,7 frames,,source_l,0,,ok,2771,,,0.7931428668,0.550158771,172,43,,FALSE
class_pooled,7 frames,,source_r,150,,ok,2771,,,46.34987766,0.8597914093,135,65,,FALSE
class_pooled,7 frames,,source_l,150,,ok,2771,,,0.8104214687,0.5532734009,173,43,,FALSE
