kind,site,lon,lat,n,n_na_dtm,n_na_dsm,dtm_median,dsm_median,diff_mean,diff_p95,src1,src10,meta_mean,hrdem_mean,hrdem_n,dtm_vs_hrdem
sea,hecate_strait,-130.9,53.3,10201,0,0,0.1373646408,0.1373623013,-9.863302236e-07,1.402199268e-05,1,0,,,,
sea,strait_georgia,-123.6,49.25,10201,0,0,0.1366317868,0.1366414279,-6.616891231e-07,4.644691944e-05,1,0,,,,
sea,dixon_entrance,-132,54.5,10201,0,0,0.1380937397,0.1380939782,2.385320798e-06,2.026557922e-05,1,0,,,,
sea,howe_sound_fjord,-123.3,49.55,6227,0,0,0.02666449174,0.0265625976,-0.0319172128,0.4778448582,1,0,,,,
sea,boundary_bay_flat,-122.95,49.05,10201,0,0,0.04357025027,0.04357723147,2.77408306e-05,6.160885096e-05,1,0,,,,
sea,roberts_bank_delta,-123.15,49.05,8745,0,0,0.07309813797,0.07251724601,-0.007087829861,0.1019526087,0.7548313322,0.009719839909,,,,
sea,qc_sound,-129.5,51.5,10201,10201,10201,,,,,0,0,,,,
sea,offshore_w_haida,-132.6,52.5,10201,10201,10201,,,,,0,0,,,,
sea,knight_inlet_fjord,-125.9,50.75,0,0,0,,,,,,,,,,
floor,okanagan_lake,-119.52,49.95,10201,0,0,738.9307251,745.114624,6.056284325,13.57919312,0,0.9992157632,3.102369068,6.108902321,10159,-1.635783745
floor,fraser_delta_farm,-123.05,49.1,10201,0,0,1.254225969,1.63504982,1.21324258,4.363924503,0,1,0.3717711861,1.217280452,10201,0.0006230095306
floor,peace_farm,-120.6,56.25,10201,0,0,669.5187988,670.7214355,3.761816983,13.16860962,1,0,4.009324419,,0,
floor,chilcotin_grass,-122.9,51.9,10201,0,0,1015.475647,1020.975159,4.154421769,11.60229492,1,0,0.4862117365,,0,
floor,spatsizi_alpine,-128.6,57.7,10201,0,0,1643.988159,1644.755371,1.519675267,6.389770508,1,0,1.207229515,,0,
floor,chilko_lake,-124.1,51.3,10201,0,0,1171.151001,1171.151611,4.209556841,16.60375977,1,0,2.583938562,,0,
canopy,carmanah_oldgrowth,-124.66,48.65,10201,0,0,665.7929077,679.5668335,14.88551696,22.67156982,1,0,17.13080264,,0,
canopy,revelstoke_wetbelt,-118.15,51.05,10201,0,0,1705.835693,1717.680542,11.31746947,16.81921387,0.9752965396,0.004215273012,6.144978736,20.91499627,87,9.207812079
canopy,houston_pine,-126.6,54.4,10201,0,0,671.3642578,677.7012939,6.196034792,15.45025635,0.1902754632,0.7097343398,2.551547865,5.058632378,7548,0.5507551718
canopy,fort_nelson_boreal,-122.6,58.7,10201,0,0,395.8583069,402.6151428,7.015345795,12.96472168,1,0,2.546853636,,0,
canopy,elephant_hill_burn,-121.2,51,10201,0,0,1456.403564,1459.784302,2.652655573,9.030883789,0.05813155573,0.8806979708,0.5225943579,2.654342888,9158,0.07605349692
canopy,quesnel_interior,-122.3,52.95,10201,0,0,672.376709,678.7701416,11.69379713,20.14361572,1,0,10.86748589,,0,
canopy,haida_gwaii_forest,-132.05,53.25,10201,0,0,0.04741388559,0.04231034592,4.950064244,18.12095642,1,0,3.612581174,,0,
canopy,sunshine_coast,-123.75,49.6,10201,0,0,564.0018311,584.1295776,17.00564858,30.90989685,0,1,13.10956165,17.01856827,10201,2.565615446
