lon,lat,year,tile,n,n_open,mrdem_canopy,lidar_canopy,dtm_resid,dtm_resid_open,dsm_resid,imaged_over_dtm,meta_canopy,relief
-124.3808759,52.14911461,2023,bc_093c019_xli1m_utm10_20230827_20230901.tif,168786,28188,7.849211119,2.608314662,-6.147988147,-5.07449432,-0.9070916897,8.756302809,2.224801211,83.59277708
-120.7589541,49.42679739,2021,bc_092h047_xli1m_utm10_2021.tif,4506,37,12.54531268,10.77930522,3.445430615,3.643307248,5.21143808,7.333874604,6.540315254,147.7404168
-121.8687722,58.87917278,2024,bc_094i081_4_3_2_xli1m_utm10_20240914_20240914.tif,2290,1263,5.72670464,2.023174449,-3.881571341,-3.710163277,-0.17804115,5.90474579,1.892337382,1.212504937
-121.0339932,58.9946059,2024,bc_094i095_4_4_3_xli1m_utm10_20240917_20240918.tif,2285,1902,4.640281547,0.730725899,-2.92879214,-2.846882817,0.9807635084,3.659518039,2.493550361,1.552507007
-121.5747933,57.81485624,2024,bc_094h083_1_1_4_xli1m_utm10_20240622_20251013.tif,2363,9,8.876225068,4.892171155,-3.362676426,-3.551540799,0.6213774873,8.254847581,9.436329508,3.777071859
-123.4647676,58.68717182,2025,bc_094j063_4_3_2_xli1m_utm10_20250512_20250512.tif,2300,32,10.04043371,6.218558894,-2.051405945,-6.838739395,1.770468869,8.269964838,7.474800879,46.13394939
-122.4583841,57.58303126,2024,bc_094g058_4_3_2_xli1m_utm10_20240601_20241015.tif,2376,1196,11.35785082,1.442459106,-5.660392273,-7.235857246,4.254999437,7.10285138,5.014933445,73.97492648
-122.1805735,52.90386723,2024,bc_093b100_1_1_1_xli1m_utm10_20240520_20240520.tif,2717,10,13.24975047,10.74834828,-1.718622943,-1.703289795,0.7827792485,12.46697122,11.77808392,26.98722436
-119.6026611,51.3826446,2022,bc_082m033_xli1m_utm11_2022.tif,13205,1825,8.415479995,9.220263889,1.548234579,5.98419554,0.7434506851,7.67202931,8.667370323,243.6618777
-124.3749294,53.78305185,2024,bc_093f079_3_3_1_xli1m_utm10_20240824_20240904.tif,2654,1797,8.833283828,0.8707832388,-3.762553326,-3.897413251,4.199947262,4.633336565,3.773681862,9.582900706
-122.8456977,57.40816401,2024,bc_094g046_2_2_1_xli1m_utm10_20240601_20241014.tif,2385,204,10.87360082,4.269762646,-6.527963724,-0.8427447151,0.07587445337,10.79772637,4.912844148,25.12827657
-122.7893806,54.74445076,2025,bc_093j077_1_3_3_xli1m_utm10_20250515_20250515.tif,2507,1536,8.997296656,1.549978542,-2.42676889,-1.78289028,5.020549225,3.976747431,8.674127005,12.93332841
-122.2729032,58.55021568,2024,bc_094j059_4_1_2_xli1m_utm10_20240601_20240929.tif,2310,1164,6.699748342,4.572322485,-5.414909977,-3.259172472,-3.28748412,9.987232463,3.487705545,11.78319083
-121.5556565,54.77422472,2021,bc_093i073_xli1m_utm10_2021.tif,32358,10742,7.32183922,2.593039926,-2.134272594,1.341509404,2.5945267,4.727312521,2.828800557,171.0656064
-124.3464051,55.30183628,2025,bc_093n039_1_2_1_xli1m_utm10_20250905_20250905.tif,2540,16,8.612725013,6.072834934,1.901803661,2.490776062,4.44169374,4.171031273,8.044121353,71.22670096
-124.9384856,53.57212844,2024,bc_093f056_3_2_3_xli1m_utm10_20240824_20240824.tif,2677,1933,1.54906782,1.417971577,-0.8882011496,-0.7802862887,-0.7571049071,2.306172727,1.823538543,10.68194297
-122.8232954,59.3990237,2024,bc_094o036_4_4_4_xli1m_utm10_20240831_20240831.tif,2246,352,9.870696356,6.801908281,-3.746792217,-6.220468521,-0.6780041417,10.5487005,6.810854914,2.889546733
-122.8178092,59.64779589,2024,bc_094o066_2_4_4_xli1m_utm10_20240831_20240831.tif,2232,198,7.028494831,2.581486473,-4.951673501,-4.934733689,-0.5046651423,7.533159974,1.924561634,2.709615015
-120.7497499,57.6276923,2024,bc_094h067_1_4_1_xli1m_utm10_20240620_20240620.tif,2383,1077,8.454904624,2.31261454,-3.453963817,-4.468771535,2.688326267,5.766578357,6.452316966,7.200568181
-123.7588279,52.92301513,2024,bc_093b092_1_1_4_xli1m_utm10_20240705_20240705.tif,2720,1791,5.626728507,1.536411375,-2.064860355,0.1617456177,2.025456776,3.60127173,2.010377238,54.1571503
-123.1684751,59.36809711,2024,bc_094o035_3_1_4_xli1m_utm10_20240929_20240930.tif,2251,1953,6.016625884,0.5009599276,-4.054806154,-3.958904245,1.460859803,4.555766082,5.383603883,8.528150301
-122.1565741,54.35188983,2025,bc_093j040_3_1_2_xli1m_utm10_20250525_20250525.tif,2616,199,10.46635771,4.700028656,-6.003504645,-1.609406898,-0.2371755944,10.7035333,2.139706959,26.24431389
-123.1901256,59.89418234,2024,bc_094o085_3_3_3_xli1m_utm10_20240929_20240929.tif,2211,139,7.476799298,3.13792721,-5.321714266,-5.496821561,-0.9828421784,8.459641476,1.070395632,3.554331514
-120.4586994,59.41766475,2024,bc_094p048_2_1_4_xli1m_utm10_20240918_20240919.tif,2254,1667,6.907891396,1.213647959,-4.624424634,-4.178544674,1.069818803,5.838072593,2.771935327,4.352590394
-128.8855136,54.87714223,2022,bc_103i086_xli1m_utm9_2022.tif,33559,1471,9.664984979,14.34321458,2.632375783,-2.675449478,-2.045853817,11.7108388,9.953033878,310.8924983
-124.3915205,52.20068467,2023,bc_093c029_xli1m_utm10_20230827_20230901.tif,167946,31712,8.613885674,2.467218461,-6.799429951,-3.317210628,-0.6527627377,9.266648412,2.372658845,27.46253767
-120.6297489,55.57642616,2024,bc_093p057_xli1m_utm10_20240610_20240621.tif,153148,10820,7.362036681,7.96958283,-1.578401935,-0.02168025724,-2.185948084,9.547984765,7.00637426,73.83368894
-122.0414713,55.83135201,2025,bc_093o090_2_4_1_xli1m_utm10_20250806_20250806.tif,2504,113,9.006562644,6.47077274,-2.87540565,-3.91925859,-0.3396157457,9.34617839,10.49560929,38.49546607
-120.6329311,58.18924378,2024,bc_094i017_4_4_3_xli1m_utm10_20240627_20240627.tif,2338,2216,4.307842297,0.4588361468,-3.369502202,-3.392589101,0.4795039481,3.828338349,0.5291905745,1.114307981
-122.827575,53.14287885,2024,bc_093g016_2_4_3_xli1m_utm10_20240613_20240703.tif,2700,1,6.139736057,6.88788104,-1.560006759,-0.2249145508,-2.308151742,8.447887799,5.965578357,27.88845349
-125.0633444,52.76053958,2024,bc_093c075_4_1_2_xli1m_utm10_20240904_20240904.tif,2736,645,8.51054186,2.504580492,-3.852114583,0.1776554551,2.153846785,6.356695075,2.215730807,21.1674629
-117.1883203,49.86616702,2022,bc_082f085_xli1m_utm11_2022.tif,30135,8374,6.397368588,5.086353159,2.466713441,0.9686951165,3.77772887,2.619639718,4.18368901,356.8056919
-122.4014887,52.29611987,2023,bc_093b028_4_4_4_xli1m_utm10_20231020_20231020.tif,2767,281,2.127429076,3.418269139,0.1551618007,1.110246869,-1.135678263,3.263107338,0.7432225918,2.447885562
-119.147658,49.26500884,2024,bc_082e025_3_2_3_xli1m_utm11_20240728_20250726.tif,3010,604,8.356839669,4.866649255,1.981104002,5.23787866,5.471294416,2.885545253,6.598525848,59.13771662
-122.6983753,57.43194404,2024,bc_094g047_2_3_1_xli1m_utm10_20240531_20240531.tif,2385,298,8.601502335,3.665873875,-3.604337258,1.590894046,1.331291202,7.270211133,6.016790832,38.60354499
-124.7258456,55.49966723,2025,bc_093n057_1_2_1_xli1m_utm10_20250906_20250906.tif,2539,150,7.554163977,4.393477186,-0.6752024858,0.0934765625,2.485484306,5.068679671,7.15927233,30.78664069
-123.5495571,59.97436431,2024,bc_094o093_3_2_3_xli1m_utm10_20240707_20240707.tif,2212,1332,6.24324989,1.841978891,-5.354862054,-4.847050206,-0.9535910553,7.196840945,1.216840258,1.313962612
-124.4927336,51.91767758,2023,bc_092n098_xli1m_utm10_20230918_20231006.tif,167615,43533,7.171761356,1.730694992,-5.232940336,-2.478815243,0.2081260273,6.963635328,2.166669625,74.62238348
-120.1303373,56.78808227,2024,bc_094a080_3_4_3_xli1m_utm10_20240611_20240611.tif,2440,1078,5.212419103,1.685960563,-3.636745465,-2.730608202,-0.1102869253,5.322706029,1.706087088,0.9880263197
-120.2318981,59.79878118,2024,bc_094p079_4_4_3_xli1m_utm10_20240914_20240914.tif,2230,2052,4.822072776,0.3665894239,-3.063266196,-2.932499073,1.392217155,3.42985562,1.68557167,2.544628123
-122.5031854,59.57417761,2024,bc_094o058_3_2_4_xli1m_utm10_20240828_20240930.tif,2242,628,7.068525575,2.535674014,-5.326630809,-6.175232128,-0.793779249,7.862304824,0.997179149,3.564514553
-121.0519319,57.09919489,2024,bc_094h015_xli1m_utm10_20240526_20240527.tif,145972,35849,6.502580045,3.742035052,-2.474795027,-1.324939525,0.2857499655,6.216830079,3.690884725,24.27898918
-121.2518225,56.93355525,2024,bc_094a094_xli1m_utm10_20240527_20240611.tif,146862,19055,7.347699691,6.049464425,-0.6074329847,0.6452445782,0.690802282,6.656897409,7.36537349,36.08161778
-128.9839832,55.75554027,2019,bc_103p076_xli1m_utm09_2019.tif,118496,6608,9.67160457,15.48089492,3.034659095,4.660701271,-2.774631251,12.44623582,13.70167737,223.060199
-119.5881375,50.87648331,2021,bc_082l083_xli1m_utm11_2021.tif,8184,2092,5.433796097,5.553876155,-0.6581082498,-0.6297125005,-0.7781883083,6.211984405,6.408261007,10.52619206
-120.9841708,58.2293565,2024,bc_094i026_1_3_1_xli1m_utm10_20240920_20241015.tif,2335,780,7.808616739,4.123287983,-3.033129425,-4.77413244,0.6521993306,7.156417409,4.639049271,4.385998686
-123.6684529,52.82845658,2023,bc_093b082_2_3_2_xli1m_utm10_20230917_20230917.tif,2724,2237,2.666930256,0.6686534461,-1.811918105,-1.713885795,0.1863587053,2.480571551,0.8017296655,56.78515714
-123.9961354,49.82452662,2020,bc_092g081_xli1m_utm10_2020.tif,4423,4423,-0.0009536049263,0,1.463800147,1.463800147,1.462846542,-1.463800147,0,0
-122.7737569,53.25798574,2024,bc_093g027_3_1_2_xli1m_utm10_20240713_20240713.tif,2691,39,15.8911645,16.9219801,0.1050643666,-2.496943547,-0.9257512427,16.81691574,10.6836093,63.51877828
-121.4292452,51.70403812,2024,bc_092p073_2_2_1_xli1m_utm10_20240709_20240719.tif,2762,2165,2.894905505,0.6993794479,0.1349660112,-0.3914723597,2.330492068,0.5644134367,1.113811061,6.445700214
-121.482426,55.02604249,2021,bc_093p003_xli1m_utm10_2021.tif,60858,22888,7.675189855,3.103573314,-4.263203126,-2.519328886,0.3084134146,7.366776441,4.146740279,173.0592645
-114.8729072,49.3948848,2022,bc_082g036_xli1m_utm11_2022.tif,56253,9256,7.389338487,3.598748161,-3.421845188,-4.915505636,0.3687451372,7.020593349,4.619934207,265.0520827
-122.1922754,52.99437339,2024,bc_093b100_3_3_3_xli1m_utm10_20240520_20240520.tif,2717,5,8.618512325,9.058222035,-2.930714068,-3.811938477,-3.370423779,11.9889361,10.48966037,31.18159898
-122.4841907,51.78067572,2024,bc_092o078_4_3_1_xli1m_utm10_20240609_20240728.tif,2802,589,3.640756873,4.230118974,-4.956513584,-7.410225679,-5.545875685,9.186632558,4.183971735,109.6220565
-120.5708245,51.29299342,2024,bc_092p028_3_3_4_xli1m_utm10_20240706_20240719.tif,2846,468,4.60368878,3.290310568,-0.6449731651,3.12499061,0.6684050463,3.935283733,3.518189077,22.38915176
-121.1609271,59.50515603,2025,bc_094p055_1_1_2_xli1m_utm10_20250509_20251014.tif,2245,1948,5.660734344,0.5712788945,-2.876510206,-2.982077362,2.212945244,3.4477891,1.166337641,1.962732271
-122.0923745,53.98782972,2025,bc_093g100_4_3_3_xli1m_utm10_20250525_20250525.tif,2640,3,16.55421605,12.74886856,-5.583985115,-3.133605957,-1.778637626,18.33285368,12.36593434,20.07428952
-119.0207217,49.56168767,2025,bc_082e055_4_2_2_xli1m_utm11_20250628_20250628.tif,2991,678,8.250928812,5.87245595,2.060631928,0.0287592615,4.43910479,3.811824022,4.951645526,89.32452034
-124.1626392,55.08425381,2025,bc_093n010_3_3_2_xli1m_utm10_20250905_20250906.tif,2557,454,3.489583158,3.075228611,1.160900296,2.417121249,1.575254844,1.914328314,5.882466096,35.42512593
-120.3385362,58.14275398,2024,bc_094i019_1_4_3_xli1m_utm10_20240929_20240929.tif,2341,150,8.329147463,6.037921317,-1.009558885,-1.801287435,1.28166726,7.047480202,9.130093091,6.191449628
-121.3780556,57.67100689,2024,bc_094h064_3_1_3_xli1m_utm10_20240826_20240826.tif,2376,823,8.48023432,2.717532071,-3.672260323,-4.936651515,2.090441925,6.389792394,6.920663483,6.981581129
-120.3900118,58.92236951,2024,bc_094i099_1_1_3_xli1m_utm10_20240917_20240917.tif,2291,677,8.056094865,4.199930458,-3.520229971,-2.312200188,0.3359344363,7.720160429,5.800047243,5.416348065
-119.8040282,50.62629452,2021,bc_082l061_xli1m_utm11_2021.tif,3884,3619,0.02984080919,0.2964385766,-0.8557234115,-0.9558513438,-1.122321179,1.152161988,0.1322282354,81.14033155
-118.589854,51.00235353,2021,bc_082m008_xli1m_utm11_2021.tif,2077,151,3.272087909,5.412978972,0.835378398,0.9706675548,-1.305512665,4.577600574,2.722774579,139.5265029
-128.7407156,54.81961031,2021,bc_103i087_xli1m_utm09_2021.tif,23972,2393,11.74391235,12.24595056,-3.765665053,-1.742852026,-4.267703265,16.01161562,8.617453994,74.21995888
-123.5856363,51.83692384,2023,bc_092o083_xli1m_utm10_20230921_20231013.tif,168619,88376,8.119095315,1.137520975,-5.871341817,-5.505460366,1.110232523,7.008862792,0.8468979879,21.08908823
-122.8860768,54.97058342,2025,bc_093j096_4_1_3_xli1m_utm10_20250805_20250806.tif,2563,86,7.344531693,6.055650179,-3.363940039,-4.692964776,-2.075058525,9.419590218,3.998958006,64.48936683
-122.9169304,53.06462451,2024,bc_093g006_3_2_4_xli1m_utm10_20240704_20240704.tif,2704,211,4.634844718,5.367054843,-0.2470734275,4.912222478,-0.9792835529,5.614128271,3.83500832,48.42125464
-119.6283937,50.92598473,2021,bc_082l092_xli1m_utm11_2021.tif,2126,185,8.237298773,8.965306179,1.006378619,1.299807822,0.2783712134,7.95892756,9.717104511,42.06991498
-123.4793893,52.6021491,2023,bc_093b063_xli1m_utm10_20230913_20230915.tif,166113,92684,5.863310673,1.957298069,-2.663802651,-2.097128381,1.242209953,4.621100719,1.016221474,133.7400983
-120.4268279,55.79913827,2024,bc_093p078_xli1m_utm10_20240610_20240620.tif,152228,70197,1.712922234,4.407546856,0.7703061264,0.1613204341,-1.924318496,3.637240729,4.062994084,54.21049312
-115.4487155,49.27853389,2024,bc_082g023_4_4_1_xli1m_utm11_20241007_20241007.tif,3023,249,11.11366396,8.270560671,-2.359035541,1.812588489,0.4840677446,10.62959621,10.48216014,17.77979783
-121.8843028,52.01740701,2024,bc_093a001_2_1_3_xli1m_utm10_20240510_20240510.tif,2726,2290,0.2712886192,0.580075774,0.1560755147,0.2352239217,-0.1527116402,0.4240002594,0.6784295872,9.973500818
-120.2003557,57.81011739,2024,bc_094h090_1_1_1_xli1m_utm10_20240619_20240919.tif,2367,480,7.521393428,4.183313045,-2.772094366,-1.983502579,0.5659860177,6.955407411,5.518825577,3.552596042
-122.8573271,58.69953631,2025,bc_094j066_4_3_4_xli1m_utm10_20250509_20250509.tif,2293,1170,7.677469486,1.832056045,-6.366450194,-4.6984345,-0.5210367528,8.198506238,1.301355324,3.542635945
-123.4921559,59.01146597,2025,bc_094o003_2_1_1_xli1m_utm10_20250512_20250512.tif,2279,28,12.09629141,6.711619947,-7.097407717,-5.885622297,-1.712736256,13.80902766,6.716674003,26.58940433
-124.4327209,55.35152001,2025,bc_093n038_4_2_1_xli1m_utm10_20250905_20250905.tif,2546,1737,3.637102461,1.494590741,1.870858144,2.541682268,4.013369864,-0.3762674025,2.589014778,38.49199217
-120.7668186,51.34784309,2024,bc_092p037_1_3_4_xli1m_utm10_20240721_20240724.tif,2846,75,8.59679794,6.101513475,-2.413866313,-1.037661133,0.08141815336,8.515379787,4.902689734,30.31997327
-121.5613024,55.19707673,2021,bc_093p013_xli1m_utm10_2021.tif,127750,35992,8.347254156,4.086304138,-3.260317716,-1.731455316,1.000632302,7.346621854,4.230892475,236.6878789
-120.8672744,56.28919713,2024,bc_094a026_xli1m_utm10_20240526_20240601.tif,147927,85943,1.118456745,2.641548035,1.618985631,0.4190537558,0.0958943406,1.022562404,2.512824557,82.81212552
-123.3990669,51.96056837,2024,bc_092o094_3_1_1_xli1m_utm10_20240704_20240704.tif,2793,1825,5.100333602,0.967997102,-3.520024383,-3.598054132,0.6123121175,4.488021485,0.7848845274,15.54878206
-122.4483348,57.26927977,2024,bc_094g028_4_2_3_xli1m_utm10_20240601_20241015.tif,2400,676,6.385747604,2.818421809,-2.778681564,-0.8567113933,0.7886442312,5.597103373,4.501619899,22.74697961
-124.1807151,52.7340884,2023,bc_093c080_xli1m_utm10_20230914_20230916.tif,166120,74371,7.559270965,1.981149073,-2.940088945,-1.535350821,2.638032947,4.921238018,2.836399564,82.65941104
-128.9442972,52.87588128,2021,bc_103a086_xli1m_utm09_2021.tif,65850,6710,11.32147037,10.00899415,-2.558955208,-0.7805248468,-1.246478991,12.56794936,7.219407135,175.6766198
-122.636049,53.665704,2024,bc_093g067_4_2_3_xli1m_utm10_20240713_20240713.tif,1902,122,9.179151373,10.33245314,-2.413393937,1.393984935,-3.566695702,12.74584707,7.816430796,33.46783472
-123.5078657,52.52276678,2023,bc_093b053_xli1m_utm10_20230902_20230913.tif,166322,113200,6.849757689,1.103104944,-4.172721148,-4.616849745,1.573931597,5.275826092,0.7926649201,39.06833613
-115.9817357,49.13773421,2024,bc_082g011_1_3_3_xli1m_utm11_20241008_20250813.tif,3022,443,16.96005602,9.4986012,0.7252331777,0.1435954695,8.186688002,8.773368023,14.99742651,139.4723963
-121.5598251,56.79462647,2024,bc_094a073_xli1m_utm10_20240611_20240619.tif,147734,12692,8.335120935,7.368427058,-1.05021813,1.634377976,-0.08352425353,8.418645188,8.069412412,32.99369655
-114.8439594,49.47838039,2022,bc_082g046_xli1m_utm11_2022.tif,179405,34707,8.712620239,3.481713293,-3.179617804,-4.581038713,2.051289142,6.661331097,3.333940409,189.9180672
-115.4196717,49.72943056,2022,bc_082g073_xli1m_utm11_2022.tif,14347,4339,5.354166281,3.081108724,-6.157000324,-6.19606273,-3.883942767,9.238109048,1.875215181,214.22855
-124.0656232,55.2225512,2025,bc_093n030_2_1_4_xli1m_utm10_20250822_20250822.tif,2546,920,9.110769843,4.066766827,-3.085878814,-2.768930385,1.958124201,7.152645641,8.532298611,14.89790045
-119.2344265,49.68510032,2024,bc_082e064_4_4_1_xli1m_utm11_20240727_20250629.tif,2986,12,7.751482177,8.074464771,-4.899429556,-1.912740072,-5.22241215,12.97389433,5.018339278,59.08003341
-122.8015862,54.18035505,2025,bc_093j016_4_4_2_xli1m_utm10_20250515_20250515.tif,2616,168,10.92042957,8.012554647,-6.47252557,-5.168457031,-3.564650649,14.48508022,6.434873285,10.41416601
-120.1534908,59.71485385,2024,bc_094p080_1_1_4_xli1m_utm10_20240706_20240706.tif,2237,1069,4.501871245,1.661719645,-2.516303344,-2.162534994,0.3238482554,4.178022989,2.313740981,3.116641336
-121.3467798,49.32711621,2022,bc_092h034_xli1m_utm10_2022.tif,91422,13324,13.10606998,11.12503487,-0.4670254587,1.655364604,1.514009642,11.59206033,9.044720217,398.0423371
-122.0728406,55.40622204,2025,bc_093o050_2_1_2_xli1m_utm10_20250919_20250919.tif,2536,165,8.206727518,3.836293988,-5.230991833,-0.9091049657,-0.8605583022,9.067285821,4.81327314,38.02747659
-123.7415139,59.22455448,2024,bc_094o022_1_2_3_xli1m_utm10_20240708_20250508.tif,2259,0,11.21571888,10.132584,0.4630469685,,1.54618185,9.669537035,12.46982402,45.78190633
-118.7474107,50.14945269,2024,bc_082l017_1_4_3_xli1m_utm11_20241003_20241003.tif,2936,930,9.838659011,3.983983011,-1.430901426,-0.9799939884,4.423774574,5.414884437,4.292822612,16.29103287
-123.9860577,59.50480818,2024,bc_094o051_1_1_1_xli1m_utm10_20240828_20240929.tif,2246,5,11.28541969,12.05230714,3.501731146,-0.2474945068,2.734843695,8.550575997,15.4101715,19.32986705
-122.00414,52.62804983,2024,bc_093b070_2_4_2_xli1m_utm10_20240523_20240608.tif,2743,63,13.62426833,11.37326529,4.262996906,-1.248880053,6.513999947,7.110268387,11.05608182,97.93020284
-125.7384292,55.59465207,2021,bc_093n052_xli1m_utm10_2021.tif,107844,7270,6.647261643,7.311579794,-0.4059083975,-1.74397735,-1.070226549,7.717488192,6.42188208,200.7849085
-118.6637522,50.17982862,2024,bc_082l017_4_3_2_xli1m_utm11_20240921_20241003.tif,2936,98,11.77811941,12.42127454,13.51509294,2.410719268,12.87193781,-1.093818394,9.362514186,154.7180467
-123.2139565,53.25046616,2024,bc_093g024_4_2_2_xli1m_utm10_20240716_20240716.tif,2689,176,0.828765994,5.931554804,-1.158571606,-1.963134419,-6.261360415,7.090126409,2.751369307,20.44727175
-120.6075523,53.78106148,2022,bc_093h077_xli1m_utm10_2022.tif,130851,29542,6.520647412,6.734736003,-1.200289202,0.08638937337,-1.414377793,7.935025205,1.508007125,300.9475849
-125.3992316,55.41179404,2021,bc_093n043_xli1m_utm10_2021.tif,18307,1374,8.636454792,8.442491203,-0.02543534033,-0.2629201298,0.1685282484,8.467926544,8.966815611,71.63693631
-119.7113087,50.81288303,2021,bc_082l082_xli1m_utm11_2021.tif,65530,31187,1.482739191,2.972755407,0.5826024517,-1.073529819,-0.9074137648,2.390152956,3.05174936,256.585024
-120.4672023,51.7614718,2021,bc_092p078_xli1m_utm10_2021.tif,37023,4436,6.972473637,6.619722244,2.04487788,6.3632971,2.397629273,4.574844364,10.53644529,134.8956713
-133.752829,58.77058856,2021,bc_104k072_xli1m_utm08_2021.tif,56020,16745,5.614653478,8.14931374,0.3554410459,-0.7261524726,-2.179219215,7.793872694,6.57050407,226.2375688
-122.383338,57.45342911,2024,bc_094g049_3_1_1_xli1m_utm10_20240602_20240602.tif,2389,42,11.2740862,6.824482921,-9.809721891,1.32312157,-5.360118612,16.63420481,5.607998477,103.3985185
-121.7698162,56.03156354,2025,bc_094a002_1_3_2_xli1m_utm10_20250520_20250523.tif,2491,4,12.2057794,12.05176298,-2.996857339,-3.232971191,-2.842840917,15.04862032,14.20916306,31.72462568
-121.4317251,55.23309477,2021,bc_093p023_xli1m_utm10_2021.tif,15303,3381,7.891823228,4.256632327,-2.321315897,-1.623247834,1.313875004,6.577948224,5.567776752,254.9137426
-122.337654,57.98024155,2024,bc_094g099_3_4_1_xli1m_utm10_20240602_20241015.tif,2352,2,9.978263673,9.87585854,-2.590495259,-2.013519287,-2.488090126,12.4663538,9.578568499,41.76803892
-120.6506853,51.05749058,2024,bc_092p007_4_1_2_xli1m_utm10_20240723_20240723.tif,2866,1143,9.982182547,2.036773788,-2.889128425,-4.132491037,5.056280334,4.925902213,7.848835461,72.73442312
-121.1884905,56.53585546,2024,bc_094a055_xli1m_utm10_20240526_20240527.tif,148654,89098,3.852405271,2.597923123,1.069626538,0.6904819159,2.324108686,1.528296585,4.157407601,31.29026303
-125.1737814,54.55967639,2024,bc_093k055_3_1_2_xli1m_utm10_20240911_20240911.tif,2602,143,7.050488131,7.614496581,-3.182515806,-3.25528701,-3.746524257,10.79701239,5.007922733,24.45938832
-115.9852874,49.44328253,2025,bc_082g041_1_3_3_xli1m_utm11_20250729_20250927.tif,2994,722,4.994948678,6.13603819,-0.3427371507,3.798735811,-1.483826662,6.47877534,4.707545424,103.8656455
-123.6541962,53.92745027,2024,bc_093g092_2_3_2_xli1m_utm10_20240712_20240712.tif,2631,174,7.212743802,6.628338236,-1.779948937,0.1969790404,-1.195543371,8.408287173,5.574209851,5.113231325
-120.7956844,59.6913983,2025,bc_094p067_3_3_3_xli1m_utm10_20250507_20251014.tif,2234,2230,2.438421866,0.2027646904,-1.755227645,-1.752728887,0.4804295307,1.957992335,0.05903685044,1.48577736
-118.0582737,49.47404143,2025,bc_082e050_4_1_4_xli1m_utm11_20250710_20250710.tif,2994,952,8.87730211,5.673274385,-2.828024212,-2.425720151,0.3760035126,8.501298597,7.200182785,95.39132447
-122.6827921,59.01969529,2024,bc_094o007_2_1_3_xli1m_utm10_20240901_20240901.tif,2276,1788,5.064047949,0.8570233363,-4.500478614,-3.875723683,-0.2934540009,5.35750195,0.4063562132,0.9005706004
-124.7141086,55.29073036,2025,bc_093n027_3_4_4_xli1m_utm10_20250908_20250909.tif,2548,2256,1.803015549,0.4378911232,-1.02467042,-1.320485,0.3404540057,1.462561543,1.276679278,89.01066558
-122.826463,54.83674306,2025,bc_093j086_2_4_1_xli1m_utm10_20250515_20250515.tif,2571,1109,12.40032142,3.767219535,-1.193673786,-1.21982915,7.439428103,4.96089332,15.30454324,66.1103397
-123.4573698,52.97769229,2024,bc_093b093_4_3_2_xli1m_utm10_20240705_20240705.tif,2711,665,6.409773064,3.308892352,-5.831060721,-3.40331398,-2.730180009,9.139953073,2.670120406,29.01577876
-122.3552314,54.50512388,2025,bc_093j059_1_1_2_xli1m_utm10_20250525_20250527.tif,2601,193,14.17296988,6.604237487,-6.147289729,-6.399793872,1.421442662,12.75152722,4.268890342,55.2815094
-128.5286887,54.80058216,2021,bc_103i088_xli1m_utm09_2021.tif,521,33,10.36314219,10.93376057,-0.006243949202,-1.094026508,-0.5768623279,10.94000452,9.507289465,146.7119119
-115.4371189,49.18091325,2024,bc_082g013_4_4_1_xli1m_utm11_20241009_20250729.tif,3032,175,15.48312807,8.167867917,-4.65476879,-6.030626046,2.66049136,12.82263671,7.72901424,57.11235389
-120.24094,59.94386067,2024,bc_094p099_2_4_3_xli1m_utm10_20240914_20240914.tif,2220,2059,2.602361758,0.4184429822,-1.135579812,-0.9633525535,1.048338964,1.554022794,0.6070502027,2.682621527
-120.2369602,57.85014056,2024,bc_094h089_4_2_1_xli1m_utm10_20240619_20240619.tif,2364,370,9.787130391,6.141421633,-3.70407231,-3.673692858,-0.05836355142,9.845493943,7.360673301,9.193536972
-120.5106795,56.30009666,2024,bc_094a038_xli1m_utm10_20240528_20240619.tif,147939,96283,0.7155657846,2.201000236,0.5343457043,0.2323295663,-0.9510887471,1.666654532,1.83077144,25.28811978
-120.3081461,59.67629366,2024,bc_094p069_3_4_2_xli1m_utm10_20240914_20240914.tif,2217,2148,4.351664858,0.2183055198,-2.928540496,-2.884274588,1.204818843,3.146846016,0.8028937973,2.618618892
-120.5155075,59.62935253,2024,bc_094p068_1_4_2_xli1m_utm10_20240919_20240919.tif,2238,536,7.405436866,5.350082561,-1.572131473,-2.367897489,0.4832228319,6.922214034,6.488292612,3.848872384
-116.1453213,49.35828521,2022,bc_082f040_xli1m_utm11_2022.tif,6833,757,9.885079206,3.826113314,-4.403993602,-2.872227053,1.65497229,8.230106916,5.552639944,126.9124317
-120.8442771,56.2708999,2024,bc_094a026_xli1m_utm10_20240526_20240601.tif,147927,85943,1.118456745,2.641548035,1.618985631,0.4190537558,0.0958943406,1.022562404,2.512824557,82.81212552
-121.8843075,53.06103038,2024,bc_093h001_4_1_1_xli1m_utm10_20240608_20240609.tif,2612,390,10.06496669,5.746203833,-0.007177846538,-0.2056894156,4.31158501,5.753381679,4.887523692,103.209702
-120.4279604,54.55232079,2025,bc_093i058_4_2_1_xli1m_utm10_20251009_20251010.tif,2603,135,12.45000245,7.011911211,-3.263350497,-0.2736974646,2.174740745,10.27526171,5.793374427,27.40020607
-121.8087415,59.36684928,2024,bc_094p031_4_2_4_xli1m_utm10_20240707_20240707.tif,2259,537,10.55092161,7.898204572,-4.076879332,-5.367315367,-1.424162292,11.9750839,8.25498232,18.14005498
-124.1623575,52.99375144,2024,bc_093c100_3_3_4_xli1m_utm10_20240705_20240823.tif,2703,2265,2.722658192,0.5651427794,-0.6731594254,-0.1889316988,1.484355987,1.238302205,0.4646166642,2.751145572
-121.594977,59.42017173,2024,bc_094p043_1_1_3_xli1m_utm10_20240913_20240913.tif,2254,688,9.885076433,4.485003223,-2.680958623,-4.148096661,2.719114586,7.165961847,5.330807825,12.95122072
-121.2047636,57.9251621,2024,bc_094h094_2_4_2_xli1m_utm10_20240825_20240826.tif,2359,86,8.272960862,8.115107854,-0.3683355508,-3.694910804,-0.2104825436,8.483443405,8.089128336,6.087193004
-124.2691989,59.36511239,2024,bc_094n039_4_1_4_xli1m_utm10_20240530_20240530.tif,2250,0,12.83888771,11.36345536,-2.698457194,,-1.223024848,14.06191256,14.08989467,13.40519831
-120.9463507,58.93284444,2024,bc_094i096_1_4_1_xli1m_utm10_20240917_20240917.tif,2288,1908,7.753835025,0.586449443,-3.778193787,-3.718117416,3.389191794,4.36464323,5.04794309,3.47234803
-122.3862636,53.81468834,2024,bc_093g089_1_1_3_xli1m_utm10_20240913_20250528.tif,2652,11,12.52739901,11.24301217,-5.840260386,-1.548406428,-4.555873543,17.08327255,7.592140706,30.37330236
-120.2303285,57.12594899,2024,bc_094h019_2_4_1_xli1m_utm10_20240611_20240620.tif,2414,1703,1.454866954,1.244385069,-0.6000923214,-0.2363611334,-0.3896104359,1.84447739,1.00912884,1.360859052
-119.5159395,51.33348452,2022,bc_082m033_xli1m_utm11_2022.tif,13205,1825,8.415479995,9.220263889,1.548234579,5.98419554,0.7434506851,7.67202931,8.667370323,243.6618777
-124.4398153,52.4409029,2023,bc_093c048_xli1m_utm10_20230830_20230902.tif,167523,27140,7.731414682,3.107599675,-5.206525035,-1.438980181,-0.5827100273,8.314124709,3.310552138,48.24817809
-122.4278262,52.33764361,2023,bc_093b038_xli1m_utm10_20231020_20231021.tif,167654,31199,3.658949433,4.244598022,-0.5349821434,-0.1110323767,-1.120630732,4.779580165,2.933393509,44.99613269
-122.4397743,51.66321801,2024,bc_092o068_4_2_3_xli1m_utm10_20240728_20240728.tif,2813,58,4.248043317,6.873070829,1.287928717,2.147835567,-1.337098795,5.585142112,4.892914358,43.48437928
-120.5438996,58.97447586,2024,bc_094i098_3_4_1_xli1m_utm10_20240917_20240918.tif,2284,407,8.34903991,5.735797141,-0.1628351429,3.532875305,2.450407626,5.898632283,9.502317263,7.682318247
-121.7630273,57.20583454,2024,bc_094h022_1_1_2_xli1m_utm10_20240731_20240826.tif,2407,1527,11.71483183,0.9255861759,-6.783784341,-6.787451963,4.005461315,7.709370517,1.372003702,30.45801444
-123.9743233,53.32286934,2024,bc_093g031_1_1_4_xli1m_utm10_20240710_20240710.tif,2694,524,8.902959222,5.174125099,-0.7189560333,-0.252383749,3.009878089,5.893081133,5.478628845,17.89868387
