"decade","scale_band","p_bin","n"
1960,coarse,"[-Inf,0)",105
1960,coarse,"[0,0.001)",11255
1960,coarse,"[0.001,0.0025)",25871
1960,coarse,"[0.0025,0.005)",2541
1960,coarse,"[0.005,0.0075)",7
1960,fine,"[-Inf,0)",30
1960,fine,"[0,0.001)",1821
1960,fine,"[0.001,0.0025)",3575
1960,fine,"[0.0025,0.005)",3943
1960,fine,"[0.005,0.0075)",1327
1960,fine,"[0.0075,0.01)",1007
1960,fine,"[0.01,0.015)",847
1960,fine,"[0.015,0.02)",106
1960,fine,"[0.02,0.03)",62
1960,fine,"[0.03,0.05)",54
1960,mid,"[-Inf,0)",272
1960,mid,"[0,0.001)",29834
1960,mid,"[0.001,0.0025)",82664
1960,mid,"[0.0025,0.005)",12731
1960,mid,"[0.005,0.0075)",986
1960,mid,"[0.0075,0.01)",183
1960,mid,"[0.01,0.015)",5
1970,coarse,"[-Inf,0)",14
1970,coarse,"[0,0.001)",8869
1970,coarse,"[0.001,0.0025)",10461
1970,coarse,"[0.0025,0.005)",153
1970,fine,"[-Inf,0)",688
1970,fine,"[0,0.001)",18358
1970,fine,"[0.001,0.0025)",25649
1970,fine,"[0.0025,0.005)",22388
1970,fine,"[0.005,0.0075)",12157
1970,fine,"[0.0075,0.01)",7014
1970,fine,"[0.01,0.015)",4903
1970,fine,"[0.015,0.02)",1168
1970,fine,"[0.02,0.03)",902
1970,fine,"[0.03,0.05)",213
1970,mid,"[-Inf,0)",316
1970,mid,"[0,0.001)",47003
1970,mid,"[0.001,0.0025)",88966
1970,mid,"[0.0025,0.005)",16726
1970,mid,"[0.005,0.0075)",1187
1970,mid,"[0.0075,0.01)",61
1980,coarse,"[-Inf,0)",9
1980,coarse,"[0,0.001)",17667
1980,coarse,"[0.001,0.0025)",9133
1980,coarse,"[0.0025,0.005)",124
1980,fine,"[-Inf,0)",399
1980,fine,"[0,0.001)",42852
1980,fine,"[0.001,0.0025)",133255
1980,fine,"[0.0025,0.005)",74499
1980,fine,"[0.005,0.0075)",11340
1980,fine,"[0.0075,0.01)",3982
1980,fine,"[0.01,0.015)",3166
1980,fine,"[0.015,0.02)",678
1980,fine,"[0.02,0.03)",442
1980,fine,"[0.03,0.05)",117
1980,fine,"none",23
1980,mid,"[-Inf,0)",50
1980,mid,"[0,0.001)",13624
1980,mid,"[0.001,0.0025)",30017
1980,mid,"[0.0025,0.005)",11531
1980,mid,"[0.005,0.0075)",1857
1980,mid,"[0.0075,0.01)",176
1990,coarse,"[-Inf,0)",65
1990,coarse,"[0,0.001)",13908
1990,coarse,"[0.001,0.0025)",24755
1990,coarse,"[0.0025,0.005)",242
1990,fine,"[-Inf,0)",1669
1990,fine,"[0,0.001)",88828
1990,fine,"[0.001,0.0025)",230129
1990,fine,"[0.0025,0.005)",65772
1990,fine,"[0.005,0.0075)",9734
1990,fine,"[0.0075,0.01)",4887
1990,fine,"[0.01,0.015)",4805
1990,fine,"[0.015,0.02)",1690
1990,fine,"[0.02,0.03)",755
1990,fine,"[0.03,0.05)",120
1990,mid,"[-Inf,0)",5
1990,mid,"[0,0.001)",4214
1990,mid,"[0.001,0.0025)",10554
1990,mid,"[0.0025,0.005)",1203
1990,mid,"[0.005,0.0075)",215
1990,mid,"[0.0075,0.01)",16
2000,coarse,"[-Inf,0)",8
2000,coarse,"[0,0.001)",4591
2000,coarse,"[0.001,0.0025)",5337
2000,coarse,"[0.0025,0.005)",156
2000,fine,"[-Inf,0)",346
2000,fine,"[0,0.001)",11054
2000,fine,"[0.001,0.0025)",29240
2000,fine,"[0.0025,0.005)",11791
2000,fine,"[0.005,0.0075)",1874
2000,fine,"[0.0075,0.01)",786
2000,fine,"[0.01,0.015)",372
2000,fine,"[0.015,0.02)",105
2000,fine,"[0.02,0.03)",26
2000,fine,"[0.03,0.05)",42
2000,mid,"[-Inf,0)",115
2000,mid,"[0,0.001)",26774
2000,mid,"[0.001,0.0025)",62654
2000,mid,"[0.0025,0.005)",11784
2000,mid,"[0.005,0.0075)",94
2010,mid,"[-Inf,0)",1
2010,mid,"[0,0.001)",743
2010,mid,"[0.001,0.0025)",2762
2010,mid,"[0.0025,0.005)",1562
2010,mid,"[0.005,0.0075)",1
