"film_roll","rotation","photo_year","series","focal_length","media","legs","bearings","frames","margins","method","measured"
"bc4218",270,1964,"bc","305","Film - BW",3,"101.1;279.9;278.7","9-53;54-82;1-8","0.386;0.404;0.441","overlap_r25_signtest","2026-10-02"
"bc4234",270,1964,"bc","305","Film - BW",5,"261.7;261.4;261.3;81.8;81.6","213-268;106-159;1-53;160-212;54-105","0.383;0.278;0.387;0.290;0.334","overlap_r25_signtest","2026-10-02"
"bc4261",270,1964,"bc","305","Film - BW",3,"90.9;89.7;271.3","142-215;216-252;113-141","0.114;0.120;0.190","overlap_r25_signtest","2026-10-02"
"bc5270",0,1967,"bc","153","Film - BW",4,"356.5;354.7;174.5;356.3","185-229;38-62;63-87;148-168","0.200;0.216;0.186;0.080","overlap_r25_signtest","2026-10-02"
"bc5282",0,1968,"bc","153","Film - BW",4,"309.5;127.8;169.9;230.8","79-103;55-78;104-126;214-236","0.271;0.291;0.178;0.157","overlap_r25_signtest","2026-10-02"
"bc7012",270,1967,"bc","305","Film - BW",6,"312;131.4;131.8;312.1;312.7;131","83-170;17-82;198-222;234-258;170-190;1-17","0.220;0.381;0.338;0.369;0.337;0.284","overlap_r25_signtest","2026-10-02"
"bc7049",270,1967,"bc","305","Film - BW",5,"357.1;356.8;176.5;356.5;177.1","27-123;125-196;228-269;197-227;1-26","0.279;0.203;0.338;0.267;0.275","overlap_r25_signtest","2026-10-02"
"bc7581",90,1974,"bc","305","Film - BW",2,"84;264.8","1-99;100-196","0.212;0.164","overlap_r25_signtest","2026-10-02"
"bc7616",90,1974,"bc","305","Film - BW",4,"88.7;269.6;86.8;268.3","148-187;106-142;73-105;224-248","0.483;0.148;0.349;0.275","overlap_r25_signtest","2026-10-02"
"bc7680",90,1974,"bc","305","Film - BW",5,"87.9;140.9;321.8;142.1;140.9","1-42;136-165;166-194;72-98;195-220","0.136;0.089;0.154;0.210;0.177","overlap_r25_signtest","2026-10-02"
"bc78100",90,1978,"bc","153","Film - BW",3,"91.2;271.1;91.5","1-34;35-68;69-100","0.697;0.511;0.532","overlap_r25_signtest","2026-10-02"
"bc7896",90,1976,"bc","305","Film - BW",6,"161.2;337.5;118.1;301.9;123.6;50.7","303-321;285-302;246-258;228-237;219-227;267-275","0.173;0.198;0.194;0.198;0.162;0.186","overlap_r25_signtest","2026-10-02"
"bc81028",90,1981,"bc","305","Film - BW",2,"255.4;17.5","182-217;243-263","0.168;0.215","overlap_r25_signtest","2026-10-02"
"bc83045",90,1983,"bc","153","Film - BW",5,"330.4;149.1;150.2;331.1;267.2","29-66;67-102;1-28;103-121;148-160","0.206;0.360;0.301;0.287;0.099","overlap_r25_signtest","2026-10-02"
"bc83062",90,1983,"bc","153","Film - BW",4,"72.9;91.9;89.3;271.9","118-141;41-62;1-20;21-40","0.241;0.222;0.194;0.189","overlap_r25_signtest","2026-10-02"
"bc84032",90,1984,"bc","153","Film - BW",3,"341.4;52.7;232","204-215;216-224;225-230","0.304;0.162;0.109","overlap_r25_signtest","2026-10-02"
"bc86015",90,1986,"bc","305","Film - BW",4,"197.2;332.6;15.4;152.6","35-55;68-87;1-17;88-103","0.275;0.208;0.188;0.150","overlap_r25_signtest","2026-10-02"
"bc87085",90,1987,"bc","305","Film - BW",4,"88.8;268.7;269.6;90.1","56-95;17-55;110-133;134-156","0.449;0.331;0.582;0.586","overlap_r25_signtest","2026-10-02"
"bc89006",90,1989,"bc","305","Film - BW",2,"95.1;274.4","242-270;217-241","0.214;0.222","overlap_r25_signtest","2026-10-02"
"bc89067",90,1989,"bc","305","Film - BW",6,"85.2;266;87.1;266.1;87.9;266.5","5-39;40-69;70-96;97-123;124-145;146-166","0.442;0.419;0.238;0.367;0.221;0.347","overlap_r25_signtest","2026-10-02"
"bcb01015",90,2001,"bcb","153","Film - BW",5,"270.5;269.9;89.9;268.8;269","150-205;1-50;51-100;123-149;247-262","0.163;0.212;0.250;0.405;0.392","overlap_r25_signtest","2026-10-02"
"bcb01018",90,2001,"bcb","153","Film - BW",6,"91.8;271.8;268.9;83.6;88.7;262.7","72-100;22-49;141-167;215-233;168-183;184-199","0.217;0.292;0.369;0.324;0.384;0.520","overlap_r25_signtest","2026-10-02"
"bcb01028",90,2001,"bcb","153","Film - BW",6,"268.1;88.1;268;88.1;271.3;271.5","128-146;147-165;166-184;185-203;83-99;31-46","0.319;0.391;0.306;0.235;0.207;0.319","overlap_r25_signtest","2026-10-02"
"bcb94005",90,1994,"bcb","305","Film - BW",6,"264.1;83.7;83.7;264.3;82.9;263.9","1-47;136-180;224-267;268-311;58-92;181-210","0.535;0.523;0.309;0.384;0.359;0.443","overlap_r25_signtest","2026-10-02"
"bcb94069",90,1994,"bcb","305","Film - BW",4,"268.6;89.3;88;269.5","45-176;177-224;1-44;225-247","0.442;0.434;0.401;0.429","overlap_r25_signtest","2026-10-02"
"bcb95065",90,1995,"bcb","153","Film - BW",4,"354.8;174.7;354.6;174.5","1-78;79-155;156-217;218-278","0.297;0.327;0.214;0.300","overlap_r25_signtest","2026-10-02"
"bcb96084",90,1996,"bcb","305","Film - BW",3,"83.2;263.1;263.3","152-296;21-130;1-20","0.385;0.396;0.298","overlap_r25_signtest","2026-10-02"
"bcb97002",90,1997,"bcb","305","Film - BW",5,"265.8;85.8;85.8;265.8;85.8","30-61;62-93;127-158;159-188;1-29","0.152;0.243;0.310;0.345;0.218","overlap_r25_signtest","2026-10-02"
"bcb99031",90,1999,"bcb","305","Film - BW",5,"263.3;83.3;83.4;83.5;263.5","125-160;91-124;35-67;161-187;68-90","0.359;0.197;0.306;0.206;0.339","overlap_r25_signtest","2026-10-02"
"bcc00116",270,2000,"bcc","305","Film - Colour",3,"265.3;85.3;85.4","73-109;37-72;180-213","0.297;0.230;0.139","overlap_r25_signtest","2026-10-02"
"bcc02009",90,2002,"bcc","153","Film - Colour",2,"87.3;266.9","40-78;29-39","0.171;0.189","overlap_r25_signtest","2026-10-02"
"bcc04036",90,2004,"bcc","153","Film - Colour",2,"264.3;84.7","105-170;171-207","0.200;0.276","overlap_r25_signtest","2026-10-02"
"bcc05143",90,2005,"bcc","305","Film - Colour",2,"267.7;87.6","94-122;16-40","0.207;0.229","overlap_r25_signtest","2026-10-02"
"bcc06099",90,2006,"bcc","305","Film - Colour",4,"268.7;88.1;89.3;269.6","107-210;55-106;25-54;1-16","0.190;0.220;0.203;0.161","overlap_r25_signtest","2026-10-02"
"bcc06161",90,2006,"bcc","305","Film - Colour",3,"267;87.6;87.3","1-26;108-125;126-143","0.300;0.216;0.283","overlap_r25_signtest","2026-10-02"
"bcc10004",90,2010,"bcc","153","Film - Colour",3,"86.1;265.9;266.1","12-54;145-187;55-96","0.171;0.177;0.172","overlap_r25_signtest","2026-10-02"
"bcc159",90,1977,"bcc","305","Film - Colour",4,"359;188.5;0.8;178.8","98-154;155-197;1-30;31-52","0.403;0.160;0.255;0.241","overlap_r25_signtest","2026-10-02"
"bcc16",270,1969,"bcc","305","Film - Colour",4,"220.3;160.8;36.9;332.8","50-73;16-32;33-49;1-15","0.198;0.313;0.291;0.230","overlap_r25_signtest","2026-10-02"
"bcc171",90,1978,"bcc","305","Film - Colour",5,"285.5;214.9;104.2;189.1;268.6","21-41;1-20;70-87;51-60;100-109","0.092;0.186;0.282;0.305;0.567","overlap_r25_signtest","2026-10-02"
"bcc177",90,1978,"bcc","305","Film - Colour",5,"295.3;328.2;153.4;333.5;339.1","1-19;82-99;100-115;20-33;34-45","0.295;0.107;0.105;0.434;0.238","overlap_r25_signtest","2026-10-02"
"bcc217",90,1979,"bcc","305","Film - Colour",5,"268.1;87.8;214.4;246.7;299.8","1-60;63-82;83-101;102-120;121-128","0.183;0.156;0.222;0.124;0.153","overlap_r25_signtest","2026-10-02"
"bcc23",270,1969,"bcc","305","Film - Colour IR",3,"46.8;286;212.3","8-17;25-32;18-24","0.222;0.384;0.354","overlap_r25_signtest","2026-10-02"
"bcc24",270,1969,"bcc","305","Film - Colour",4,"224.5;45.9;174.3;132.7","8-18;1-7;62-68;34-39","0.223;0.225;0.344;0.158","overlap_r25_signtest","2026-10-02"
"bcc248",90,1980,"bcc","305","Film - Colour",4,"178.7;356;177.2;177.4","61-81;35-51;20-34;102-115","0.144;0.167;0.170;0.123","overlap_r25_signtest","2026-10-02"
"bcc270",90,1980,"bcc","305","Film - Colour",5,"340.3;136.5;140.8;156.8;50.9","91-107;27-41;185-199;108-119;130-141","0.178;0.274;0.371;0.154;0.333","overlap_r25_signtest","2026-10-02"
"bcc278",90,1980,"bcc","305","Film - Colour",6,"84.6;20;86.7;206.3;23.8;266.6","37-60;91-112;1-21;73-90;113-130;22-36","0.504;0.138;0.484;0.561;0.223;0.530","overlap_r25_signtest","2026-10-02"
"bcc528",90,1986,"bcc","305","Film - Colour",2,"88.3;268","53-109;110-163","0.178;0.353","overlap_r25_signtest","2026-10-02"
"bcc644",90,1987,"bcc","305","Film - Colour",5,"137;317.9;317.6;136.4;316.9","54-108;1-53;109-160;161-211;212-255","0.243;0.345;0.279;0.220;0.181","overlap_r25_signtest","2026-10-02"
"bcc72",270,1972,"bcc","305","Film - Colour",2,"82.4;262.8","68-139;1-67","0.092;0.101","overlap_r25_signtest","2026-10-02"
"bcc738",90,1987,"bcc","305","Film - Colour",6,"84.7;83.6;264.2;86.2;263.2;266.8","102-158;1-43;44-81;198-222;81-101;159-179","0.253;0.372;0.357;0.332;0.228;0.373","overlap_r25_signtest","2026-10-02"
"bcc861",90,1988,"bcc","305","Film - Colour",2,"81.2;261.2","35-61;62-86","0.336;0.298","overlap_r25_signtest","2026-10-02"
"bcc87",270,1973,"bcc","305","Film - Colour",4,"266.4;86.5;85.6;266.7","171-240;104-170;241-304;305-335","0.253;0.308;0.224;0.214","overlap_r25_signtest","2026-10-02"
"bcc91078",90,1991,"bcc","305","Film - Colour",4,"84.6;264.6;264.8;264.4","24-83;84-143;1-23;200-220","0.599;0.323;0.422;0.379","overlap_r25_signtest","2026-10-02"
"bcc96011",90,1996,"bcc","305","Film - Colour",6,"266;86.1;266;86;265.2;86.1","1-49;50-91;92-128;129-146;147-161;162-171","0.404;0.453;0.444;0.101;0.206;0.498","overlap_r25_signtest","2026-10-02"
"bcc96047",90,1996,"bcc","305","Film - Colour",6,"272.5;92.9;272;91.3;265.1;86.8","124-204;39-100;111-123;101-110;1-9;17-24","0.389;0.545;0.532;0.345;0.236;0.169","overlap_r25_signtest","2026-10-02"
"bcc97155",90,1997,"bcc","305","Film - Colour",5,"88.7;268.8;88.8;89.2;269.1","47-108;109-163;164-214;1-23;24-46","0.224;0.232;0.220;0.104;0.055","overlap_r25_signtest","2026-10-02"
"bcc98",90,1974,"bcc","305","Film - Colour",6,"288.5;108.7;289;108.2;109.5;165.4","48-77;19-47;105-133;78-104;134-155;1-10","0.339;0.337;0.227;0.276;0.074;0.308","overlap_r25_signtest","2026-10-02"
