"series","bin","rolls","eligible","drawn"
"bc",1960,202,199,12
"bc",1965,568,558,5
"bc",1970,558,516,6
"bc",1975,625,603,4
"bc",1980,387,377,5
"bc",1985,474,469,4
"bcb",1990,559,549,4
"bcb",1995,398,389,4
"bcb",2000,81,80,4
"bcb",2005,1,1,1
"bcc",1965,8,8,8
"bcc",1970,23,23,4
"bcc",1975,103,102,4
"bcc",1980,81,78,4
"bcc",1985,710,710,4
"bcc",1990,552,545,4
"bcc",1995,597,591,4
"bcc",2000,299,293,4
"bcc",2005,439,435,4
"bcc",2010,26,26,4
"bcf",1985,2,1,1
"bcf",1995,5,5,5
"bcf",2005,1,1,1
"bci",1975,11,10,10
"bci",1980,2,2,2
"bci",1990,2,2,2
"bci",1995,2,2,2
