set,key,film_roll,frame,roll_b,frame_b,frame_next,step,bearing,line_break,p_nominal,p_agl,status,dr,dc,n_patches,nr,nc,p_img
negative,bcc243 914 305 3000,bcc243,1,bcc243,2,2,245.3316,222.8909,FALSE,0.6423,0.6419,matched,-4.5688,378.0899,561,1250,1250,0.6975
negative,bcc243 914 305 3000,bcc243,2,bcc243,3,3,244.5567,223.0792,FALSE,0.6434,0.643,matched,2.9907,445.2765,344,1250,1250,0.6438
negative,bcc232 4572 305 10000,bcc232,191,bcc232,192,192,782.1598,226.1356,FALSE,0.6578,0.7717,matched,17.9545,444.7384,228,1250,1250,0.6439
negative,bcc232 4572 305 10000,bcc232,192,bcc232,193,193,782.2035,226.1454,FALSE,0.6578,0.7717,no_match,,,0,1250,1250,
negative,bcc232 4572 305 10000,bcc232,193,bcc232,194,194,2220.3031,290.8465,FALSE,0.0287,0.3521,no_match,,,0,1250,1250,
negative,bcc232 4572 305 10000,bcc232,194,bcc232,195,195,928.1148,122.0519,FALSE,0.594,0.7292,matched,-4.1793,482.2163,233,1250,1250,0.6142
negative,bcc232 4572 305 10000,bcc232,195,bcc232,196,196,928.1792,122.0402,FALSE,0.594,0.7291,matched,24.9517,423.3759,279,1250,1250,0.6607
negative,bc5640 1584 153 9600,bc5640,191,bc5640,192,192,586.686,224.7662,FALSE,0.7327,0.7521,matched,410.2753,28.9023,212,1250,1250,0.671
negative,bc5640 1584 153 9600,bc5640,192,bc5640,193,193,586.7111,224.7735,FALSE,0.7327,0.7521,matched,384.3168,20.5322,86,1250,1250,0.6921
negative,bc5640 1584 153 9600,bc5640,193,bc5640,194,194,592.218,225.2162,FALSE,0.7301,0.7498,matched,377.698,57.2541,127,1250,1250,0.6944
negative,bc5640 1584 153 9600,bc5640,194,bc5640,195,195,586.7612,224.7884,FALSE,0.7326,0.7521,matched,347.7355,35.4304,185,1250,1250,0.7204
negative,bc5640 1584 153 9600,bc5640,1,bc5640,2,2,515.1005,62.4732,FALSE,0.7653,0.7824,no_match,,,0,1250,1250,
negative,bcc270 1524 305 5000,bcc270,83,bcc270,84,84,384.1691,38.9883,FALSE,0.6639,0.6637,matched,-1.4592,380.5988,356,1250,1250,0.6955
negative,bcc270 1524 305 5000,bcc270,84,bcc270,85,85,384.1604,38.9837,FALSE,0.6639,0.6637,matched,-2.0857,348.2123,549,1250,1250,0.7214
negative,bcc270 1524 305 5000,bcc270,85,bcc270,86,86,385.0401,38.8785,FALSE,0.6631,0.6629,matched,20.0003,348.3765,630,1250,1250,0.7208
negative,bcc270 1524 305 5000,bcc270,86,bcc270,87,87,380.1557,38.1772,FALSE,0.6674,0.6672,matched,14.2133,374.5992,487,1250,1250,0.7001
negative,bcc270 1524 305 5000,bcc270,87,bcc270,88,88,385.0224,38.8692,FALSE,0.6631,0.6629,matched,20.3186,372.192,446,1250,1250,0.7018
negative,bc79017 1128 153 5000,bc79017,43,bc79017,44,44,347.6632,278.0912,FALSE,0.6958,0.7937,matched,-27.4482,389.011,230,1250,1250,0.688
negative,bc79017 1128 153 5000,bc79017,44,bc79017,45,45,354.7936,278.0186,FALSE,0.6896,0.7895,matched,56.8827,395.3448,236,1250,1250,0.6805
negative,bc79017 1128 153 5000,bc79017,45,bc79017,46,46,354.5455,277.8472,FALSE,0.6898,0.7896,matched,14.6321,413.9314,347,1250,1250,0.6686
negative,bc79017 1128 153 5000,bc79017,46,bc79017,47,47,347.6479,278.1036,FALSE,0.6958,0.7937,matched,18.2442,375.9159,71,1250,1250,0.6989
negative,bc79017 1128 153 5000,bc79017,47,bc79017,48,48,354.5352,277.8555,FALSE,0.6898,0.7896,matched,-30.8872,375.9131,298,1250,1250,0.6983
negative,bc81047 7010 305 20000,bc81047,2,bc81047,3,3,1615.0494,270.3222,FALSE,0.6468,0.6926,matched,4.5373,463.3107,452,1250,1250,0.6293
negative,bc81047 7010 305 20000,bc81047,3,bc81047,4,4,1615.0428,270.3427,FALSE,0.6468,0.6926,matched,2.6312,456.6324,423,1249,1250,0.6347
negative,bc81047 7010 305 20000,bc81047,4,bc81047,5,5,1615.0359,270.3632,FALSE,0.6468,0.6926,matched,-0.7552,451.9275,518,1249,1250,0.6385
negative,bc81047 7010 305 20000,bc81047,5,bc81047,6,6,1559.8579,266.5514,FALSE,0.6588,0.7031,matched,-0.0528,479.5666,433,1249,1250,0.6163
negative,bc81047 7010 305 20000,bc81047,6,bc81047,7,7,1553.3917,266.6404,FALSE,0.6602,0.7043,matched,-4.1595,463.7056,510,1249,1250,0.629
negative,bc7650 6400 305 16000,bc7650,212,bc7650,213,213,1299.2172,91.0324,FALSE,0.6448,0.7292,matched,22.9348,435.2199,425,1250,1250,0.6513
negative,bc7650 6400 305 16000,bc7650,213,bc7650,214,214,1305.3328,91.0664,FALSE,0.6431,0.7279,matched,25.9447,422.4834,456,1250,1250,0.6614
negative,bc7650 6400 305 16000,bc7650,214,bc7650,215,215,1299.2018,91.0472,FALSE,0.6448,0.7292,matched,20.6591,412.1909,397,1250,1250,0.6698
negative,bc7650 6400 305 16000,bc7650,215,bc7650,216,216,1299.1909,91.0792,FALSE,0.6448,0.7292,matched,16.0486,393.0117,322,1250,1250,0.6853
negative,bc7650 6400 305 16000,bc7650,216,bc7650,217,217,1305.3242,91.0149,FALSE,0.6431,0.7279,matched,15.0906,387.0142,334,1250,1250,0.6902
negative,bc85001 7772 153 40000,bc85001,205,bc85001,206,206,3555.3813,88.0346,FALSE,0.6112,0.6938,matched,39.5776,402.9225,272,1250,1250,0.6761
negative,bc85001 7772 153 40000,bc85001,206,bc85001,207,207,3561.4711,88.0252,FALSE,0.6105,0.6933,matched,19.0656,401.1518,495,1250,1250,0.6787
negative,bc85001 7772 153 40000,bc85001,207,bc85001,208,208,3555.2292,88.031,FALSE,0.6112,0.6938,matched,30.6616,425.7264,115,1250,1250,0.6585
negative,bc85001 7772 153 40000,bc85001,208,bc85001,209,209,3555.1536,88.0383,FALSE,0.6112,0.6938,matched,18.3069,477.6479,152,1250,1250,0.6176
negative,bc85001 7772 153 40000,bc85001,209,bc85001,210,210,3555.0841,88.0455,FALSE,0.6112,0.6939,matched,19.7056,459.6246,538,1250,1250,0.632
negative,bc7309 6096 305 16000,bc7309,128,bc7309,129,129,1050.3436,90.9727,FALSE,0.7128,0.7701,matched,25.2154,385.5422,180,1250,1250,0.6909
negative,bc7309 6096 305 16000,bc7309,129,bc7309,130,130,1043.3811,90.9026,FALSE,0.7147,0.7716,matched,-18.7825,362.192,221,1250,1250,0.7099
negative,bc7309 6096 305 16000,bc7309,130,bc7309,131,131,2634.6746,21.1754,FALSE,0.2797,0.4234,no_match,,,2,1250,1250,
negative,bc7309 6096 305 16000,bc7309,131,bc7309,132,132,1086.0963,267.4061,FALSE,0.7031,0.7623,matched,-17.956,373.2705,212,1250,1250,0.701
negative,bc7309 6096 305 16000,bc7309,132,bc7309,133,133,1093.0517,267.4382,FALSE,0.7012,0.7608,matched,11.0124,353.9011,302,1250,1250,0.7167
negative,bc81001 1737 153 10000,bc81001,88,bc81001,89,89,622.9286,219.2432,FALSE,0.7275,0.76,matched,1.8704,491.0335,432,1250,1250,0.6072
negative,bc81001 1737 153 10000,bc81001,89,bc81001,90,90,627.7302,219.7376,FALSE,0.7254,0.7581,matched,-5.1365,469.9273,398,1250,1250,0.624
negative,bc81001 1737 153 10000,bc81001,90,bc81001,91,91,627.7543,219.7452,FALSE,0.7254,0.7581,matched,-17.6596,455.3535,425,1250,1250,0.6354
negative,bc81001 1737 153 10000,bc81001,91,bc81001,92,92,627.7784,219.7527,FALSE,0.7254,0.7581,matched,35.4328,492.0609,220,1250,1250,0.6053
negative,bc81001 1737 153 10000,bc81001,92,bc81001,93,93,628.6271,219.6922,FALSE,0.725,0.7578,matched,-29.3126,484.0757,179,1250,1250,0.612
negative,bc7787 8230 305 20000,bc7787,147,bc7787,148,148,1953.102,87.1156,FALSE,0.5728,0.6834,matched,-9.9946,443.0536,191,1250,1250,0.6455
negative,bc7787 8230 305 20000,bc7787,148,bc7787,149,149,1946.0562,87.159,FALSE,0.5744,0.6845,matched,-6.0197,536.8983,86,1250,1250,0.5705
negative,bc7787 8230 305 20000,bc7787,149,bc7787,150,150,1953.1064,87.1035,FALSE,0.5728,0.6834,matched,-8.7523,503.8039,114,1250,1250,0.5969
negative,bc7787 8230 305 20000,bc7787,150,bc7787,151,151,1946.0623,87.147,FALSE,0.5744,0.6845,matched,-16.0057,516.3023,159,1250,1250,0.5868
negative,bc7787 8230 305 20000,bc7787,151,bc7787,152,152,1953.1154,87.1241,FALSE,0.5728,0.6834,matched,-4.891,484.2206,223,1250,1250,0.6126
negative,bc7252 6096 305 16000,bc7252,260,bc7252,261,261,1228.5833,88.4238,FALSE,0.6641,0.7311,matched,-6.9002,-454.5309,202,1250,1250,0.6363
negative,bc7252 6096 305 16000,bc7252,261,bc7252,262,262,1222.3396,88.4586,FALSE,0.6658,0.7325,matched,10.052,-453.2554,300,1250,1250,0.6373
negative,bc7252 6096 305 16000,bc7252,262,bc7252,263,263,1228.5744,88.444,FALSE,0.6641,0.7311,matched,-10.9413,-415.4307,249,1250,1250,0.6675
negative,bc7252 6096 305 16000,bc7252,263,bc7252,264,264,1228.5728,88.4281,FALSE,0.6641,0.7311,matched,-15.3005,-449.9415,465,1250,1250,0.6398
negative,bc7252 6096 305 16000,bc7252,264,bc7252,265,265,1222.335,88.4108,FALSE,0.6658,0.7325,matched,-7.9667,-470.1316,489,1250,1250,0.6238
negative,bc7679 5486 305 16000,bc7679,165,bc7679,166,166,1279.5722,1.3555,FALSE,0.6502,0.6888,matched,-2.941,380.382,651,1250,1250,0.6957
negative,bc7679 5486 305 16000,bc7679,166,bc7679,167,167,1279.5854,1.3556,FALSE,0.6502,0.6888,matched,-3.2821,405.9659,613,1250,1250,0.6752
negative,bc7679 5486 305 16000,bc7679,167,bc7679,168,168,1279.654,1.0479,FALSE,0.6501,0.6888,matched,-1.2081,385.784,638,1250,1250,0.6914
negative,bc7679 5486 305 16000,bc7679,168,bc7679,169,169,1280.7264,1.3563,FALSE,0.6498,0.6885,matched,1.11,384.9567,637,1250,1250,0.692
negative,bc7679 5486 305 16000,bc7679,169,bc7679,170,170,1279.6249,1.3562,FALSE,0.6501,0.6888,matched,2.0912,405.9435,630,1250,1250,0.6752
negative,bc85017 5334 305 15000,bc85017,38,bc85017,39,39,1250.1107,356.8143,FALSE,0.6354,0.6873,matched,-42.0873,471.3496,540,1250,1250,0.6214
negative,bc85017 5334 305 15000,bc85017,39,bc85017,40,40,1251.2362,356.8148,FALSE,0.6351,0.687,matched,-24.7725,456.8693,551,1250,1250,0.634
negative,bc85017 5334 305 15000,bc85017,40,bc85017,41,41,1252.8023,358.676,FALSE,0.6346,0.6866,matched,4.9979,444.2782,592,1250,1250,0.6446
negative,bc85017 5334 305 15000,bc85017,41,bc85017,42,42,1253.7622,358.3641,FALSE,0.6344,0.6864,matched,-17.9791,442.0115,570,1250,1250,0.6461
negative,bc85017 5334 305 15000,bc85017,42,bc85017,43,43,1252.6574,358.3646,FALSE,0.6347,0.6867,matched,-12.0005,441.951,582,1250,1250,0.6463
negative,bc7435 6096 305 15840,bc7435,56,bc7435,57,57,1285.03,82.6142,FALSE,0.6451,0.7188,matched,-14.0634,400.8158,527,1250,1250,0.6792
negative,bc7435 6096 305 15840,bc7435,57,bc7435,58,58,1292.3316,82.5507,FALSE,0.6431,0.7172,matched,-10.4952,444.5952,440,1250,1250,0.6442
negative,bc7435 6096 305 15840,bc7435,58,bc7435,59,59,1292.3311,82.5856,FALSE,0.6431,0.7172,matched,49.2022,429.694,411,1250,1250,0.654
negative,bc7435 6096 305 15840,bc7435,59,bc7435,60,60,1285.0297,82.5713,FALSE,0.6451,0.7188,matched,24.1248,445.0245,336,1250,1250,0.6435
negative,bc7435 6096 305 15840,bc7435,60,bc7435,61,61,1292.331,82.557,FALSE,0.6431,0.7172,matched,17.9871,447.8778,369,1250,1250,0.6414
negative,bc85007 1615 153 10000,bc85007,75,bc85007,76,76,947.1125,143.4151,FALSE,0.5857,0.6075,matched,-5.7011,475.854,140,1250,1250,0.6193
negative,bc85007 1615 153 10000,bc85007,76,bc85007,77,77,946.2666,143.3406,FALSE,0.5861,0.6078,matched,-9.926,447.2489,135,1250,1250,0.6421
negative,bc85007 1615 153 10000,bc85007,77,bc85007,78,78,945.2818,143.2545,FALSE,0.5865,0.6083,no_match,,,0,1250,1250,
negative,bc85007 1615 153 10000,bc85007,78,bc85007,79,79,944.3408,143.1647,FALSE,0.5869,0.6086,matched,-27.9834,485.0864,286,1250,1250,0.6113
negative,bc85007 1615 153 10000,bc85007,79,bc85007,80,80,943.3178,143.082,FALSE,0.5874,0.6091,matched,-0.9331,473.9031,212,1250,1250,0.6209
negative,bc7390 5181 305 15000,bc7390,158,bc7390,159,159,1291.5036,272.3233,FALSE,0.6234,0.6674,no_match,,,0,1250,1250,
negative,bc7390 5181 305 15000,bc7390,159,bc7390,160,160,2127.7369,344.9724,FALSE,0.3795,0.4521,no_match,,,0,1250,1250,
negative,bc7390 5181 305 15000,bc7390,160,bc7390,161,161,1495.6529,91.1664,FALSE,0.5638,0.6148,no_match,,,0,1250,1250,
negative,bc7390 5181 305 15000,bc7390,161,bc7390,162,162,1495.6327,91.1919,FALSE,0.5638,0.6148,matched,8.1059,461.4747,549,1250,1250,0.6308
negative,bc7390 5181 305 15000,bc7390,162,bc7390,163,163,1495.6269,91.1747,FALSE,0.5638,0.6148,matched,-97.2268,456.8772,491,1250,1250,0.6263
negative,bc79043 7315 153 40000,bc79043,84,bc79043,85,85,3462.5729,86.527,FALSE,0.6213,0.6832,no_match,,,0,1250,1250,
negative,bc79043 7315 153 40000,bc79043,85,bc79043,86,86,3462.5924,86.5239,FALSE,0.6213,0.6832,no_match,,,0,1250,1250,
negative,bc79043 7315 153 40000,bc79043,86,bc79043,87,87,3462.6031,86.4839,FALSE,0.6213,0.6832,no_match,,,0,1250,1250,
negative,bc79043 7315 153 40000,bc79043,87,bc79043,88,88,3778.0109,86.353,FALSE,0.5868,0.6543,no_match,,,0,1250,1250,
negative,bc79043 7315 153 40000,bc79043,88,bc79043,89,89,3785.0411,86.3596,FALSE,0.5861,0.6537,no_match,,,0,1250,1250,
negative,bc7749 8230 305 20000,bc7749,202,bc7749,203,203,1927.9868,264.7611,FALSE,0.5783,0.6874,matched,-27.9072,495.2962,220,1250,1250,0.6031
negative,bc7749 8230 305 20000,bc7749,203,bc7749,204,204,1935.0612,264.7587,FALSE,0.5768,0.6863,matched,16.0158,507.9571,216,1250,1250,0.5934
negative,bc7749 8230 305 20000,bc7749,204,bc7749,205,205,1928.0919,264.7727,FALSE,0.5783,0.6874,matched,-17.0615,506.8979,153,1250,1250,0.5943
negative,bc7749 8230 305 20000,bc7749,205,bc7749,206,206,1928.1676,264.7619,FALSE,0.5783,0.6874,matched,-24.0891,463.68,157,1250,1250,0.6286
negative,bc7749 8230 305 20000,bc7749,206,bc7749,207,207,1935.2442,264.7598,FALSE,0.5767,0.6863,matched,3.0007,458.6285,342,1250,1250,0.6331
negative,bc81112 8230 153 40000,bc81112,64,bc81112,65,65,2619.4922,260.4286,FALSE,0.7135,0.787,matched,1.1471,371.661,311,1250,1250,0.7027
negative,bc81112 8230 153 40000,bc81112,65,bc81112,66,66,2619.4556,260.5803,FALSE,0.7135,0.787,matched,5.9665,385.499,175,1249,1250,0.6916
negative,bc81112 8230 153 40000,bc81112,66,bc81112,67,67,2619.4752,260.5859,FALSE,0.7135,0.787,matched,-19.1,368.7208,170,1249,1250,0.7046
negative,bc81112 8230 153 40000,bc81112,67,bc81112,68,68,2619.5057,260.5672,FALSE,0.7135,0.787,matched,27.8979,414.19,162,1249,1250,0.6679
negative,bc81112 8230 153 40000,bc81112,68,bc81112,69,69,2612.4387,260.5957,FALSE,0.7143,0.7875,no_match,,,10,1249,1250,
negative,bc7758 6553 305 20000,bc7758,180,bc7758,181,181,1752.8665,197.039,FALSE,0.6166,0.6431,matched,-18.3763,419.9856,588,1250,1250,0.6637
negative,bc7758 6553 305 20000,bc7758,181,bc7758,182,182,1748.2604,196.8658,FALSE,0.6176,0.644,matched,-7.9589,444.0162,589,1250,1250,0.6447
negative,bc7758 6553 305 20000,bc7758,182,bc7758,183,183,1752.972,197.0674,FALSE,0.6166,0.6431,matched,-13.1352,462.7749,558,1250,1250,0.6296
negative,bc7758 6553 305 20000,bc7758,183,bc7758,184,184,1751.99,197.095,FALSE,0.6168,0.6433,matched,-15.1285,476.133,493,1250,1250,0.6189
negative,bc7758 6553 305 20000,bc7758,184,bc7758,185,185,1749.4499,196.8949,FALSE,0.6174,0.6438,matched,-3.5956,510.687,320,1250,1250,0.5914
negative,bc5712 1585 153 9840,bc5712,227,bc5712,228,228,892.4813,6.3462,FALSE,0.6032,0.6231,no_match,,,0,1250,1250,
negative,bc5712 1585 153 9840,bc5712,229,bc5712,230,230,852.6586,141.8838,FALSE,0.6209,0.64,matched,6.1049,474.1327,236,1250,1250,0.6207
negative,bc5712 1585 153 9840,bc5712,230,bc5712,231,231,851.8223,141.8277,FALSE,0.6213,0.6403,no_match,,,0,1250,1250,
negative,bc5712 1585 153 9840,bc5712,231,bc5712,232,232,852.7371,141.864,FALSE,0.6209,0.6399,matched,2.0078,459.2223,374,1250,1250,0.6326
negative,bc5712 1585 153 9840,bc5712,232,bc5712,233,233,852.7764,141.854,FALSE,0.6209,0.6399,matched,-7.1407,503.1957,288,1250,1250,0.5974
negative,bc7824 8230 305 20000,bc7824,117,bc7824,118,118,2247.3972,85.1475,FALSE,0.5084,0.6357,matched,-30.101,501.6316,117,1250,1250,0.598
negative,bc7824 8230 305 20000,bc7824,118,bc7824,119,119,2247.3314,85.1499,FALSE,0.5085,0.6357,matched,96.159,531.399,82,1250,1250,0.568
negative,bc7824 8230 305 20000,bc7824,119,bc7824,120,120,2247.2664,85.1524,FALSE,0.5085,0.6357,matched,-25.3554,523.2395,291,1250,1250,0.5809
negative,bc7824 8230 305 20000,bc7824,120,bc7824,121,121,2240.1864,85.1495,FALSE,0.51,0.6368,matched,-22.9142,542.877,318,1250,1250,0.5653
negative,bc7824 8230 305 20000,bc7824,121,bc7824,122,122,2247.1724,85.129,FALSE,0.5085,0.6357,matched,17.56,490.7363,301,1250,1250,0.6072
negative,bc79148 7468 305 20000,bc79148,172,bc79148,173,173,4612.4043,307.8221,FALSE,-0.0088,0.176,no_match,,,0,1250,1250,
negative,bc79148 7468 305 20000,bc79148,173,bc79148,174,174,2279.5129,269.4622,FALSE,0.5014,0.5927,matched,-1.1574,459.1371,576,1250,1250,0.6327
negative,bc79148 7468 305 20000,bc79148,174,bc79148,175,175,2076.6524,270.6698,FALSE,0.5458,0.629,matched,-7.1182,440.7663,589,1250,1250,0.6473
negative,bc79148 7468 305 20000,bc79148,175,bc79148,176,176,1404.021,274.2958,FALSE,0.6929,0.7492,matched,-5.9433,449.5899,558,1250,1250,0.6403
negative,bc79148 7468 305 20000,bc79148,176,bc79148,177,177,1410.4116,274.1114,FALSE,0.6915,0.748,matched,-13.1966,452.2299,558,1250,1250,0.6381
negative,bc81107 4420 305 10000,bc81107,175,bc81107,176,176,847.5225,268.9451,FALSE,0.6293,0.7442,matched,-18.4906,348.1793,453,1250,1250,0.7211
negative,bc81107 4420 305 10000,bc81107,176,bc81107,177,177,854.5749,269.0344,FALSE,0.6262,0.742,matched,-15.7401,352.8213,497,1250,1250,0.7175
negative,bc81107 4420 305 10000,bc81107,177,bc81107,178,178,854.5872,268.9696,FALSE,0.6262,0.742,matched,-11.3041,335.8393,523,1249,1250,0.7312
negative,bc81107 4420 305 10000,bc81107,178,bc81107,179,179,854.5778,269.054,FALSE,0.6262,0.742,matched,-17.0662,345.8294,536,1249,1250,0.723
negative,bc81107 4420 305 10000,bc81107,179,bc81107,180,180,854.5902,268.9892,FALSE,0.6262,0.742,matched,-12.0961,354.5814,482,1249,1250,0.7162
negative,bcc195 5486 153 25000,bcc195,191,bcc195,192,192,5427.0862,152.3923,FALSE,0.0504,0.3379,no_match,,,0,1250,1250,
negative,bcc195 5486 153 25000,bcc195,192,bcc195,193,193,2492.1281,78.8004,FALSE,0.5639,0.696,matched,23.899,460.4071,48,1250,1250,0.6312
negative,bcc195 5486 153 25000,bcc195,193,bcc195,194,194,2491.7321,78.8229,FALSE,0.564,0.696,matched,17.237,546.0675,226,1250,1250,0.5629
negative,bcc195 5486 153 25000,bcc195,194,bcc195,195,195,2498.7408,78.8136,FALSE,0.5628,0.6952,matched,4.6551,525.9625,424,1250,1250,0.5792
negative,bcc195 5486 153 25000,bcc195,195,bcc195,196,196,2541.5197,83.1971,FALSE,0.5553,0.6899,matched,31.8503,535.8026,314,1250,1250,0.5706
negative,bc7327 6096 305 16000,bc7327,42,bc7327,43,43,1501.6354,266.5251,FALSE,0.5894,0.6713,matched,-52.9829,526.2452,478,1250,1250,0.5769
negative,bc7327 6096 305 16000,bc7327,43,bc7327,44,44,1507.9481,266.5938,FALSE,0.5877,0.67,matched,14.257,501.3413,460,1250,1250,0.5988
negative,bc7327 6096 305 16000,bc7327,44,bc7327,45,45,1507.9955,266.5707,FALSE,0.5877,0.67,no_match,,,0,1250,1250,
negative,bc7327 6096 305 16000,bc7327,45,bc7327,46,46,3320.1131,346.6198,FALSE,0.0923,0.2733,no_match,,,0,1250,1250,
negative,bc7327 6096 305 16000,bc7327,46,bc7327,47,47,1409.7942,92.9999,FALSE,0.6146,0.6914,no_match,,,0,1250,1250,
negative,bcc362 6096 305 15000,bcc362,90,bcc362,91,91,1458.1501,83.9637,FALSE,0.5748,0.6809,matched,-21.6216,433.863,485,1250,1250,0.6525
negative,bcc362 6096 305 15000,bcc362,91,bcc362,92,92,1450.8906,83.9424,FALSE,0.5769,0.6824,matched,-31.2707,451.9141,424,1250,1250,0.6376
negative,bcc362 6096 305 15000,bcc362,92,bcc362,93,93,1458.1356,83.9312,FALSE,0.5748,0.6809,matched,-28.8884,443.0625,560,1250,1250,0.6448
negative,bcc362 6096 305 15000,bcc362,93,bcc362,94,94,1458.1094,83.9586,FALSE,0.5748,0.6809,matched,-4.967,450.2475,508,1250,1250,0.6398
negative,bcc362 6096 305 15000,bcc362,94,bcc362,95,95,1458.0508,84.0733,FALSE,0.5748,0.6809,matched,-6.9406,483.1533,366,1250,1250,0.6134
negative,bc7513 6096 305 20000,bc7513,166,bc7513,167,167,1221.1737,268.3721,FALSE,0.7329,0.7327,matched,-17.0346,405.2129,558,1250,1250,0.6755
negative,bc7513 6096 305 20000,bc7513,167,bc7513,168,168,1214.5019,268.3857,FALSE,0.7344,0.7342,matched,11.2528,437.6231,602,1250,1250,0.6498
negative,bc7513 6096 305 20000,bc7513,168,bc7513,169,169,2597.3026,358.7507,FALSE,0.4319,0.4315,no_match,,,2,1250,1250,
negative,bc7513 6096 305 20000,bc7513,169,bc7513,170,170,1413.918,88.3689,FALSE,0.6907,0.6905,matched,-30.8389,404.3084,175,1250,1250,0.6756
negative,bc7513 6096 305 20000,bc7513,170,bc7513,171,171,1413.9125,88.397,FALSE,0.6907,0.6905,matched,28.8729,438.2493,608,1250,1250,0.6486
negative,bc7894 7315 305 20000,bc7894,249,bc7894,250,250,1857.4201,300.5023,FALSE,0.5937,0.6612,no_thumbnail,,,,,,
negative,bc7894 7315 305 20000,bc7894,250,bc7894,251,251,1861.317,300.3556,FALSE,0.5929,0.6605,no_thumbnail,,,,,,
negative,bc7894 7315 305 20000,bc7894,98,bc7894,99,99,1815.7345,120.924,FALSE,0.6029,0.6688,matched,-3.8821,440.604,589,1250,1250,0.6475
negative,bc7894 7315 305 20000,bc7894,99,bc7894,100,100,1817.2824,120.9573,FALSE,0.6025,0.6685,matched,-22.1548,413.8114,244,1250,1250,0.6685
negative,bc7894 7315 305 20000,bc7894,100,bc7894,101,101,1811.5122,121.0234,FALSE,0.6038,0.6696,matched,-3.8432,406.7725,619,1250,1250,0.6746
negative,bc7239 5638 305 16000,bc7239,155,bc7239,156,156,1507.908,141.1784,FALSE,0.5877,0.6432,no_match,,,0,1250,1250,
negative,bc7239 5638 305 16000,bc7239,156,bc7239,157,157,1503.5224,141.3855,FALSE,0.5889,0.6442,no_match,,,0,1250,1250,
negative,bc7239 5638 305 16000,bc7239,157,bc7239,158,158,1515.2841,140.9993,FALSE,0.5857,0.6414,no_match,,,7,1250,1250,
negative,bc7239 5638 305 16000,bc7239,159,bc7239,160,160,1401.4035,320.0092,FALSE,0.6169,0.6684,no_match,,,0,1250,1250,
negative,bc7239 5638 305 16000,bc7239,160,bc7239,161,161,1387.7507,320.3602,FALSE,0.6206,0.6716,no_match,,,0,1250,1250,
negative,bc77056 1006 153 5000,bc77056,72,bc77056,73,73,474.7529,310.7329,FALSE,0.5846,0.6841,matched,6.0632,441.2621,79,1250,1250,0.647
negative,bc77056 1006 153 5000,bc77056,73,bc77056,74,74,469.3653,311.3397,FALSE,0.5894,0.6877,matched,15.9842,457.8684,284,1250,1250,0.6335
negative,bc77056 1006 153 5000,bc77056,74,bc77056,75,75,476.9751,311.0401,FALSE,0.5827,0.6827,matched,38.1378,469.9784,244,1250,1250,0.6228
negative,bc77056 1006 153 5000,bc77056,75,bc77056,76,76,1261.3043,138.782,FALSE,-0.1035,0.1609,no_match,,,0,1250,1250,
negative,bc77056 1006 153 5000,bc77056,76,bc77056,77,77,423.5662,344.3889,FALSE,0.6294,0.7182,matched,31.254,444.6824,229,1250,1250,0.6434
negative,bc7296 6096 305 16000,bc7296,252,bc7296,253,253,1137.9998,84.793,FALSE,0.6889,0.7509,matched,45.0302,448.0905,219,1250,1250,0.6397
negative,bc7296 6096 305 16000,bc7296,253,bc7296,254,254,1131.3882,84.721,FALSE,0.6907,0.7524,matched,-34.0485,429.6649,335,1250,1250,0.6552
negative,bc7296 6096 305 16000,bc7296,254,bc7296,255,255,1131.3808,84.7637,FALSE,0.6907,0.7524,matched,21.7428,438.8582,539,1250,1250,0.6485
negative,bc7296 6096 305 16000,bc7296,255,bc7296,256,256,1137.9954,84.7514,FALSE,0.6889,0.7509,matched,36.8932,448.7141,531,1250,1250,0.6398
negative,bc7296 6096 305 16000,bc7296,256,bc7296,257,257,1131.378,84.7359,FALSE,0.6907,0.7524,matched,-4.7673,461.0809,492,1250,1250,0.6311
negative,bc7770 7925 305 25000,bc7770,88,bc7770,89,89,1617.088,81.5975,FALSE,0.717,0.7278,no_match,,,0,1250,1250,
negative,bc7770 7925 305 25000,bc7770,89,bc7770,90,90,1631.63,81.3874,FALSE,0.7145,0.7253,matched,1.0073,445.0854,516,1250,1250,0.6439
negative,bc7770 7925 305 25000,bc7770,90,bc7770,91,91,1697.6802,80.0769,FALSE,0.7029,0.7142,matched,-26.1513,440.3717,504,1250,1250,0.6471
negative,bc7770 7925 305 25000,bc7770,91,bc7770,92,92,1928.8553,82.1261,FALSE,0.6625,0.6753,matched,-20.0644,489.624,391,1250,1250,0.608
negative,bc7770 7925 305 25000,bc7770,92,bc7770,93,93,1928.8537,82.0716,FALSE,0.6625,0.6753,matched,-7.0021,430.0341,551,1250,1250,0.6559
negative,bc7406 5029 305 15000,bc7406,273,bc7406,274,274,1469.8798,139.8631,FALSE,0.5713,0.61,matched,33.4613,467.8258,558,1250,1250,0.6248
negative,bc7406 5029 305 15000,bc7406,274,bc7406,275,275,1470.8583,139.8735,FALSE,0.5711,0.6098,matched,5.0655,474.4721,576,1250,1250,0.6204
negative,bc7406 5029 305 15000,bc7406,275,bc7406,276,276,1466.4154,140.0733,FALSE,0.5723,0.611,matched,31.4448,497.8879,527,1250,1250,0.6009
negative,bc7406 5029 305 15000,bc7406,276,bc7406,277,277,1466.5339,140.0562,FALSE,0.5723,0.6109,matched,-74.4224,432.6283,252,1250,1250,0.6488
negative,bc7406 5029 305 15000,bc7406,277,bc7406,278,278,1471.219,139.8221,FALSE,0.5709,0.6097,matched,30.7727,452.0618,555,1250,1250,0.6375
negative,bcc192 1463 305 4800,bcc192,10,bcc192,11,11,461.8506,256.1299,FALSE,0.5791,0.5788,matched,43.6859,630.0117,149,1250,1250,0.4948
negative,bcc192 1463 305 4800,bcc192,11,bcc192,12,12,454.524,256.0712,FALSE,0.5858,0.5855,matched,-54.9938,577.8633,228,1250,1250,0.5356
negative,bcc192 1463 305 4800,bcc192,12,bcc192,13,13,454.7781,255.9398,FALSE,0.5855,0.5853,matched,3.1133,542.301,250,1250,1250,0.5662
negative,bcc192 1463 305 4800,bcc192,13,bcc192,14,14,461.8764,256.1456,FALSE,0.5791,0.5788,matched,-7.7402,517.8099,275,1250,1250,0.5857
negative,bcc192 1463 305 4800,bcc192,14,bcc192,15,15,454.7951,255.9503,FALSE,0.5855,0.5852,matched,-2.8473,519.3439,381,1250,1250,0.5845
negative,bc7529 6096 305 15000,bc7529,110,bc7529,111,111,1046.2949,83.5284,FALSE,0.6949,0.771,matched,12.8923,357.2956,395,1250,1250,0.714
negative,bc7529 6096 305 15000,bc7529,111,bc7529,112,112,1039.5001,83.5147,FALSE,0.6969,0.7725,matched,30.8125,366.401,533,1250,1250,0.7058
negative,bc7529 6096 305 15000,bc7529,112,bc7529,113,113,1046.2934,83.5035,FALSE,0.6949,0.771,matched,14.7329,329.7893,639,1250,1250,0.7359
negative,bc7529 6096 305 15000,bc7529,113,bc7529,114,114,1046.2926,83.491,FALSE,0.6949,0.771,matched,20.7687,399.8302,354,1250,1250,0.6797
negative,bc7529 6096 305 15000,bc7529,114,bc7529,115,115,1059.88,83.4808,FALSE,0.6909,0.768,matched,-1.6209,375.4615,325,1250,1250,0.6996
negative,bc79094 7620 305 20000,bc79094,224,bc79094,225,225,1479.5569,266.2424,FALSE,0.6764,0.7409,matched,5.2836,452.8104,99,1250,1250,0.6377
negative,bc79094 7620 305 20000,bc79094,225,bc79094,226,226,1462.7116,271.0651,FALSE,0.6801,0.7439,no_match,,,0,1250,1250,
negative,bc79094 7620 305 20000,bc79094,226,bc79094,227,227,1455.839,271.0868,FALSE,0.6816,0.7451,no_match,,,0,1250,1250,
negative,bc79094 7620 305 20000,bc79094,227,bc79094,228,228,1462.6968,271.0995,FALSE,0.6801,0.7439,matched,-10.694,464.9863,106,1250,1250,0.6279
negative,bc79094 7620 305 20000,bc79094,228,bc79094,229,229,1455.8061,271.0774,FALSE,0.6816,0.7451,matched,-10.3302,482.0446,115,1250,1250,0.6143
negative,bc85063 5334 305 15000,bc85063,42,bc85063,43,43,1086.0134,86.9469,FALSE,0.6833,0.7284,matched,2.9432,474.6629,574,1250,1250,0.6203
negative,bc85063 5334 305 15000,bc85063,43,bc85063,44,44,1086.0133,86.9334,FALSE,0.6833,0.7284,matched,9.0535,477.9611,571,1250,1250,0.6176
negative,bc85063 5334 305 15000,bc85063,44,bc85063,45,45,1092.5171,86.9784,FALSE,0.6814,0.7267,matched,-6.1707,478.8862,525,1250,1250,0.6169
negative,bc85063 5334 305 15000,bc85063,45,bc85063,46,46,1385.4546,85.7042,FALSE,0.596,0.6535,matched,-17.0277,476.1218,558,1250,1250,0.6189
negative,bc85063 5334 305 15000,bc85063,46,bc85063,47,47,1391.9475,85.6925,FALSE,0.5941,0.6518,matched,-11.0407,469.0243,558,1250,1250,0.6247
written,bc5598 2438 153 12000,bc5598,8,bc5598,9,9,537.8069,209.8969,FALSE,0.8039,0.8524,matched,230.9852,-4.4021,682,1250,1250,0.8152
written,bc5598 2438 153 12000,bc5598,9,bc5598,10,10,542.2255,210.5221,FALSE,0.8023,0.8511,matched,227.0796,23.8537,659,1250,1250,0.8173
written,bc5598 2438 153 12000,bc5598,10,bc5598,11,11,537.8348,209.909,FALSE,0.8039,0.8524,matched,225.8862,5.4525,674,1250,1250,0.8192
written,bc5598 2438 153 12000,bc5598,11,bc5598,12,12,542.2547,210.5343,FALSE,0.8023,0.8511,matched,222.0508,13.1499,712,1250,1250,0.822
written,bc5598 2438 153 12000,bc5598,12,bc5598,13,13,538.7532,209.8505,FALSE,0.8036,0.8521,matched,241.4661,2.287,719,1250,1250,0.8068
written,bc78065 3962 153 20000,bc78065,189,bc78065,190,190,861.5972,359.9033,FALSE,0.8115,0.8545,matched,1.0455,263.0313,762,1249,1250,0.7896
written,bc78065 3962 153 20000,bc78065,190,bc78065,191,191,996.4934,353.4683,FALSE,0.782,0.8317,matched,6.0531,260.9853,763,1249,1250,0.7912
written,bc78065 3962 153 20000,bc78065,191,bc78065,192,192,996.7967,353.0524,FALSE,0.782,0.8316,matched,2.0294,249.1536,800,1250,1250,0.8007
written,bc78065 3962 153 20000,bc78065,192,bc78065,193,193,996.5191,353.47,FALSE,0.782,0.8317,matched,1.9066,240.7026,791,1249,1250,0.8074
written,bc78065 3962 153 20000,bc78065,193,bc78065,194,194,997.6427,353.4732,FALSE,0.7818,0.8315,matched,5.5762,253.0205,789,1249,1250,0.7975
written,bc79027 1981 153 13000,bc79027,195,bc79027,196,196,398.9271,357.9832,FALSE,0.8658,0.8652,matched,-5.7026,196.9537,445,1250,1250,0.8424
written,bc79027 1981 153 13000,bc79027,196,bc79027,197,197,400.2396,359.024,FALSE,0.8653,0.8648,matched,-5.0912,192.0486,494,1250,1250,0.8463
written,bc79027 1981 153 13000,bc79027,197,bc79027,198,198,434.4795,357.8971,FALSE,0.8538,0.8532,matched,-5.5471,193.1587,527,1250,1250,0.8454
written,bc79027 1981 153 13000,bc79027,198,bc79027,199,199,434.4209,356.9354,FALSE,0.8538,0.8532,matched,-6.0509,194.7392,559,1250,1250,0.8441
written,bc79027 1981 153 13000,bc79027,199,bc79027,200,200,434.4847,357.8969,FALSE,0.8538,0.8532,matched,-7.1168,205.5035,513,1250,1250,0.8355
written,bc78153 7925 153 50000,bc78153,180,bc78153,181,181,1802.9344,266.7552,FALSE,0.8423,0.8477,matched,-6.9698,211.6118,802,1250,1250,0.8306
written,bc78153 7925 153 50000,bc78153,181,bc78153,182,182,1810.0825,266.7669,FALSE,0.8416,0.8471,matched,16.8779,189.1985,830,1250,1250,0.848
written,bc78153 7925 153 50000,bc78153,182,bc78153,183,183,1802.8436,266.7607,FALSE,0.8423,0.8477,matched,-23.6984,187.0015,684,1250,1250,0.8492
written,bc78153 7925 153 50000,bc78153,183,bc78153,184,184,1809.9508,266.7373,FALSE,0.8416,0.8471,matched,15.3185,188.2644,862,1250,1250,0.8489
written,bc78153 7925 153 50000,bc78153,184,bc78153,185,185,1802.924,266.9074,FALSE,0.8423,0.8477,matched,-1.7858,189.1101,834,1250,1250,0.8487
written,bc7454 2438 153 6000,bc7454,65,bc7454,66,66,235.5686,245.8474,FALSE,0.8283,0.9353,matched,-3.8901,217.6815,780,1250,1250,0.8258
written,bc7454 2438 153 6000,bc7454,66,bc7454,67,67,242.1901,246.6115,FALSE,0.8234,0.9335,matched,-13.9992,223.399,759,1250,1250,0.8209
written,bc7454 2438 153 6000,bc7454,67,bc7454,68,68,235.5744,245.853,FALSE,0.8282,0.9353,matched,-3.08,219.0054,801,1250,1250,0.8248
written,bc7454 2438 153 6000,bc7454,68,bc7454,69,69,242.1961,246.617,FALSE,0.8234,0.9335,matched,34.1732,218.126,806,1250,1250,0.8234
written,bc7454 2438 153 6000,bc7454,69,bc7454,70,70,235.58,245.8585,FALSE,0.8282,0.9353,matched,-35.1077,209.5081,780,1250,1250,0.8301
written,bc5561 1920 153 12000,bc5561,9,bc5561,10,10,489.1015,173.1251,FALSE,0.8217,0.8295,matched,224.5798,37.7667,741,1250,1250,0.8178
written,bc5561 1920 153 12000,bc5561,10,bc5561,11,11,485.2816,173.9539,FALSE,0.8231,0.8308,matched,233.3587,19.4241,800,1250,1250,0.8127
written,bc5561 1920 153 12000,bc5561,11,bc5561,12,12,486.3876,173.9611,FALSE,0.8227,0.8305,matched,221.9899,-0.2262,832,1250,1250,0.8224
written,bc5561 1920 153 12000,bc5561,12,bc5561,13,13,485.7688,173.0934,FALSE,0.8229,0.8307,matched,227.2665,29.1344,775,1250,1250,0.8167
written,bc5561 1920 153 12000,bc5561,13,bc5561,14,14,485.2724,173.9518,FALSE,0.8231,0.8308,matched,211.1957,18.2082,832,1250,1250,0.8304
written,bc78016 3109 153 20000,bc78016,22,bc78016,23,23,792.5151,101.6189,FALSE,0.8267,0.8294,matched,4.112,242.95,544,1249,1250,0.8056
written,bc78016 3109 153 20000,bc78016,23,bc78016,24,24,799.4922,101.5149,FALSE,0.8251,0.8279,matched,4.9665,241.5635,555,1249,1250,0.8067
written,bc78016 3109 153 20000,bc78016,24,bc78016,25,25,793.191,101.8373,FALSE,0.8265,0.8292,matched,-1.9768,252.9873,552,1249,1250,0.7976
written,bc78016 3109 153 20000,bc78016,25,bc78016,26,26,828.6126,98.5457,FALSE,0.8188,0.8216,matched,2.008,240.6955,566,1249,1250,0.8074
written,bc78016 3109 153 20000,bc78016,26,bc78016,27,27,828.781,98.6124,FALSE,0.8187,0.8216,matched,-2.1636,242.0686,541,1250,1250,0.8063
written,bc86103 2804 153 16000,bc86103,161,bc86103,162,162,551.1743,175.2153,FALSE,0.8493,0.8684,matched,-57.9359,211.0461,115,1250,1250,0.8249
written,bc86103 2804 153 16000,bc86103,162,bc86103,163,163,551.0247,174.4557,FALSE,0.8493,0.8685,matched,19.088,192.985,438,1250,1250,0.8449
written,bc86103 2804 153 16000,bc86103,163,bc86103,164,164,551.1659,175.2159,FALSE,0.8493,0.8684,matched,5.0866,183.172,516,1250,1250,0.8534
written,bc86103 2804 153 16000,bc86103,164,bc86103,165,165,551.0162,174.4561,FALSE,0.8494,0.8685,matched,-8.9954,225.9362,504,1250,1250,0.8191
written,bc86103 2804 153 16000,bc86103,165,bc86103,166,166,633.3322,172.3722,FALSE,0.8268,0.8488,matched,9.78,220.2231,525,1250,1250,0.8236
written,bcc162 1250 305 3000,bcc162,1,bcc162,2,2,208.8111,214.9337,FALSE,0.6955,0.7771,matched,-17.9126,433.6953,602,1250,1250,0.6527
written,bcc162 1250 305 3000,bcc162,2,bcc162,3,3,208.8136,214.9362,FALSE,0.6955,0.7771,matched,-0.8582,400.06,604,1250,1250,0.68
written,bcc162 1250 305 3000,bcc162,3,bcc162,4,4,204.2801,213.4175,FALSE,0.7021,0.782,matched,8.8134,433.5675,465,1250,1250,0.6531
written,bcc162 1250 305 3000,bcc162,4,bcc162,5,5,209.6679,214.7442,FALSE,0.6943,0.7762,matched,-4.2748,402.6372,324,1250,1250,0.6779
written,bcc162 1250 305 3000,bcc162,5,bcc162,6,6,208.8213,214.9436,FALSE,0.6955,0.7771,matched,-14.437,429.9651,245,1250,1250,0.6558
written,bc77115 823 153 5000,bc77115,112,bc77115,113,113,386.3538,89.5627,FALSE,0.662,0.6858,matched,10.0828,443.6527,217,1250,1250,0.645
written,bc77115 823 153 5000,bc77115,113,bc77115,114,114,393.6733,89.6865,FALSE,0.6556,0.6799,matched,-11.2264,434.9145,409,1250,1250,0.652
written,bc77115 823 153 5000,bc77115,114,bc77115,115,115,393.6381,89.5205,FALSE,0.6556,0.6799,matched,6.1134,425.1712,479,1250,1250,0.6598
written,bc77115 823 153 5000,bc77115,115,bc77115,116,116,393.7568,90.0009,FALSE,0.6555,0.6798,matched,0.8716,419.0037,57,1250,1250,0.6648
written,bc77115 823 153 5000,bc77115,67,bc77115,68,68,376.0602,143.6065,FALSE,0.671,0.6942,matched,-18.0959,421.0642,255,1250,1250,0.6628
positive,bc85054 3810 153 15000,bc85054,162,bc85054,163,163,2353.1753,263.5827,FALSE,0.3137,0.5866,matched,-10.0711,495.8643,524,1250,1250,0.6032
unrelated,,bcc243,1,bcc232,192,,,,,,,no_match,,,0,1250,1250,
unrelated,,bcc232,191,bc5640,192,,,,,,,no_match,,,0,1250,1250,
unrelated,,bc5640,191,bcc270,84,,,,,,,no_match,,,0,1250,1250,
unrelated,,bcc270,83,bc79017,44,,,,,,,no_match,,,0,1250,1250,
unrelated,,bc79017,43,bc81047,3,,,,,,,no_match,,,0,1250,1250,
unrelated,,bc81047,2,bc7650,213,,,,,,,no_match,,,0,1250,1250,
unrelated,,bc7650,212,bc85001,206,,,,,,,no_match,,,0,1250,1250,
unrelated,,bc85001,205,bc7309,129,,,,,,,no_match,,,0,1250,1250,
unrelated,,bc7309,128,bc81001,89,,,,,,,no_match,,,0,1250,1250,
unrelated,,bc81001,88,bc7787,148,,,,,,,no_match,,,0,1250,1250,
unrelated,,bc7787,147,bc7252,261,,,,,,,no_match,,,0,1250,1250,
unrelated,,bc7252,260,bc7679,166,,,,,,,no_match,,,0,1250,1250,
unrelated,,bc7679,165,bc85017,39,,,,,,,no_match,,,0,1250,1250,
unrelated,,bc85017,38,bc7435,57,,,,,,,no_match,,,0,1250,1250,
unrelated,,bc7435,56,bc85007,76,,,,,,,no_match,,,0,1250,1250,
unrelated,,bc85007,75,bc7390,159,,,,,,,no_match,,,0,1250,1250,
unrelated,,bc7390,158,bc79043,85,,,,,,,no_match,,,0,1250,1250,
unrelated,,bc79043,84,bc7749,203,,,,,,,no_match,,,0,1250,1250,
unrelated,,bc7749,202,bc81112,65,,,,,,,no_match,,,0,1250,1250,
unrelated,,bc81112,64,bc7758,181,,,,,,,no_match,,,0,1250,1250,
unrelated,,bc7758,180,bc5712,228,,,,,,,no_match,,,0,1250,1250,
unrelated,,bc5712,227,bc7824,118,,,,,,,no_match,,,0,1250,1250,
unrelated,,bc7824,117,bc79148,173,,,,,,,no_match,,,0,1250,1250,
unrelated,,bc79148,172,bc81107,176,,,,,,,no_match,,,0,1250,1250,
unrelated,,bc81107,175,bcc195,192,,,,,,,no_match,,,0,1250,1250,
unrelated,,bcc195,191,bc7327,43,,,,,,,no_match,,,0,1250,1250,
unrelated,,bc7327,42,bcc362,91,,,,,,,no_match,,,0,1250,1250,
unrelated,,bcc362,90,bc7513,167,,,,,,,no_match,,,0,1250,1250,
unrelated,,bc7513,166,bc7894,250,,,,,,,no_thumbnail,,,,,,
unrelated,,bc7894,249,bc7239,156,,,,,,,no_thumbnail,,,,,,
unrelated,,bc7239,155,bc77056,73,,,,,,,no_match,,,0,1250,1250,
unrelated,,bc77056,72,bc7296,253,,,,,,,no_match,,,0,1250,1250,
unrelated,,bc7296,252,bc7770,89,,,,,,,no_match,,,0,1250,1250,
unrelated,,bc7770,88,bc7406,274,,,,,,,no_match,,,0,1250,1250,
unrelated,,bc7406,273,bcc192,11,,,,,,,no_match,,,0,1250,1250,
unrelated,,bcc192,10,bc7529,111,,,,,,,no_match,,,0,1250,1250,
unrelated,,bc7529,110,bc79094,225,,,,,,,no_match,,,2,1250,1250,
unrelated,,bc79094,224,bc85063,43,,,,,,,no_match,,,0,1250,1250,
key,bc5715 732 153 4800,bc5715,82,bc5715,83,83,875.8803,239.2334,FALSE,0.2018,0.1992,no_match,,,4,1250,1250,
key,bc5715 732 153 4800,bc5715,83,bc5715,84,84,881.8094,239.5323,FALSE,0.1964,0.1937,matched,591.0666,-13.8563,207,1250,1250,0.527
key,bc77026 2042 305 6000,bc77026,140,bc77026,141,141,797.4589,268.1206,FALSE,0.4186,0.479,matched,-3.785,229.4106,775,1250,1250,0.8164
key,bc77026 2042 305 6000,bc77026,141,bc77026,142,142,797.4579,268.1297,FALSE,0.4186,0.479,matched,-12.2944,230.96,775,1250,1250,0.815
key,bc77026 2042 305 6000,bc77026,142,bc77026,143,143,804.5764,268.1345,FALSE,0.4134,0.4743,matched,14.93,247.187,800,1250,1250,0.8019
key,bc77026 2042 305 6000,bc77026,143,bc77026,144,144,797.4558,268.1479,FALSE,0.4186,0.479,matched,-24.0801,277.362,744,1250,1250,0.7773
key,bc77026 2042 305 6000,bc77026,144,bc77026,145,145,797.4646,268.2369,FALSE,0.4186,0.479,matched,21.9713,269.7604,768,1250,1250,0.7835
key,bc77026 2042 305 6000,bc77026,145,bc77026,146,146,797.445,268.086,FALSE,0.4186,0.479,matched,-24.0025,267.9896,744,1250,1250,0.7848
key,bc77026 2042 305 6000,bc77026,146,bc77026,147,147,797.4526,268.1751,FALSE,0.4186,0.479,matched,3.8503,247.9524,800,1250,1250,0.8016
key,bc77026 2042 305 6000,bc77026,147,bc77026,148,148,804.5628,268.1007,FALSE,0.4134,0.4743,matched,0.6674,229.1044,797,1250,1250,0.8167
key,bc77026 2042 305 6000,bc77026,148,bc77026,149,149,797.4506,268.1933,FALSE,0.4186,0.479,matched,6.1466,244.8819,795,1250,1250,0.804
key,bc77026 2042 305 6000,bc77026,149,bc77026,150,150,797.4411,268.1224,FALSE,0.4186,0.479,matched,-8.0121,256.5709,693,1250,1250,0.7946
key,bc77026 2042 305 6000,bc77026,150,bc77026,151,151,797.4487,268.2114,FALSE,0.4186,0.479,matched,19.9919,232.8964,775,1250,1250,0.813
key,bc77026 2042 305 6000,bc77026,151,bc77026,152,152,804.5588,268.137,FALSE,0.4134,0.4743,matched,1.5814,229.6397,791,1250,1250,0.8163
key,bc77026 2042 305 6000,bc77026,152,bc77026,153,153,797.4384,268.1497,FALSE,0.4186,0.479,matched,6.9631,233.8516,794,1250,1250,0.8128
key,bc77026 2042 305 6000,bc77026,153,bc77026,154,154,797.4374,268.1587,FALSE,0.4186,0.479,matched,3.2656,240.8809,800,1250,1250,0.8073
key,bc77026 2042 305 6000,bc77026,154,bc77026,155,155,797.4365,268.1678,FALSE,0.4186,0.479,matched,3.1626,248.6688,800,1250,1250,0.801
key,bc77026 2042 305 6000,bc77026,155,bc77026,156,156,797.4357,268.1769,FALSE,0.4186,0.479,matched,-0.0164,238.8999,800,1250,1250,0.8089
key,bc77026 2042 305 6000,bc77026,156,bc77026,157,157,804.5476,268.1032,FALSE,0.4134,0.4743,matched,4.1436,237.841,800,1250,1250,0.8097
key,bc77026 2042 305 6000,bc77026,157,bc77026,158,158,797.434,268.1951,FALSE,0.4186,0.479,matched,-7.3421,230.1407,775,1250,1250,0.8158
key,bc77026 2042 305 6000,bc77026,158,bc77026,159,159,797.4263,268.1242,FALSE,0.4186,0.479,matched,7.892,215.0786,832,1250,1250,0.8278
key,bc77026 2042 305 6000,bc77026,159,bc77026,160,160,797.4325,268.2132,FALSE,0.4186,0.479,matched,13.0509,215.0788,831,1250,1250,0.8276
key,bc77026 2042 305 6000,bc77026,160,bc77026,161,161,804.5443,268.1395,FALSE,0.4134,0.4743,matched,-2.7868,239.6352,773,1250,1250,0.8083
key,bc77026 2042 305 6000,bc77026,161,bc77026,162,162,797.4241,268.1515,FALSE,0.4186,0.479,matched,4.0848,245.7729,800,1250,1250,0.8034
key,bc77026 2042 305 6000,bc77026,162,bc77026,163,163,797.4233,268.1605,FALSE,0.4186,0.479,matched,25.9242,216.6524,832,1250,1250,0.8254
key,bc77026 2042 305 6000,bc77026,163,bc77026,164,164,797.4226,268.1696,FALSE,0.4186,0.479,matched,-28.1123,235.5876,775,1250,1250,0.8102
key,bc77026 2042 305 6000,bc77026,164,bc77026,165,165,804.5362,268.0966,FALSE,0.4134,0.4743,matched,7.2609,232.4064,800,1250,1250,0.814
key,bc77026 2042 305 6000,bc77026,165,bc77026,166,166,797.4214,268.1878,FALSE,0.4186,0.479,matched,2.9983,254.7853,754,1250,1250,0.7962
key,bc77026 2042 305 6000,bc77026,166,bc77026,167,167,797.4206,268.1969,FALSE,0.4186,0.479,matched,30.435,231.0543,773,1250,1250,0.8136
key,bc77026 2042 305 6000,bc77026,167,bc77026,168,168,797.4147,268.126,FALSE,0.4186,0.479,matched,-11.8626,226.8537,772,1250,1250,0.8183
key,bc77026 2042 305 6000,bc77026,168,bc77026,169,169,797.4141,268.135,FALSE,0.4186,0.479,matched,15.1343,247.8657,800,1250,1250,0.8013
key,bc77026 2042 305 6000,bc77026,169,bc77026,170,170,804.5385,268.2213,FALSE,0.4134,0.4743,matched,3.352,231.8673,799,1250,1250,0.8145
key,bc77026 2042 305 6000,bc77026,170,bc77026,171,171,797.4129,268.1533,FALSE,0.4186,0.479,matched,14.301,235.7858,743,1250,1250,0.811
key,bc77026 2042 305 6000,bc77026,171,bc77026,172,172,797.4124,268.1623,FALSE,0.4186,0.479,matched,-28.0548,266.9796,412,1250,1250,0.7852
key,bc77026 2042 305 6000,bc77026,172,bc77026,173,173,797.4118,268.1714,FALSE,0.4186,0.479,matched,17.7806,254.0211,504,1250,1250,0.7963
key,bc77026 2042 305 6000,bc77026,173,bc77026,174,174,818.8,268.4858,FALSE,0.403,0.465,no_match,,,0,1250,1250,
key,bc77026 2042 305 6000,bc77026,174,bc77026,175,175,28084.4007,92.2151,TRUE,-19.4756,-17.3499,no_match,,,0,1250,1250,
key,bc77026 2042 305 6000,bc77026,175,bc77026,176,176,769.3519,268.5431,FALSE,0.4391,0.4973,matched,40.8523,194.1928,725,1250,1250,0.8412
key,bc77026 2042 305 6000,bc77026,176,bc77026,177,177,762.2113,268.4767,FALSE,0.4443,0.502,matched,-5.1239,225.918,744,1250,1250,0.8192
key,bc77026 2042 305 6000,bc77026,177,bc77026,178,178,769.3484,268.5605,FALSE,0.4391,0.4973,matched,-10.1283,240.9548,701,1250,1250,0.8071
key,bc77026 2042 305 6000,bc77026,178,bc77026,179,179,769.3465,268.5692,FALSE,0.4391,0.4973,matched,22.3896,228.6563,681,1250,1250,0.8162
key,bc77026 2042 305 6000,bc77026,179,bc77026,180,180,762.223,268.5865,FALSE,0.4443,0.502,matched,-6.9739,272.47,544,1250,1250,0.782
key,bc77026 2042 305 6000,bc77026,180,bc77026,181,181,769.3259,268.5038,FALSE,0.4391,0.4973,matched,-6.83,297.2765,571,1250,1250,0.7621
key,bc77026 2042 305 6000,bc77026,181,bc77026,182,182,762.2024,268.5202,FALSE,0.4443,0.502,matched,14.7813,234.9925,764,1250,1250,0.8116
key,bc77026 2042 305 6000,bc77026,182,bc77026,183,183,769.3394,268.604,FALSE,0.4391,0.4973,matched,-9.4875,247.5585,767,1250,1250,0.8018
key,bc77026 2042 305 6000,bc77026,183,bc77026,184,184,762.1988,268.5376,FALSE,0.4443,0.502,matched,37.8587,238.2004,741,1250,1250,0.807
key,bc77026 2042 305 6000,bc77026,184,bc77026,185,185,769.3189,268.5386,FALSE,0.4391,0.4973,matched,-20.0592,248.0993,774,1250,1250,0.8009
key,bc77026 2042 305 6000,bc77026,185,bc77026,186,186,762.1956,268.555,FALSE,0.4443,0.502,matched,-5.1008,262.0027,742,1250,1250,0.7904
key,bc77026 2042 305 6000,bc77026,186,bc77026,187,187,769.3156,268.556,FALSE,0.4391,0.4973,matched,22.0159,264.9496,768,1250,1250,0.7873
key,bc77026 2042 305 6000,bc77026,187,bc77026,188,188,769.3139,268.5647,FALSE,0.4391,0.4973,matched,-18.2934,247.7896,775,1250,1250,0.8012
key,bc77026 2042 305 6000,bc77026,188,bc77026,189,189,762.1905,268.5812,FALSE,0.4443,0.502,matched,-14.3445,260.3659,739,1250,1250,0.7914
key,bc77026 2042 305 6000,bc77026,189,bc77026,190,190,769.2953,268.4993,FALSE,0.4391,0.4974,matched,22.154,258.9571,768,1250,1250,0.7921
key,bc77026 2042 305 6000,bc77026,190,bc77026,191,191,762.1873,268.5986,FALSE,0.4443,0.502,matched,5.8333,212.0365,832,1250,1250,0.8303
key,bc77026 2042 305 6000,bc77026,191,bc77026,192,192,769.2921,268.5167,FALSE,0.4391,0.4974,matched,12.7922,247.1002,799,1250,1250,0.8021
key,bc77026 2042 305 6000,bc77026,192,bc77026,193,193,762.1686,268.5324,FALSE,0.4443,0.502,matched,16.0128,235.832,800,1250,1250,0.8109
key,bc77026 2042 305 6000,bc77026,193,bc77026,194,194,769.2891,268.5341,FALSE,0.4391,0.4974,matched,5.5799,260.9331,768,1250,1250,0.7912
key,bc77026 2042 305 6000,bc77026,194,bc77026,195,195,762.181,268.6334,FALSE,0.4443,0.502,matched,18.8403,249.4919,800,1250,1250,0.7998
key,bc77026 2042 305 6000,bc77026,195,bc77026,196,196,769.2858,268.5515,FALSE,0.4391,0.4974,matched,11.1184,250.7486,800,1250,1250,0.7992
key,bc77026 2042 305 6000,bc77026,196,bc77026,197,197,769.2843,268.5602,FALSE,0.4391,0.4974,matched,-6.0611,240.4554,775,1250,1250,0.8076
key,bc77026 2042 305 6000,bc77026,197,bc77026,198,198,762.1473,268.4923,FALSE,0.4443,0.502,matched,14.4811,227.0739,800,1250,1250,0.818
key,bc77026 2042 305 6000,bc77026,198,bc77026,199,199,769.2966,268.6605,FALSE,0.4391,0.4974,matched,16.999,250.736,799,1250,1250,0.799
key,bc77026 2042 305 6000,bc77026,199,bc77026,200,200,762.1442,268.5097,FALSE,0.4443,0.502,matched,-3.2719,231.0375,770,1250,1250,0.8152
key,bc77026 2042 305 6000,bc77026,200,bc77026,201,201,769.2783,268.595,FALSE,0.4391,0.4974,matched,-5.0331,251.002,763,1250,1250,0.7992
key,bc77026 2042 305 6000,bc77026,201,bc77026,202,202,762.1414,268.5271,FALSE,0.4443,0.502,matched,5.0589,255.2144,722,1250,1250,0.7958
key,bc77026 2042 305 6000,bc77026,202,bc77026,203,203,769.2618,268.5296,FALSE,0.4392,0.4974,matched,8.9822,219.7928,814,1250,1250,0.824
key,bc77026 2042 305 6000,bc77026,203,bc77026,204,204,762.1386,268.5445,FALSE,0.4443,0.502,matched,-1.1111,222.433,762,1250,1250,0.8221
key,bc77026 2042 305 6000,bc77026,204,bc77026,205,205,769.2592,268.547,FALSE,0.4392,0.4974,matched,12.0908,255.8248,692,1250,1250,0.7951
key,bc77026 2042 305 6000,bc77026,205,bc77026,206,206,769.2715,268.6386,FALSE,0.4391,0.4974,matched,13.0799,226.6435,783,1250,1250,0.8184
key,bc77026 2042 305 6000,bc77026,206,bc77026,207,207,762.1223,268.487,FALSE,0.4444,0.502,matched,13.1876,247.7909,764,1250,1250,0.8015
key,bc77026 2042 305 6000,bc77026,207,bc77026,208,208,769.255,268.5731,FALSE,0.4392,0.4974,matched,22.7959,210.1471,830,1250,1250,0.8309
key,bc77026 2042 305 6000,bc77026,208,bc77026,209,209,762.132,268.588,FALSE,0.4443,0.502,matched,1.1614,252.0785,720,1250,1250,0.7983
key,bc77026 2042 305 6000,bc77026,209,bc77026,210,210,769.2523,268.5905,FALSE,0.4392,0.4974,matched,9.9577,226.9405,713,1250,1250,0.8183
key,bc77026 2042 305 6000,bc77026,210,bc77026,211,211,762.1171,268.5218,FALSE,0.4444,0.502,matched,3.9234,222.0378,489,1250,1250,0.8223
key,bc77026 2042 305 6000,bc77026,211,bc77026,212,212,769.2497,268.6079,FALSE,0.4392,0.4974,matched,15.019,239.6173,322,1250,1250,0.8079
key,bc77026 2042 305 6000,bc77026,212,bc77026,213,213,769.2365,268.5338,FALSE,0.4392,0.4974,matched,0.5359,220.0649,224,1250,1250,0.8239
key,bc77026 2042 305 6000,bc77026,213,bc77026,214,214,762.1135,268.5479,FALSE,0.4444,0.502,matched,18.1506,248.1717,316,1250,1250,0.8009
key,bc77026 2042 305 6000,bc77026,214,bc77026,215,215,769.234,268.5512,FALSE,0.4392,0.4974,matched,2.8644,227.1499,387,1250,1250,0.8183
key,bc77026 2042 305 6000,bc77026,215,bc77026,216,216,762.1111,268.5653,FALSE,0.4444,0.502,matched,20.9663,231.3782,357,1250,1250,0.8141
key,bc77026 2042 305 6000,bc77026,216,bc77026,217,217,769.2437,268.6515,FALSE,0.4392,0.4974,matched,12.9563,244.4346,235,1250,1250,0.8042
key,bc77026 2042 305 6000,bc77026,217,bc77026,218,218,790.7103,269.1262,FALSE,0.4235,0.4834,matched,35.0012,245.0061,196,1250,1250,0.802
key,bc77026 2042 305 6000,bc77026,218,bc77026,219,219,2626.783,69.1045,TRUE,-0.9151,-0.7163,no_match,,,0,1250,1250,
key,bc77026 2042 305 6000,bc77026,219,bc77026,220,220,804.6923,88.4443,FALSE,0.4133,0.4742,matched,-7.9364,242.8876,323,1250,1250,0.8056
key,bc77026 2042 305 6000,bc77026,220,bc77026,221,221,804.7034,88.5144,FALSE,0.4133,0.4742,matched,-23.7819,207.5084,518,1250,1250,0.8329
key,bc77026 2042 305 6000,bc77026,221,bc77026,222,222,804.7164,88.5845,FALSE,0.4133,0.4742,matched,-3.9706,222.8835,552,1250,1250,0.8217
key,bc77026 2042 305 6000,bc77026,222,bc77026,223,223,797.5854,88.5011,FALSE,0.4185,0.4789,no_match,,,0,1250,1250,
key,bc77026 2042 305 6000,bc77026,223,bc77026,224,224,804.7073,88.4871,FALSE,0.4133,0.4742,matched,-50.2518,230.8808,665,1250,1250,0.811
key,bc77026 2042 305 6000,bc77026,224,bc77026,225,225,804.7202,88.5571,FALSE,0.4133,0.4742,matched,10.1801,238.964,492,1250,1250,0.8087
key,bc77026 2042 305 6000,bc77026,225,bc77026,226,226,804.71,88.4688,FALSE,0.4133,0.4742,matched,-5.9618,216.9011,733,1250,1250,0.8264
key,bc77026 2042 305 6000,bc77026,226,bc77026,227,227,804.7229,88.5389,FALSE,0.4133,0.4742,matched,-32.0656,249.2849,698,1250,1250,0.7989
key,bc77026 2042 305 6000,bc77026,227,bc77026,228,228,804.7242,88.5297,FALSE,0.4133,0.4742,matched,-7.2791,259.6153,681,1250,1250,0.7922
key,bc77026 2042 305 6000,bc77026,228,bc77026,229,229,804.7258,88.5206,FALSE,0.4133,0.4742,matched,-13.906,294.1562,589,1250,1250,0.7644
key,bc77026 2042 305 6000,bc77026,229,bc77026,230,230,804.7271,88.5114,FALSE,0.4133,0.4742,matched,-41.0898,278.5336,344,1250,1250,0.7748
key,bc77026 2042 305 6000,bc77026,230,bc77026,231,231,804.7285,88.5023,FALSE,0.4133,0.4742,matched,3.2224,261.4209,532,1250,1250,0.7908
key,bc77026 2042 305 6000,bc77026,231,bc77026,232,232,804.73,88.4931,FALSE,0.4133,0.4742,matched,23.3731,249.5575,615,1250,1250,0.7995
key,bc77026 2042 305 6000,bc77026,232,bc77026,233,233,804.7314,88.484,FALSE,0.4133,0.4742,matched,2.1817,233.25,790,1250,1250,0.8134
key,bc77026 2042 305 6000,bc77026,233,bc77026,234,234,797.6254,88.5604,FALSE,0.4185,0.4788,matched,-36.0726,256.035,720,1250,1250,0.7931
key,bc77026 2042 305 6000,bc77026,234,bc77026,235,235,804.7476,88.545,FALSE,0.4133,0.4742,matched,70.0491,249.8287,750,1250,1250,0.7924
key,bc77026 2042 305 6000,bc77026,235,bc77026,236,236,804.7359,88.4566,FALSE,0.4133,0.4742,matched,-4.8653,244.0285,800,1250,1250,0.8047
key,bc77026 2042 305 6000,bc77026,236,bc77026,237,237,804.7506,88.5267,FALSE,0.4133,0.4742,matched,-35.5859,243.207,750,1250,1250,0.8034
key,bc77026 2042 305 6000,bc77026,237,bc77026,238,238,804.7522,88.5175,FALSE,0.4133,0.4742,matched,-4.9717,254.5496,775,1250,1250,0.7963
key,bc77026 2042 305 6000,bc77026,238,bc77026,239,239,804.7538,88.5084,FALSE,0.4133,0.4742,matched,1.8527,210.1822,832,1250,1250,0.8318
key,bc77026 2042 305 6000,bc77026,239,bc77026,240,240,804.7554,88.4992,FALSE,0.4133,0.4742,matched,-26.1406,243.2314,775,1250,1250,0.8043
key,bc77026 2042 305 6000,bc77026,240,bc77026,241,241,804.757,88.4901,FALSE,0.4133,0.4742,matched,14.0679,220.732,832,1250,1250,0.8231
key,bc77026 2042 305 6000,bc77026,241,bc77026,242,242,804.7586,88.4809,FALSE,0.4133,0.4742,matched,-1.0203,237.3355,800,1250,1250,0.8101
key,bc77026 2042 305 6000,bc77026,242,bc77026,243,243,804.7748,88.551,FALSE,0.4133,0.4742,matched,-14.8689,240.3422,775,1250,1250,0.8074
key,bc77026 2042 305 6000,bc77026,243,bc77026,244,244,804.7767,88.5419,FALSE,0.4133,0.4742,matched,-21.0209,230.9218,775,1250,1250,0.8145
key,bc77026 2042 305 6000,bc77026,244,bc77026,245,245,804.7637,88.4535,FALSE,0.4133,0.4742,matched,-24.0666,227.1421,775,1250,1250,0.8173
key,bc77026 2042 305 6000,bc77026,245,bc77026,246,246,797.6595,88.5307,FALSE,0.4184,0.4788,matched,7.0604,238.943,799,1250,1250,0.8088
key,bc77026 2042 305 6000,bc77026,246,bc77026,247,247,804.7818,88.5145,FALSE,0.4133,0.4742,matched,20.6823,226.4682,800,1250,1250,0.8181
key,bc77026 2042 305 6000,bc77026,247,bc77026,248,248,804.7836,88.5054,FALSE,0.4133,0.4742,matched,-43.8506,225.0386,749,1250,1250,0.8166
key,bc77026 2042 305 6000,bc77026,248,bc77026,249,249,804.7854,88.4962,FALSE,0.4133,0.4742,matched,-1.9278,241.9356,771,1250,1250,0.8064
key,bc77026 2042 305 6000,bc77026,249,bc77026,250,250,804.7871,88.4871,FALSE,0.4132,0.4742,matched,36.1669,240.8334,771,1250,1250,0.8052
key,bc77026 2042 305 6000,bc77026,250,bc77026,251,251,804.789,88.4779,FALSE,0.4132,0.4742,matched,6.1664,244.7476,796,1250,1250,0.8041
key,bc77026 2042 305 6000,bc77026,251,bc77026,252,252,804.8069,88.548,FALSE,0.4132,0.4742,matched,-43.1667,244.0564,744,1250,1250,0.8017
key,bc77026 2042 305 6000,bc77026,252,bc77026,253,253,804.7926,88.4596,FALSE,0.4132,0.4742,matched,0.1642,246.2294,795,1250,1250,0.803
key,bc77026 2042 305 6000,bc77026,253,bc77026,254,254,804.8107,88.5297,FALSE,0.4132,0.4742,matched,2.7694,224.7715,788,1250,1250,0.8202
key,bc77026 2042 305 6000,bc77026,254,bc77026,255,255,804.8126,88.5205,FALSE,0.4132,0.4741,matched,-15.9972,243.2433,767,1250,1250,0.805
key,bc77026 2042 305 6000,bc77026,255,bc77026,256,256,804.8146,88.5114,FALSE,0.4132,0.4741,matched,3.2352,241.4893,786,1250,1250,0.8068
key,bc77026 2042 305 6000,bc77026,256,bc77026,257,257,804.8165,88.5022,FALSE,0.4132,0.4741,matched,-37.1193,189.0381,772,1250,1250,0.8459
key,bc77026 2042 305 6000,bc77026,257,bc77026,258,258,812.0425,88.8779,FALSE,0.408,0.4694,matched,1.4873,250.4955,788,1250,1250,0.7996
key,bc77070 1158 153 5000,bc77070,209,bc77070,210,210,947.9758,351.0179,FALSE,0.1706,0.4521,matched,591.4377,-46.7338,199,1250,1250,0.5254
key,bc77070 1158 153 5000,bc77070,210,bc77070,211,211,946.2339,350.5753,FALSE,0.1721,0.4531,matched,515.3721,-16.239,216,1250,1250,0.5875
key,bc77070 1158 153 5000,bc77070,211,bc77070,212,212,944.6674,351.0083,FALSE,0.1735,0.454,matched,476.6917,24.1768,169,1250,1250,0.6182
key,bc77070 1158 153 5000,bc77070,212,bc77070,213,213,945.7879,351.0137,FALSE,0.1725,0.4534,matched,441.1659,-6.5663,283,1250,1250,0.647
key,bc77070 1158 153 5000,bc77070,213,bc77070,214,214,945.1556,350.575,FALSE,0.1731,0.4537,matched,428.7017,-16.0707,352,1250,1250,0.6568
key,bc77070 1158 153 5000,bc77070,214,bc77070,215,215,753.3229,347.9204,FALSE,0.3409,0.5646,matched,437.9885,20.8956,228,1250,1250,0.6492
key,bc77070 1158 153 5000,bc77070,215,bc77070,216,216,750.3244,348.4493,FALSE,0.3435,0.5663,matched,470.061,-5.1624,126,1250,1250,0.6239
key,bc77070 1158 153 5000,bc77070,216,bc77070,217,217,751.1246,347.9049,FALSE,0.3428,0.5659,matched,440.2786,-7.9155,281,1250,1250,0.6477
key,bc77070 1158 153 5000,bc77070,217,bc77070,218,218,749.2301,348.4441,FALSE,0.3445,0.567,matched,439.0481,21.8671,422,1250,1250,0.6483
key,bc77070 1158 153 5000,bc77070,218,bc77070,219,219,2305.6774,175.7665,FALSE,-1.0172,-0.3326,no_match,,,0,1250,1250,
key,bc77070 1158 153 5000,bc77070,219,bc77070,220,220,701.0443,6.3717,FALSE,0.3867,0.5948,matched,499.7353,-117.6928,191,1250,1250,0.5893
key,bc77070 1158 153 5000,bc77070,220,bc77070,221,221,694.1501,5.881,FALSE,0.3927,0.5988,no_match,,,1,1250,1250,
key,bc77070 1158 153 5000,bc77070,221,bc77070,222,222,695.2424,5.8598,FALSE,0.3917,0.5982,matched,443.951,-58.0583,68,1250,1250,0.6418
key,bc77070 1158 153 5000,bc77070,222,bc77070,223,223,696.6971,6.4373,FALSE,0.3905,0.5973,no_match,,,2,1250,1250,
key,bc77070 1158 153 5000,bc77070,223,bc77070,224,224,694.1563,5.8716,FALSE,0.3927,0.5988,matched,413.5957,-46.8554,72,1250,1250,0.667
key,bc77070 1158 153 5000,bc77070,224,bc77070,225,225,695.2487,5.8504,FALSE,0.3917,0.5982,matched,377.0489,-21.7417,92,1250,1250,0.6979
key,bc77070 1158 153 5000,bc77070,225,bc77070,226,226,696.7022,6.4276,FALSE,0.3905,0.5973,matched,415.1018,-21.5378,158,1250,1250,0.6675
key,bc77070 1158 153 5000,bc77070,226,bc77070,227,227,840.9805,1.8769,FALSE,0.2642,0.5139,no_match,,,4,1250,1250,
key,bc77070 1158 153 5000,bc77070,227,bc77070,228,228,839.884,1.8841,FALSE,0.2652,0.5146,no_match,,,4,1250,1250,
key,bc77070 1158 153 5000,bc77070,228,bc77070,229,229,840.8448,2.3677,FALSE,0.2644,0.514,matched,400.0566,14.6138,275,1250,1250,0.6797
key,bc77070 1158 153 5000,bc77070,229,bc77070,230,230,839.8965,1.8791,FALSE,0.2652,0.5146,no_match,,,6,1250,1250,
key,bc77070 1158 153 5000,bc77070,230,bc77070,231,231,820.3782,12.8926,FALSE,0.2823,0.5258,matched,549.8971,-15.9657,285,1250,1250,0.5599
key,bc77070 1158 153 5000,bc77070,231,bc77070,232,232,819.3176,12.9115,FALSE,0.2832,0.5265,matched,493.2216,30.3119,248,1250,1250,0.6047
key,bc77070 1158 153 5000,bc77070,232,bc77070,233,233,820.3674,12.8812,FALSE,0.2823,0.5259,matched,513.5672,-25.8088,155,1250,1250,0.5886
key,bc77070 1158 153 5000,bc77070,233,bc77070,234,234,817.0648,12.4219,FALSE,0.2852,0.5278,matched,490.8589,-0.989,51,1250,1250,0.6073
key,bc77070 1158 153 5000,bc77070,234,bc77070,235,235,819.3013,12.8945,FALSE,0.2832,0.5265,matched,484.2766,23.0382,213,1250,1250,0.6121
key,bc77070 1158 153 5000,bc77070,235,bc77070,236,236,819.296,12.8888,FALSE,0.2832,0.5265,matched,474.7907,-22.8197,325,1250,1250,0.6197
key,bc77070 1158 153 5000,bc77070,236,bc77070,237,237,1525.3914,189.7806,FALSE,-0.3346,0.1184,no_match,,,1,1250,1250,
key,bc77070 1158 153 5000,bc77070,237,bc77070,238,238,830.917,12.6264,FALSE,0.273,0.5198,matched,514.7734,-48.795,182,1250,1250,0.5863
key,bc77070 1158 153 5000,bc77070,238,bc77070,239,239,833.1771,13.0903,FALSE,0.2711,0.5184,matched,466.5762,21.2462,132,1250,1250,0.6264
key,bc77070 1158 153 5000,bc77070,239,bc77070,240,240,829.8498,12.6389,FALSE,0.274,0.5204,matched,470.3503,26.3075,414,1250,1250,0.6231
key,bc77070 1158 153 5000,bc77070,240,bc77070,241,241,829.8446,12.6331,FALSE,0.274,0.5204,matched,514.0122,-12.6701,429,1250,1250,0.5887
key,bc77070 1158 153 5000,bc77070,241,bc77070,242,242,712.5369,15.7503,FALSE,0.3766,0.5882,matched,472.0956,18.7645,522,1250,1250,0.622
key,bc77070 1158 153 5000,bc77070,242,bc77070,243,243,715.167,16.2808,FALSE,0.3743,0.5867,matched,484.5534,-9.6679,432,1250,1250,0.6123
key,bc77070 1158 153 5000,bc77070,243,bc77070,244,244,711.4862,15.7715,FALSE,0.3775,0.5888,matched,461.6078,-3.9639,407,1250,1250,0.6307
key,bc77070 1158 153 5000,bc77070,244,bc77070,245,245,712.5154,15.7334,FALSE,0.3766,0.5882,matched,463.9748,-9.3766,457,1250,1250,0.6287
key,bc77070 1158 153 5000,bc77070,245,bc77070,246,246,1378.1847,181.0443,FALSE,-0.2058,0.2034,no_match,,,0,1250,1250,
key,bc77070 1158 153 5000,bc77070,246,bc77070,247,247,892.2309,353.08,FALSE,0.2194,0.4843,matched,450.8056,-20.7616,458,1250,1250,0.639
key,bc77070 1158 153 5000,bc77070,247,bc77070,248,248,887.793,353.0735,FALSE,0.2233,0.4869,matched,481.7851,-14.1184,103,1250,1250,0.6144
key,bc77070 1158 153 5000,bc77070,248,bc77070,249,249,888.0058,352.6111,FALSE,0.2231,0.4868,matched,483.2048,0.9408,394,1250,1250,0.6134
key,bc77070 1158 153 5000,bc77070,249,bc77070,250,250,888.924,353.0764,FALSE,0.2223,0.4862,matched,497.3355,49.735,306,1250,1250,0.6001
key,bc77070 1158 153 5000,bc77070,250,bc77070,251,251,888.0247,352.6123,FALSE,0.2231,0.4867,matched,441.0424,3.5702,560,1250,1250,0.6472
key,bc77070 1158 153 5000,bc77070,251,bc77070,252,252,887.8312,353.0757,FALSE,0.2232,0.4869,matched,473.2694,10.8161,575,1250,1250,0.6213
key,bc77070 1158 153 5000,bc77070,252,bc77070,253,253,887.8407,353.0762,FALSE,0.2232,0.4869,matched,450.1741,15.3154,524,1250,1250,0.6397
key,bc77070 1158 153 5000,bc77070,253,bc77070,254,254,1487.5095,181.9481,FALSE,-0.3014,0.1403,no_match,,,0,1250,1250,
key,bc77070 1158 153 5000,bc77070,254,bc77070,255,255,637.0344,38.7521,FALSE,0.4427,0.6318,matched,411.9707,35.3278,460,1250,1250,0.6692
key,bc77070 1158 153 5000,bc77070,255,bc77070,256,256,632.0204,38.2788,FALSE,0.4471,0.6347,matched,499.3599,-31.1901,483,1250,1250,0.5997
key,bc77070 1158 153 5000,bc77070,256,bc77070,257,257,636.9824,38.7367,FALSE,0.4427,0.6318,matched,455.0064,2.5132,521,1250,1250,0.636
key,bc77070 1158 153 5000,bc77070,257,bc77070,258,258,631.1675,38.3333,FALSE,0.4478,0.6352,matched,460.9577,-20.4482,523,1250,1250,0.6309
key,bc77070 1158 153 5000,bc77070,258,bc77070,259,259,636.9302,38.7213,FALSE,0.4428,0.6319,matched,499.9864,-28.1372,373,1250,1250,0.5994
key,bc77070 1158 153 5000,bc77070,259,bc77070,260,260,631.919,38.248,FALSE,0.4471,0.6348,matched,485.8826,-17.0278,444,1250,1250,0.6111
key,bc77070 1158 153 5000,bc77070,260,bc77070,261,261,636.8781,38.7059,FALSE,0.4428,0.6319,matched,468.023,-17.9811,464,1250,1250,0.6253
key,bc77070 1158 153 5000,bc77070,261,bc77070,262,262,636.8519,38.6981,FALSE,0.4428,0.6319,matched,471.1152,-66.0107,328,1250,1250,0.6194
key,bc77070 1158 153 5000,bc77070,262,bc77070,263,263,631.0405,38.2948,FALSE,0.4479,0.6353,matched,425.964,19.17,503,1250,1250,0.6589
key,bc77070 1158 153 5000,bc77070,263,bc77070,264,264,636.7999,38.6827,FALSE,0.4429,0.6319,matched,653.8908,53.4859,114,1250,1250,0.4751
key,bc77070 1158 153 5000,bc77070,264,bc77070,265,265,2800.6199,220.4312,TRUE,-1.4502,-0.6187,no_match,,,0,1250,1250,
key,bc77070 1158 153 5000,bc77070,265,bc77070,266,266,855.8351,17.1072,FALSE,0.2512,0.5054,matched,426.8196,-61.2527,415,1250,1250,0.655
key,bc77070 1158 153 5000,bc77070,266,bc77070,267,267,849.6679,17.2736,FALSE,0.2566,0.5089,matched,472.1936,1.2861,401,1250,1250,0.6222
key,bc77070 1158 153 5000,bc77070,267,bc77070,268,268,846.8989,16.8196,FALSE,0.2591,0.5105,matched,437.1729,-29.7113,281,1250,1250,0.6495
key,bc77070 1158 153 5000,bc77070,268,bc77070,269,269,847.9153,16.784,FALSE,0.2582,0.5099,matched,483.6933,-44.0289,419,1250,1250,0.6114
key,bc77070 1158 153 5000,bc77070,269,bc77070,270,270,849.6291,17.2525,FALSE,0.2567,0.5089,matched,444.8524,-11.3801,499,1250,1250,0.644
key,bc77070 1158 153 5000,bc77070,270,bc77070,271,271,847.8911,16.77,FALSE,0.2582,0.5099,matched,481.9769,38.1639,325,1250,1250,0.6132
key,bc77070 1158 153 5000,bc77070,271,bc77070,272,272,847.879,16.7631,FALSE,0.2582,0.5099,matched,850.3156,-87.8942,42,1250,1250,0.3161
key,bc77072 1829 153 10000,bc77072,211,bc77072,212,212,1715.9754,195.1486,FALSE,0.2494,0.3721,matched,450.6564,17.8844,106,1250,1250,0.6392
key,bc77072 1829 153 10000,bc77072,212,bc77072,213,213,1717.0564,195.1488,FALSE,0.2489,0.3717,matched,453.2012,-17.0657,196,1250,1250,0.6372
key,bc77072 1829 153 10000,bc77072,213,bc77072,214,214,1713.7497,194.9465,FALSE,0.2503,0.3729,matched,430.199,17.168,186,1250,1250,0.6556
key,bc77072 1829 153 10000,bc77072,214,bc77072,215,215,1717.1105,195.1731,FALSE,0.2489,0.3717,matched,425.8846,-10.9137,184,1250,1250,0.6592
key,bc77072 1829 153 10000,bc77072,215,bc77072,216,216,1717.1376,195.1852,FALSE,0.2488,0.3716,matched,418.0093,10.4738,368,1250,1250,0.6655
key,bc77072 1829 153 10000,bc77072,216,bc77072,217,217,1716.9915,194.9474,FALSE,0.2489,0.3717,matched,422.5944,-2.0331,254,1250,1250,0.6619
key,bc77072 1829 153 10000,bc77072,217,bc77072,218,218,2950.1938,28.2319,FALSE,-0.2905,-0.0796,no_match,,,0,1250,1250,
key,bc77072 1829 153 10000,bc77072,218,bc77072,219,219,1770.3444,246.7931,FALSE,0.2256,0.3522,matched,418.0633,41.9215,187,1250,1250,0.6639
key,bc77072 1829 153 10000,bc77072,219,bc77072,220,220,1769.4062,246.916,FALSE,0.226,0.3525,matched,455.2668,26.7338,215,1250,1250,0.6352
key,bc77072 1829 153 10000,bc77072,220,bc77072,221,221,1769.9619,246.9032,FALSE,0.2257,0.3523,matched,456.9114,13.0231,221,1250,1250,0.6343
key,bc77072 1829 153 10000,bc77072,221,bc77072,222,222,1770.5184,246.8904,FALSE,0.2255,0.3521,matched,441.0957,30.0933,104,1250,1250,0.6463
key,bc77072 1829 153 10000,bc77072,222,bc77072,223,223,1763.9621,246.8333,FALSE,0.2284,0.3545,matched,447.5351,22.9845,167,1250,1250,0.6415
key,bc77072 1829 153 10000,bc77072,223,bc77072,224,224,1335.1949,64.5859,FALSE,0.4159,0.5114,no_match,,,0,1250,1250,
key,bc77072 1829 153 10000,bc77072,224,bc77072,225,225,2050.233,65.2853,FALSE,0.1031,0.2498,matched,443.3232,-28.1174,187,1250,1250,0.6446
key,bc77072 1829 153 10000,bc77072,225,bc77072,226,226,2056.6448,65.3329,FALSE,0.1003,0.2474,matched,506.1896,-30.9209,172,1250,1250,0.5943
key,bc77072 1829 153 10000,bc77072,226,bc77072,227,227,2049.3125,65.265,FALSE,0.1035,0.2501,matched,468.1584,-37.3792,226,1250,1250,0.6243
key,bc77072 1829 153 10000,bc77072,227,bc77072,228,228,2049.0541,65.2404,FALSE,0.1037,0.2502,matched,465.4474,-28.9604,210,1250,1250,0.6269
key,bc77072 1829 153 10000,bc77072,228,bc77072,229,229,2055.0629,65.3168,FALSE,0.101,0.248,matched,485.5479,-30.872,135,1250,1250,0.6108
key,bc77072 1981 153 10000,bc77072,111,bc77072,112,112,1847.0973,297.9931,FALSE,0.192,0.3759,matched,499.0972,42.6073,414,1250,1250,0.5993
key,bc77072 1981 153 10000,bc77072,112,bc77072,113,113,2828.4464,102.8346,FALSE,-0.2373,0.0444,no_match,,,0,1250,1250,
key,bc77072 1981 153 10000,bc77072,130,bc77072,131,131,1912.1394,293.6744,FALSE,0.1635,0.354,matched,488.0775,-6.0732,121,1250,1250,0.6095
key,bc77072 1981 153 10000,bc77072,131,bc77072,132,132,2193.7072,111.8212,FALSE,0.0404,0.2588,no_match,,,0,1250,1250,
key,bc77072 1981 153 10000,bc77072,133,bc77072,134,134,1883.8039,252.3729,FALSE,0.1759,0.3635,matched,440.9754,-27.6465,159,1250,1250,0.6465
key,bc77072 1981 153 10000,bc77072,134,bc77072,135,135,1877.6631,252.278,FALSE,0.1786,0.3656,matched,457.1309,50.741,249,1250,1250,0.632
key,bc77072 1981 153 10000,bc77072,139,bc77072,140,140,1878.9984,252.3232,FALSE,0.178,0.3652,matched,464.8212,24.086,196,1250,1250,0.6276
key,bc77072 1981 153 10000,bc77072,140,bc77072,141,141,1886.5298,252.3315,FALSE,0.1747,0.3626,no_match,,,0,1250,1250,
key,bc77072 1981 153 10000,bc77072,141,bc77072,142,142,2205.6222,78.0554,FALSE,0.0352,0.2548,no_match,,,0,1250,1250,
key,bc77072 1981 153 10000,bc77072,142,bc77072,143,143,1757.1248,293.4801,FALSE,0.2314,0.4063,matched,444.5954,-14.8462,420,1250,1250,0.6441
key,bc77072 1981 153 10000,bc77072,143,bc77072,144,144,1763.1685,293.3975,FALSE,0.2287,0.4043,no_match,,,0,1250,1250,
key,bc77072 1981 153 10000,bc77072,144,bc77072,145,145,1762.9463,293.4195,FALSE,0.2288,0.4044,matched,408.8408,25.9866,241,1250,1250,0.6723
key,bc77072 1981 153 10000,bc77072,145,bc77072,146,146,1762.7242,293.4415,FALSE,0.2289,0.4045,no_match,,,0,1250,1250,
key,bc77072 1981 153 10000,bc77072,146,bc77072,147,147,1768.2638,293.3276,FALSE,0.2265,0.4026,matched,440.9231,27.0099,263,1250,1250,0.6466
key,bc77072 1981 153 10000,bc77072,148,bc77072,149,149,1761.0453,293.443,FALSE,0.2296,0.405,matched,446.0544,8.3508,436,1250,1250,0.6431
key,bc77072 1981 153 10000,bc77072,149,bc77072,150,150,1768.6057,293.4578,FALSE,0.2263,0.4025,matched,467.9801,-10.7218,487,1250,1250,0.6255
key,bc77072 1981 153 10000,bc77072,150,bc77072,151,151,1806.9623,295.3288,FALSE,0.2096,0.3895,matched,458.2943,-11.0244,149,1250,1250,0.6333
key,bc77072 1981 153 10000,bc77072,151,bc77072,152,152,1812.8814,295.2442,FALSE,0.207,0.3875,matched,471.8142,25.2442,260,1250,1250,0.622
key,bc77072 1981 153 10000,bc77072,152,bc77072,153,153,1806.484,295.3743,FALSE,0.2098,0.3897,matched,475.0726,-14.8292,261,1250,1250,0.6198
key,bc77072 1981 153 10000,bc77072,153,bc77072,154,154,1811.8644,295.2587,FALSE,0.2074,0.3879,matched,486.2306,57.0296,251,1250,1250,0.6083
key,bc77072 1981 153 10000,bc77072,154,bc77072,155,155,1811.0887,295.2506,FALSE,0.2077,0.3881,matched,475.8713,-8.2726,146,1250,1250,0.6192
key,bc77072 1981 153 10000,bc77072,155,bc77072,156,156,1804.692,295.3806,FALSE,0.2105,0.3903,matched,478.8108,8.0647,109,1250,1250,0.6169
key,bc77072 1981 153 10000,bc77072,156,bc77072,157,157,1810.6085,295.296,FALSE,0.208,0.3883,matched,500.1906,4.844,184,1250,1250,0.5998
key,bc77072 1981 153 10000,bc77072,157,bc77072,158,158,1809.8333,295.2878,FALSE,0.2083,0.3885,matched,481.9306,-15.898,277,1250,1250,0.6142
key,bc77072 1981 153 10000,bc77072,158,bc77072,159,159,1811.7379,295.4341,FALSE,0.2075,0.3879,matched,492.9241,12.9208,224,1250,1250,0.6055
key,bc77072 1981 153 10000,bc77072,159,bc77072,160,160,11941.1509,120.5406,TRUE,-4.2236,-3.0344,no_match,,,0,1250,1250,
key,bc77072 1981 153 10000,bc77072,160,bc77072,161,161,2154.5718,170.1079,FALSE,0.0575,0.2721,matched,584.3006,-17.9593,220,1250,1250,0.5323
key,bc77072 1981 153 10000,bc77072,161,bc77072,162,162,2153.4299,170.099,FALSE,0.058,0.2725,matched,547.9874,-20.7992,135,1250,1250,0.5613
key,bc77072 1981 153 10000,bc77072,162,bc77072,163,163,2153.3945,170.0934,FALSE,0.058,0.2725,matched,515.9814,-15.9426,195,1250,1250,0.587
key,bc77072 1981 153 10000,bc77072,163,bc77072,164,164,2153.3588,170.0878,FALSE,0.058,0.2725,matched,417.2538,-16.0442,130,1250,1250,0.666
key,bc77072 1981 153 10000,bc77072,165,bc77072,166,166,2024.8545,170.8732,FALSE,0.1142,0.3159,matched,463.9679,-4.1207,260,1250,1250,0.6288
key,bc77072 1981 153 10000,bc77072,166,bc77072,167,167,2024.82,170.8686,FALSE,0.1143,0.3159,matched,401.4168,-0.8536,243,1250,1250,0.6789
key,bc77072 1981 153 10000,bc77072,167,bc77072,168,168,2026.5929,170.6685,FALSE,0.1135,0.3153,matched,438.7179,-1.0094,293,1250,1250,0.649
key,bc77072 1981 153 10000,bc77072,168,bc77072,169,169,2024.7504,170.8592,FALSE,0.1143,0.3159,matched,456.2545,-0.9246,362,1250,1250,0.635
key,bc77072 1981 153 10000,bc77072,169,bc77072,170,170,2029.8469,170.6685,FALSE,0.1121,0.3142,matched,502.7071,-13.3955,294,1250,1250,0.5977
key,bc77072 1981 153 10000,bc77072,170,bc77072,171,171,6627.6907,353.284,TRUE,-1.8993,-1.2392,no_match,,,0,1250,1250,
key,bc77072 1981 153 10000,bc77072,171,bc77072,172,172,2094.8322,193.291,FALSE,0.0836,0.2922,matched,485.9202,46.2662,284,1250,1250,0.6095
key,bc77072 1981 153 10000,bc77072,172,bc77072,173,173,2092.83,193.1198,FALSE,0.0845,0.2929,matched,478.5794,16.1255,271,1250,1250,0.6169
key,bc77072 1981 153 10000,bc77072,173,bc77072,174,174,2095.9576,193.3094,FALSE,0.0831,0.2919,matched,501.3147,25.9442,318,1250,1250,0.5984
key,bc77072 1981 153 10000,bc77072,174,bc77072,175,175,2092.8863,193.1469,FALSE,0.0845,0.2929,matched,492.8045,33.9733,414,1250,1250,0.6048
key,bc77072 1981 153 10000,bc77072,175,bc77072,176,176,2096.017,193.3367,FALSE,0.0831,0.2918,matched,505.0471,14.9679,372,1250,1250,0.5958
key,bc77072 1981 153 10000,bc77072,176,bc77072,177,177,2096.1417,193.1479,FALSE,0.0831,0.2918,matched,520.1551,23.2758,266,1250,1250,0.5835
key,bc77072 1981 153 10000,bc77072,177,bc77072,178,178,2126.8915,193.3115,FALSE,0.0696,0.2814,matched,531.3229,37.8271,260,1250,1250,0.5739
key,bc77072 1981 153 10000,bc77072,178,bc77072,179,179,2127.9866,193.3167,FALSE,0.0691,0.281,matched,499.817,36.9889,433,1250,1250,0.5991
key,bc77072 1981 153 10000,bc77072,179,bc77072,180,180,2126.9507,193.3392,FALSE,0.0696,0.2814,matched,506.805,34.8377,498,1250,1250,0.5936
key,bc77072 1981 153 10000,bc77072,180,bc77072,181,181,2126.0083,193.1617,FALSE,0.07,0.2817,no_match,,,1,1250,1250,
key,bc77072 1981 153 10000,bc77072,181,bc77072,182,182,2127.0093,193.3668,FALSE,0.0695,0.2814,matched,492.4068,39.7192,347,1250,1250,0.6048
key,bc77072 1981 153 10000,bc77072,182,bc77072,183,183,2132.3657,193.3373,FALSE,0.0672,0.2796,matched,489.1964,11.648,341,1250,1250,0.6085
key,bc77072 1981 153 10000,bc77072,183,bc77072,184,184,1570.3824,77.6454,FALSE,0.313,0.4694,no_match,,,0,1250,1250,
key,bc77072 1981 153 10000,bc77072,184,bc77072,185,185,1523.8025,158.9304,FALSE,0.3334,0.4852,matched,518.8072,-9.2786,287,1250,1250,0.5849
key,bc77072 1981 153 10000,bc77072,185,bc77072,186,186,1523.8209,158.9201,FALSE,0.3334,0.4852,matched,486.9199,0.0354,263,1250,1250,0.6105
key,bc77072 1981 153 10000,bc77072,188,bc77072,189,189,1524.9361,158.9018,FALSE,0.3329,0.4848,matched,462.6336,-2.4088,285,1250,1250,0.6299
key,bc77072 1981 153 10000,bc77072,189,bc77072,190,190,1523.8932,158.8789,FALSE,0.3334,0.4851,matched,492.0922,7.8354,440,1250,1250,0.6063
key,bc77072 1981 153 10000,bc77072,190,bc77072,191,191,1523.9113,158.8686,FALSE,0.3334,0.4851,no_match,,,0,1250,1250,
key,bc77072 1981 153 10000,bc77072,191,bc77072,192,192,1523.9292,158.8583,FALSE,0.3334,0.4851,matched,496.9738,6.95,55,1250,1250,0.6024
key,bc77072 1981 153 10000,bc77072,192,bc77072,193,193,1525.0078,158.8606,FALSE,0.3329,0.4848,matched,500.202,-12.4821,119,1250,1250,0.5997
key,bc77072 1981 153 10000,bc77072,193,bc77072,194,194,1529.2688,158.9008,FALSE,0.331,0.4833,matched,437.4251,23.8782,101,1250,1250,0.6495
key,bc77072 1981 153 10000,bc77072,194,bc77072,195,195,2054.073,155.8049,FALSE,0.1015,0.306,matched,496.3342,14.1283,155,1250,1250,0.6028
key,bc77072 1981 153 10000,bc77072,195,bc77072,196,196,2051.6331,155.9748,FALSE,0.1025,0.3068,matched,436.6791,-7.9217,187,1250,1250,0.6506
key,bc77072 1981 153 10000,bc77072,196,bc77072,197,197,2052.7323,155.9699,FALSE,0.102,0.3065,matched,425.4731,57.978,140,1250,1250,0.6565
key,bc77072 1981 153 10000,bc77072,197,bc77072,198,198,2054.2491,155.7573,FALSE,0.1014,0.306,matched,456.9077,-14.8812,147,1250,1250,0.6343
key,bc77072 1981 153 10000,bc77072,198,bc77072,199,199,2051.8033,155.9274,FALSE,0.1024,0.3068,matched,472.8461,2.1887,188,1250,1250,0.6217
key,bc77072 1981 153 10000,bc77072,199,bc77072,200,200,2052.9021,155.9225,FALSE,0.102,0.3064,matched,480.7459,9.1023,114,1250,1250,0.6153
key,bc77072 1981 153 10000,bc77072,200,bc77072,201,201,2051.9165,155.8959,FALSE,0.1024,0.3067,matched,442.133,38.1098,224,1250,1250,0.645
key,bc77087 1158 153 5000,bc77087,1,bc77087,2,2,873.7758,8.1937,FALSE,0.2355,0.495,matched,419.0587,-27.0028,511,1250,1250,0.6641
key,bc77087 1158 153 5000,bc77087,2,bc77087,3,3,868.8521,7.7824,FALSE,0.2398,0.4978,matched,441.5632,38.8964,90,1250,1250,0.6454
key,bc77087 1158 153 5000,bc77087,3,bc77087,4,4,871.6155,8.2192,FALSE,0.2374,0.4962,matched,448.3188,-63.7959,147,1250,1250,0.6377
key,bc77087 1158 153 5000,bc77087,4,bc77087,5,5,1175.6698,189.621,FALSE,-0.0286,0.3205,no_match,,,0,1250,1250,
key,bc77087 1158 153 5000,bc77087,5,bc77087,6,6,949.0573,353.1311,FALSE,0.1697,0.4515,matched,480.9166,-13.6535,417,1250,1250,0.6151
key,bc77087 1158 153 5000,bc77087,6,bc77087,7,7,931.2753,353.1067,FALSE,0.1852,0.4617,matched,476.234,-9.6455,391,1250,1250,0.6189
key,bc77087 1158 153 5000,bc77087,7,bc77087,8,8,931.2855,353.1073,FALSE,0.1852,0.4617,matched,481.1575,-0.0357,331,1250,1250,0.6151
key,bc77087 1158 153 5000,bc77087,8,bc77087,9,9,931.2959,353.1077,FALSE,0.1852,0.4617,no_match,,,0,1250,1250,
key,bc77087 1158 153 5000,bc77087,9,bc77087,10,10,931.3062,353.1083,FALSE,0.1852,0.4617,matched,486.9233,9.0853,50,1250,1250,0.6104
key,bc77087 1158 153 5000,bc77087,10,bc77087,11,11,931.5091,352.6685,FALSE,0.185,0.4616,no_match,,,5,1250,1250,
key,bc77087 1158 153 5000,bc77087,11,bc77087,12,12,931.3268,353.1093,FALSE,0.1852,0.4617,matched,495.8511,-3.7579,160,1250,1250,0.6033
key,bc77087 1158 153 5000,bc77087,12,bc77087,13,13,931.3371,353.1098,FALSE,0.1852,0.4617,matched,496.0664,17.8003,185,1250,1250,0.6029
key,bc77087 1158 153 5000,bc77087,13,bc77087,14,14,931.3473,353.1103,FALSE,0.1852,0.4617,matched,488.6474,-1.2574,313,1250,1250,0.6091
key,bc77087 1158 153 5000,bc77087,14,bc77087,15,15,931.3575,353.1108,FALSE,0.1852,0.4617,matched,479.9836,-54.0262,289,1250,1250,0.6136
key,bc77087 1158 153 5000,bc77087,15,bc77087,16,16,930.2555,353.1098,FALSE,0.1861,0.4623,matched,510.716,10.1521,276,1250,1250,0.5913
key,bc77087 1158 153 5000,bc77087,16,bc77087,17,17,931.378,353.1118,FALSE,0.1851,0.4617,matched,484.146,8.2525,275,1250,1250,0.6126
key,bc77087 1158 153 5000,bc77087,17,bc77087,18,18,931.3881,353.1123,FALSE,0.1851,0.4617,matched,511.2799,-28.9534,364,1250,1250,0.5903
key,bc77087 1158 153 5000,bc77087,18,bc77087,19,19,931.5903,352.6733,FALSE,0.185,0.4616,matched,501.3332,0.8531,471,1250,1250,0.5989
key,bc77087 1158 153 5000,bc77087,19,bc77087,20,20,931.4084,353.1134,FALSE,0.1851,0.4617,matched,451.066,-30.6923,335,1250,1250,0.6383
key,bc77087 1158 153 5000,bc77087,20,bc77087,21,21,931.4185,353.1139,FALSE,0.1851,0.4617,matched,388.9431,15.431,235,1250,1250,0.6886
key,bc77087 1158 153 5000,bc77087,21,bc77087,22,22,930.3165,353.1128,FALSE,0.1861,0.4623,matched,461.6314,-39.0366,313,1250,1250,0.6294
key,bc77087 1158 153 5000,bc77087,22,bc77087,23,23,931.4387,353.1149,FALSE,0.1851,0.4617,matched,433.3613,-21.7682,265,1250,1250,0.6529
key,bc77087 1158 153 5000,bc77087,23,bc77087,24,24,931.4489,353.1154,FALSE,0.1851,0.4616,matched,482.1802,-26.5448,437,1250,1250,0.6137
key,bc77087 1158 153 5000,bc77087,24,bc77087,25,25,931.4589,353.1159,FALSE,0.1851,0.4616,matched,450.0796,-12.9233,555,1250,1250,0.6398
key,bc77087 1158 153 5000,bc77087,25,bc77087,26,26,931.6605,352.6775,FALSE,0.1849,0.4615,matched,382.501,-64.2161,565,1250,1250,0.6897
key,bc77087 1158 153 5000,bc77087,26,bc77087,27,27,1590.9573,180.1013,FALSE,-0.3919,0.0805,no_match,,,0,1250,1250,
key,bc77087 1158 153 5000,bc77087,27,bc77087,28,28,906.0073,346.7369,FALSE,0.2073,0.4764,matched,428.9043,-5.2308,577,1250,1250,0.6569
key,bc77087 1158 153 5000,bc77087,28,bc77087,29,29,904.9112,346.7303,FALSE,0.2083,0.477,matched,442.2503,-70.8485,487,1250,1250,0.6417
key,bc77087 1158 153 5000,bc77087,29,bc77087,30,30,905.0919,347.1903,FALSE,0.2081,0.4769,no_match,,,7,1250,1250,
key,bc77087 1158 153 5000,bc77087,30,bc77087,31,31,904.9241,346.7358,FALSE,0.2083,0.477,matched,450.2988,-28.1604,444,1250,1250,0.6391
key,bc77087 1158 153 5000,bc77087,31,bc77087,32,32,904.0016,347.1868,FALSE,0.2091,0.4775,matched,451.6965,-34.3162,370,1250,1250,0.6376
key,bc77087 1158 153 5000,bc77087,34,bc77087,35,35,905.1256,347.2038,FALSE,0.2081,0.4769,matched,438.1777,-27.8748,326,1250,1250,0.6487
key,bc77087 1158 153 5000,bc77087,35,bc77087,36,36,908.2639,346.7779,FALSE,0.2054,0.475,matched,468.9702,-15.8866,258,1250,1250,0.6246
key,bc77087 1158 153 5000,bc77087,36,bc77087,37,37,6586.198,6.4287,TRUE,-4.7622,-2.8066,no_match,,,0,1250,1250,
key,bc77087 1158 153 5000,bc77087,37,bc77087,38,38,822.4641,186.4271,FALSE,0.2804,0.5246,matched,443.2105,10.4003,433,1250,1250,0.6453
key,bc77087 1158 153 5000,bc77087,38,bc77087,39,39,823.9722,186.9155,FALSE,0.2791,0.5238,matched,462.6672,4.943,176,1250,1250,0.6298
key,bc77087 1158 153 5000,bc77087,39,bc77087,40,40,822.4609,186.435,FALSE,0.2804,0.5246,matched,438.34,-8.9659,352,1250,1250,0.6493
key,bc77087 1158 153 5000,bc77087,40,bc77087,41,41,823.97,186.9235,FALSE,0.2791,0.5238,matched,461.2334,-7.0434,375,1250,1250,0.631
key,bc77087 1158 153 5000,bc77087,41,bc77087,42,42,825.0552,186.9109,FALSE,0.2782,0.5231,matched,413.1882,42.5305,537,1250,1250,0.6677
key,bc77087 1158 153 5000,bc77087,42,bc77087,43,43,822.4561,186.4469,FALSE,0.2804,0.5246,no_match,,,0,1250,1250,
key,bc77087 1158 153 5000,bc77087,43,bc77087,44,44,823.9666,186.9357,FALSE,0.2791,0.5238,matched,465.2665,73.221,90,1250,1250,0.6232
key,bc77087 1158 153 5000,bc77087,44,bc77087,45,45,830.4845,186.8401,FALSE,0.2734,0.52,matched,497.5768,-23.9325,226,1250,1250,0.6015
key,bc77087 1158 153 5000,bc77087,45,bc77087,46,46,39963.6143,178.6455,TRUE,-33.9638,-22.0978,no_match,,,0,1250,1250,
key,bc77087 1158 153 5000,bc77087,46,bc77087,47,47,846.4434,189.2392,FALSE,0.2595,0.5108,matched,421.1766,23.7688,111,1250,1250,0.6625
key,bc77087 1158 153 5000,bc77087,47,bc77087,48,48,848.3037,189.7135,FALSE,0.2578,0.5097,matched,503.5837,8.7261,211,1250,1250,0.5971
key,bc77087 1158 153 5000,bc77087,48,bc77087,49,49,847.5205,189.2298,FALSE,0.2585,0.5102,matched,479.0239,-11.9212,188,1250,1250,0.6167
key,bc77087 1158 153 5000,bc77087,49,bc77087,50,50,848.3067,189.7234,FALSE,0.2578,0.5097,matched,507.3583,16.5982,230,1250,1250,0.5939
key,bc77087 1158 153 5000,bc77087,50,bc77087,51,51,846.4466,189.2587,FALSE,0.2595,0.5108,matched,520.2972,-76.8792,213,1250,1250,0.5792
key,bc77087 1158 153 5000,bc77087,51,bc77087,52,52,846.4476,189.2635,FALSE,0.2595,0.5108,matched,426.2064,8.8147,98,1250,1250,0.659
key,bc77087 1158 153 5000,bc77087,52,bc77087,53,53,854.7504,189.6207,FALSE,0.2522,0.506,matched,511.5886,-48.0732,32,1250,1250,0.5889
key,bc77087 1158 153 5000,bc77087,53,bc77087,54,54,767.1172,188.6136,FALSE,0.3289,0.5566,matched,495.6945,-20.1919,250,1250,1250,0.6031
key,bc77087 1158 153 5000,bc77087,54,bc77087,55,55,766.0389,188.6381,FALSE,0.3298,0.5573,matched,461.231,-60.5922,256,1250,1250,0.6278
key,bc77087 1158 153 5000,bc77087,55,bc77087,56,56,767.1172,188.6221,FALSE,0.3289,0.5566,matched,468.7594,-89.0304,215,1250,1250,0.6183
key,bc77087 1158 153 5000,bc77087,56,bc77087,57,57,767.1172,188.6263,FALSE,0.3289,0.5566,matched,473.9248,88.145,188,1250,1250,0.6144
key,bc77087 1158 153 5000,bc77087,57,bc77087,58,58,767.1172,188.6305,FALSE,0.3289,0.5566,matched,462.9967,4.0791,340,1250,1250,0.6296
key,bc77087 1158 153 5000,bc77087,58,bc77087,59,59,768.9058,189.155,FALSE,0.3273,0.5556,matched,526.7815,-7.7102,129,1250,1250,0.5785
key,bc77087 1158 153 5000,bc77087,59,bc77087,60,60,767.1171,188.639,FALSE,0.3289,0.5566,matched,478.8301,-2.6141,397,1250,1250,0.6169
key,bc7718 1524 305 5000,bc7718,45,bc7718,46,46,372443.528,89.304,TRUE,-324.8474,-325.0612,no_match,,,0,1250,1250,
key,bc7718 1524 305 5000,bc7718,46,bc7718,47,47,175.3005,193.1474,FALSE,0.8466,0.8465,matched,-8.8489,167.0611,654,1250,1250,0.8662
key,bc7718 1524 305 5000,bc7718,47,bc7718,48,48,163.8019,184.0431,FALSE,0.8567,0.8566,matched,20.1315,165.42,599,1250,1250,0.8667
key,bc7718 1524 305 5000,bc7718,48,bc7718,49,49,163.8046,186.5855,FALSE,0.8567,0.8566,matched,9.317,168.3963,575,1250,1250,0.8651
key,bc7718 1524 305 5000,bc7718,49,bc7718,50,50,163.8014,184.0441,FALSE,0.8567,0.8566,matched,-11.1899,164.7854,505,1250,1250,0.8679
key,bc7718 1524 305 5000,bc7718,50,bc7718,51,51,163.8042,186.5867,FALSE,0.8567,0.8566,matched,-8.1651,159.724,546,1250,1250,0.8721
key,bc7718 1524 305 5000,bc7718,51,bc7718,52,52,163.801,184.0452,FALSE,0.8567,0.8566,matched,-26.9023,180.3312,473,1249,1250,0.8541
key,bc7718 1524 305 5000,bc7718,52,bc7718,53,53,163.8039,186.5879,FALSE,0.8567,0.8566,matched,-13.1099,163.1549,707,1249,1250,0.8691
key,bc7718 1524 305 5000,bc7718,53,bc7718,54,54,162.698,184.0978,FALSE,0.8577,0.8576,matched,26.0902,179.8387,776,1250,1250,0.8546
key,bc7718 1524 305 5000,bc7718,54,bc7718,55,55,164.8987,186.5214,FALSE,0.8557,0.8556,matched,-12.8607,181.719,818,1250,1250,0.8543
key,bc7718 1524 305 5000,bc7718,55,bc7718,56,56,163.8,184.0474,FALSE,0.8567,0.8566,matched,2.0042,177.8758,856,1250,1250,0.8577
key,bc7718 1524 305 5000,bc7718,56,bc7718,57,57,163.8034,186.5904,FALSE,0.8567,0.8566,matched,-3.8403,177.2408,827,1250,1250,0.8582
key,bc7718 1524 305 5000,bc7718,57,bc7718,58,58,163.7995,184.0484,FALSE,0.8567,0.8566,matched,-21.0018,168.669,803,1250,1250,0.864
key,bc7718 1524 305 5000,bc7718,58,bc7718,59,59,163.803,186.5916,FALSE,0.8567,0.8566,matched,-17.6736,199.7286,782,1250,1250,0.8396
key,bc7718 1524 305 5000,bc7718,59,bc7718,60,60,163.799,184.0495,FALSE,0.8567,0.8566,matched,-10.8141,179.3874,775,1250,1250,0.8562
key,bc7718 1524 305 5000,bc7718,60,bc7718,61,61,163.8027,186.5929,FALSE,0.8567,0.8566,matched,-7.8246,185.7398,739,1250,1250,0.8513
key,bc7718 1524 305 5000,bc7718,61,bc7718,62,62,163.7987,184.0506,FALSE,0.8567,0.8566,matched,256.9608,200.0166,521,1250,1250,0.7395
key,bc7718 1524 305 5000,bc7718,62,bc7718,63,63,163.8024,186.5941,FALSE,0.8567,0.8566,matched,-257.2047,163.2557,505,1250,1250,0.7563
key,bc7718 1524 305 5000,bc7718,63,bc7718,64,64,162.6957,184.1032,FALSE,0.8577,0.8576,matched,-33.9658,173.284,736,1250,1250,0.8587
key,bc7718 1524 305 5000,bc7718,64,bc7718,65,65,164.8972,186.5276,FALSE,0.8557,0.8556,matched,10.5766,176.0369,806,1250,1250,0.8589
key,bc7718 1524 305 5000,bc7718,65,bc7718,66,66,163.7977,184.0528,FALSE,0.8567,0.8566,matched,-10.0982,187.4798,820,1250,1250,0.8498
key,bc7718 1524 305 5000,bc7718,66,bc7718,67,67,163.8017,186.5966,FALSE,0.8567,0.8566,matched,13.9669,173.235,852,1250,1250,0.861
key,bc7718 1524 305 5000,bc7718,67,bc7718,68,68,163.7973,184.0538,FALSE,0.8567,0.8566,matched,-5.9635,182.1735,818,1250,1250,0.8542
key,bc7718 1524 305 5000,bc7718,68,bc7718,69,69,162.6946,184.1058,FALSE,0.8577,0.8576,matched,-10.2159,171.5288,803,1250,1250,0.8625
key,bc80117 1372 153 8000,bc80117,32,bc80117,33,33,278.861,50.9698,FALSE,0.8475,0.864,matched,-3.996,182.7741,404,1250,1250,0.8537
key,bc80117 1372 153 8000,bc80117,33,bc80117,34,34,273.0675,50.0644,FALSE,0.8507,0.8668,matched,-27.8837,185.6188,380,1250,1250,0.8498
key,bc80117 1372 153 8000,bc80117,34,bc80117,35,35,278.1909,51.1471,FALSE,0.8479,0.8643,matched,-4.0874,195.9618,400,1250,1250,0.8432
key,bc80117 1372 153 8000,bc80117,35,bc80117,36,36,278.8441,50.9595,FALSE,0.8475,0.864,matched,-8.2189,160.9312,529,1250,1250,0.8711
key,bc80117 1372 153 8000,bc80117,36,bc80117,37,37,278.8386,50.956,FALSE,0.8475,0.864,matched,1.2025,191.8127,540,1250,1250,0.8465
key,bc80117 1372 153 8000,bc80117,37,bc80117,38,38,273.046,50.0507,FALSE,0.8507,0.8668,matched,10.9423,216.122,399,1250,1250,0.8269
key,bc80117 1372 153 8000,bc80117,38,bc80117,39,39,287.29,51.093,FALSE,0.8429,0.8599,matched,7.4427,187.1266,327,1250,1250,0.8502
key,bc80117 1372 153 8000,bc80117,39,bc80117,40,40,3055.4251,242.8348,TRUE,-0.6707,-0.4905,no_match,,,0,1250,1250,
key,bc80117 1372 153 8000,bc80117,40,bc80117,41,41,286.241,66.7262,FALSE,0.8435,0.8604,matched,-13.1219,225.333,673,1250,1250,0.8194
key,bc80117 1372 153 8000,bc80117,41,bc80117,42,42,293.4028,67.0191,FALSE,0.8396,0.8569,matched,-26.6183,232.0413,525,1250,1250,0.8131
key,bc80117 1372 153 8000,bc80117,42,bc80117,43,43,286.2312,66.7193,FALSE,0.8435,0.8604,matched,4.0246,210.3326,449,1250,1250,0.8317
key,bc80117 1372 153 8000,bc80117,43,bc80117,44,44,292.6252,67.4203,FALSE,0.84,0.8573,matched,2.0095,222.5331,321,1250,1250,0.822
key,bc80117 1372 153 8000,bc80117,44,bc80117,45,45,286.6161,66.5046,FALSE,0.8433,0.8602,matched,-5.9278,196.8099,289,1250,1250,0.8425
key,bc80117 1372 153 8000,bc80117,45,bc80117,46,46,292.9969,67.2092,FALSE,0.8398,0.8571,matched,17.0579,204.149,342,1250,1250,0.8361
key,bc80117 1372 153 8000,bc80117,46,bc80117,47,47,286.2116,66.7056,FALSE,0.8435,0.8604,matched,4.9177,182.1986,485,1250,1250,0.8542
key,bc80117 1372 153 8000,bc80117,47,bc80117,48,48,292.9869,67.2023,FALSE,0.8398,0.8571,matched,-10.5497,203.1548,514,1250,1250,0.8373
key,bc80117 1372 153 8000,bc80117,48,bc80117,49,49,292.9818,67.1988,FALSE,0.8398,0.8571,matched,-11.9483,200.0751,420,1250,1250,0.8397
key,bc80117 1372 153 8000,bc80117,49,bc80117,50,50,292.9767,67.1954,FALSE,0.8398,0.8571,matched,-17.9626,205.0897,303,1250,1250,0.8353
key,bcc325 396 153 2000,bcc325,70,bcc325,71,71,422.5448,118.5535,FALSE,0.0758,0.2858,matched,-9.1962,463.4833,46,1250,1250,0.6291
key,bcc325 396 153 2000,bcc325,71,bcc325,72,72,423.458,118.8245,FALSE,0.0738,0.2843,no_match,,,0,1250,1250,
