"airp_id","film_roll","frame_number","media","photo_year","scale_n","focal_length","flying_height","elev","base","dup_key"
1342633,"bc5602",47,"Film - BW",1974,6000,153,1219,1233.6,730.8,FALSE
1342634,"bc5602",48,"Film - BW",1974,6000,153,1219,1363.7,730.7,FALSE
1342635,"bc5602",49,"Film - BW",1974,6000,153,1219,1458.8,730.7,FALSE
1342636,"bc5602",50,"Film - BW",1974,6000,153,1219,1552.2,730.7,FALSE
1342637,"bc5602",51,"Film - BW",1974,6000,153,1219,1579.1,730.1,FALSE
1342638,"bc5602",52,"Film - BW",1974,6000,153,1219,1526.3,730.1,FALSE
1342639,"bc5602",53,"Film - BW",1974,6000,153,1219,1477.5,672.8,FALSE
1342640,"bc5602",54,"Film - BW",1974,6000,153,1219,1568.1,672.8,FALSE
1342641,"bc5602",55,"Film - BW",1974,6000,153,1219,1591.4,671.3,FALSE
1342642,"bc5602",56,"Film - BW",1974,6000,153,1219,1590.4,671.3,FALSE
1342643,"bc5602",57,"Film - BW",1974,6000,153,1219,1552,671.7,FALSE
1342644,"bc5602",58,"Film - BW",1974,6000,153,1219,1442.7,672.2,FALSE
1342645,"bc5602",59,"Film - BW",1974,6000,153,1219,1334.9,671.4,FALSE
1342646,"bc5602",60,"Film - BW",1974,6000,153,1219,1266.5,671.4,FALSE
1342647,"bc5602",61,"Film - BW",1974,6000,153,1219,1312.6,671.8,FALSE
1342648,"bc5602",62,"Film - BW",1974,6000,153,1219,1384.6,671.8,FALSE
1342649,"bc5602",63,"Film - BW",1974,6000,153,1219,1366.4,671.9,FALSE
1342650,"bc5602",64,"Film - BW",1974,6000,153,1219,1290.7,672.3,FALSE
1342651,"bc5602",65,"Film - BW",1974,6000,153,1219,1258.7,672,FALSE
1342652,"bc5602",66,"Film - BW",1974,6000,153,1219,1289.9,672,FALSE
1342653,"bc5602",67,"Film - BW",1974,6000,153,1219,1398.2,672,FALSE
1342654,"bc5602",68,"Film - BW",1974,6000,153,1219,1478.9,672,FALSE
1342655,"bc5602",69,"Film - BW",1974,6000,153,1219,1514.7,672.5,FALSE
1211817,"bc5695",242,"Film - BW",1975,6000,153,1372,2067,333.8,FALSE
1211818,"bc5695",243,"Film - BW",1975,6000,153,1372,2037,333.8,FALSE
1211819,"bc5695",244,"Film - BW",1975,6000,153,1372,1985.5,333.9,FALSE
1211820,"bc5695",245,"Film - BW",1975,6000,153,1372,1931.6,333.8,FALSE
1211821,"bc5695",246,"Film - BW",1975,6000,153,1372,1880.4,333.8,FALSE
1211822,"bc5695",247,"Film - BW",1975,6000,153,1372,1831.6,333.8,FALSE
1211823,"bc5695",248,"Film - BW",1975,6000,153,1372,1806.9,333.8,FALSE
1211824,"bc5695",249,"Film - BW",1975,6000,153,1372,1823.5,341,FALSE
1211825,"bc5695",250,"Film - BW",1975,6000,153,1372,2159.3,510.3,FALSE
1211826,"bc5695",251,"Film - BW",1975,6000,153,1372,2166.1,508.8,FALSE
1211827,"bc5695",252,"Film - BW",1975,6000,153,1372,2079.8,508.7,FALSE
1211828,"bc5695",253,"Film - BW",1975,6000,153,1372,2005.7,508.7,FALSE
1211829,"bc5695",254,"Film - BW",1975,6000,153,1372,1992.5,508.7,FALSE
1211830,"bc5695",255,"Film - BW",1975,6000,153,1372,2037.4,508.7,FALSE
1211831,"bc5695",256,"Film - BW",1975,6000,153,1372,2061.8,508.7,FALSE
1211832,"bc5695",257,"Film - BW",1975,6000,153,1372,1936.8,512.5,FALSE
1224342,"bc5715",82,"Film - BW",1976,4800,153,732,895.3,875.9,FALSE
1192067,"bc77026",149,"Film - BW",1977,6000,305,2042,2117.9,797.4,FALSE
1192068,"bc77026",150,"Film - BW",1977,6000,305,2042,2053.9,797.4,FALSE
1192070,"bc77026",152,"Film - BW",1977,6000,305,2042,2073.1,797.4,FALSE
1192086,"bc77026",168,"Film - BW",1977,6000,305,2042,2055.9,797.4,FALSE
1192092,"bc77026",174,"Film - BW",1977,6000,305,2042,2076,818.8,FALSE
1192130,"bc77026",212,"Film - BW",1977,6000,305,2042,2082.1,769.2,FALSE
1192131,"bc77026",213,"Film - BW",1977,6000,305,2042,2045.6,762.1,FALSE
1192139,"bc77026",221,"Film - BW",1977,6000,305,2042,2114.3,804.7,FALSE
1192140,"bc77026",222,"Film - BW",1977,6000,305,2042,2128,797.6,FALSE
1192155,"bc77026",237,"Film - BW",1977,6000,305,2042,2081.4,804.8,FALSE
1192165,"bc77026",247,"Film - BW",1977,6000,305,2042,2073.7,804.8,FALSE
1194800,"bc77070",209,"Film - BW",1977,5000,153,1158,1299.3,948,FALSE
1194801,"bc77070",210,"Film - BW",1977,5000,153,1158,1301.2,946.2,FALSE
1194802,"bc77070",211,"Film - BW",1977,5000,153,1158,1297.1,944.7,FALSE
1194803,"bc77070",212,"Film - BW",1977,5000,153,1158,1289.2,944.7,FALSE
1194804,"bc77070",213,"Film - BW",1977,5000,153,1158,1292.2,945.2,FALSE
1194805,"bc77070",214,"Film - BW",1977,5000,153,1158,1299.2,753.3,FALSE
1194806,"bc77070",215,"Film - BW",1977,5000,153,1158,1313.7,750.3,FALSE
1194807,"bc77070",216,"Film - BW",1977,5000,153,1158,1329.8,750.3,FALSE
1194808,"bc77070",217,"Film - BW",1977,5000,153,1158,1302.1,749.2,FALSE
1194809,"bc77070",218,"Film - BW",1977,5000,153,1158,1250.8,749.2,FALSE
1194810,"bc77070",219,"Film - BW",1977,5000,153,1158,1320.4,701,FALSE
1194811,"bc77070",220,"Film - BW",1977,5000,153,1158,1330.7,694.2,FALSE
1194812,"bc77070",221,"Film - BW",1977,5000,153,1158,1308.1,694.2,FALSE
1194813,"bc77070",222,"Film - BW",1977,5000,153,1158,1247.2,695.2,FALSE
1194814,"bc77070",223,"Film - BW",1977,5000,153,1158,1230.7,694.2,FALSE
1194815,"bc77070",224,"Film - BW",1977,5000,153,1158,1259.9,694.2,FALSE
1194816,"bc77070",225,"Film - BW",1977,5000,153,1158,1282.2,695.2,FALSE
1194817,"bc77070",226,"Film - BW",1977,5000,153,1158,1260.1,696.7,FALSE
1194818,"bc77070",227,"Film - BW",1977,5000,153,1158,1170.1,839.9,FALSE
1194824,"bc77070",233,"Film - BW",1977,5000,153,1158,1211.6,817.1,FALSE
1194825,"bc77070",234,"Film - BW",1977,5000,153,1158,1391.8,817.1,FALSE
1194826,"bc77070",235,"Film - BW",1977,5000,153,1158,1431.2,819.3,FALSE
1194827,"bc77070",236,"Film - BW",1977,5000,153,1158,1392,819.3,FALSE
1194828,"bc77070",237,"Film - BW",1977,5000,153,1158,1410.2,830.9,FALSE
1194829,"bc77070",238,"Film - BW",1977,5000,153,1158,1426.4,830.9,FALSE
1194830,"bc77070",239,"Film - BW",1977,5000,153,1158,1379.5,829.8,FALSE
1194831,"bc77070",240,"Film - BW",1977,5000,153,1158,1328.7,829.8,FALSE
1194832,"bc77070",241,"Film - BW",1977,5000,153,1158,1394.2,712.5,FALSE
1194833,"bc77070",242,"Film - BW",1977,5000,153,1158,1442,712.5,FALSE
1194834,"bc77070",243,"Film - BW",1977,5000,153,1158,1409.6,711.5,FALSE
1194835,"bc77070",244,"Film - BW",1977,5000,153,1158,1394.8,711.5,FALSE
1194836,"bc77070",245,"Film - BW",1977,5000,153,1158,1472.7,712.5,FALSE
1194837,"bc77070",246,"Film - BW",1977,5000,153,1158,1330.6,892.2,FALSE
1194838,"bc77070",247,"Film - BW",1977,5000,153,1158,1407.2,887.8,FALSE
1194839,"bc77070",248,"Film - BW",1977,5000,153,1158,1496.9,887.8,FALSE
1194840,"bc77070",249,"Film - BW",1977,5000,153,1158,1543.1,888,FALSE
1194841,"bc77070",250,"Film - BW",1977,5000,153,1158,1592.1,888,FALSE
1194842,"bc77070",251,"Film - BW",1977,5000,153,1158,1616.8,887.8,FALSE
1194843,"bc77070",252,"Film - BW",1977,5000,153,1158,1597.7,887.8,FALSE
1194844,"bc77070",253,"Film - BW",1977,5000,153,1158,1533.8,887.8,FALSE
1194845,"bc77070",254,"Film - BW",1977,5000,153,1158,1610.4,637,FALSE
1194846,"bc77070",255,"Film - BW",1977,5000,153,1158,1612,632,FALSE
1194847,"bc77070",256,"Film - BW",1977,5000,153,1158,1594.4,632,FALSE
1194848,"bc77070",257,"Film - BW",1977,5000,153,1158,1572.8,631.2,FALSE
1194849,"bc77070",258,"Film - BW",1977,5000,153,1158,1554,631.2,FALSE
1194850,"bc77070",259,"Film - BW",1977,5000,153,1158,1528.1,631.9,FALSE
1194851,"bc77070",260,"Film - BW",1977,5000,153,1158,1487.8,631.9,FALSE
1194852,"bc77070",261,"Film - BW",1977,5000,153,1158,1462.5,636.9,FALSE
1194853,"bc77070",262,"Film - BW",1977,5000,153,1158,1433.2,631,FALSE
1194854,"bc77070",263,"Film - BW",1977,5000,153,1158,1393.3,631,FALSE
1194855,"bc77070",264,"Film - BW",1977,5000,153,1158,1347.5,636.8,FALSE
1194856,"bc77070",265,"Film - BW",1977,5000,153,1158,1501.7,855.8,FALSE
1194857,"bc77070",266,"Film - BW",1977,5000,153,1158,1465.5,849.7,FALSE
1194858,"bc77070",267,"Film - BW",1977,5000,153,1158,1429.4,846.9,FALSE
1194859,"bc77070",268,"Film - BW",1977,5000,153,1158,1390.6,846.9,FALSE
1194860,"bc77070",269,"Film - BW",1977,5000,153,1158,1364.1,847.9,FALSE
1194861,"bc77070",270,"Film - BW",1977,5000,153,1158,1317.8,847.9,FALSE
1194862,"bc77070",271,"Film - BW",1977,5000,153,1158,1310.6,847.9,FALSE
1194863,"bc77070",272,"Film - BW",1977,5000,153,1158,1321.6,847.9,FALSE
1194996,"bc77072",177,"Film - BW",1977,10000,153,1981,2006.8,2096.1,FALSE
1194997,"bc77072",178,"Film - BW",1977,10000,153,1981,2013.8,2126.9,FALSE
1194998,"bc77072",179,"Film - BW",1977,10000,153,1981,2119.3,2127,FALSE
1195044,"bc77072",225,"Film - BW",1977,10000,153,1829,1835.4,2050.2,FALSE
1194864,"bc77087",1,"Film - BW",1977,5000,153,1158,1418.8,873.8,FALSE
1194865,"bc77087",2,"Film - BW",1977,5000,153,1158,1388,868.9,FALSE
1194866,"bc77087",3,"Film - BW",1977,5000,153,1158,1367.6,868.9,FALSE
1194867,"bc77087",4,"Film - BW",1977,5000,153,1158,1320.8,871.6,FALSE
1194868,"bc77087",5,"Film - BW",1977,5000,153,1158,1381.2,949.1,FALSE
1194869,"bc77087",6,"Film - BW",1977,5000,153,1158,1336.2,931.3,FALSE
1194870,"bc77087",7,"Film - BW",1977,5000,153,1158,1336.1,931.3,FALSE
1194871,"bc77087",8,"Film - BW",1977,5000,153,1158,1350.2,931.3,FALSE
1194872,"bc77087",9,"Film - BW",1977,5000,153,1158,1349.5,931.3,FALSE
1194873,"bc77087",10,"Film - BW",1977,5000,153,1158,1332.3,931.3,FALSE
1194874,"bc77087",11,"Film - BW",1977,5000,153,1158,1334.3,931.3,FALSE
1194875,"bc77087",12,"Film - BW",1977,5000,153,1158,1328.2,931.3,FALSE
1194876,"bc77087",13,"Film - BW",1977,5000,153,1158,1335.8,931.3,FALSE
1194877,"bc77087",14,"Film - BW",1977,5000,153,1158,1339.4,931.3,FALSE
1194878,"bc77087",15,"Film - BW",1977,5000,153,1158,1336.2,930.3,FALSE
1194879,"bc77087",16,"Film - BW",1977,5000,153,1158,1339.2,930.3,FALSE
1194880,"bc77087",17,"Film - BW",1977,5000,153,1158,1337.8,931.4,FALSE
1194881,"bc77087",18,"Film - BW",1977,5000,153,1158,1333.2,931.4,FALSE
1194882,"bc77087",19,"Film - BW",1977,5000,153,1158,1332.6,931.4,FALSE
1194883,"bc77087",20,"Film - BW",1977,5000,153,1158,1367.4,931.4,FALSE
1194884,"bc77087",21,"Film - BW",1977,5000,153,1158,1362.1,930.3,FALSE
1194885,"bc77087",22,"Film - BW",1977,5000,153,1158,1355.4,930.3,FALSE
1194886,"bc77087",23,"Film - BW",1977,5000,153,1158,1306.2,931.4,FALSE
1194887,"bc77087",24,"Film - BW",1977,5000,153,1158,1230.9,931.4,FALSE
1194890,"bc77087",27,"Film - BW",1977,5000,153,1158,1212.5,906,FALSE
1194903,"bc77087",40,"Film - BW",1977,5000,153,1158,1218.1,822.5,FALSE
1194904,"bc77087",41,"Film - BW",1977,5000,153,1158,1204.8,824,FALSE
1194906,"bc77087",43,"Film - BW",1977,5000,153,1158,1207.2,822.5,FALSE
1194907,"bc77087",44,"Film - BW",1977,5000,153,1158,1233.1,824,FALSE
1194909,"bc77087",46,"Film - BW",1977,5000,153,1158,1407.6,846.4,FALSE
1194910,"bc77087",47,"Film - BW",1977,5000,153,1158,1431.6,846.4,FALSE
1194911,"bc77087",48,"Film - BW",1977,5000,153,1158,1334.1,847.5,FALSE
1194918,"bc77087",55,"Film - BW",1977,5000,153,1158,1209.8,766,FALSE
1194919,"bc77087",56,"Film - BW",1977,5000,153,1158,1271.5,767.1,FALSE
1194920,"bc77087",57,"Film - BW",1977,5000,153,1158,1263.6,767.1,FALSE
1194921,"bc77087",58,"Film - BW",1977,5000,153,1158,1228.1,767.1,FALSE
1194922,"bc77087",59,"Film - BW",1977,5000,153,1158,1242.9,767.1,FALSE
1194923,"bc77087",60,"Film - BW",1977,5000,153,1158,1309.5,767.1,FALSE
1281668,"bc7718",46,"Film - BW",1975,5000,305,1524,1908,175.3,FALSE
1281669,"bc7718",47,"Film - BW",1975,5000,305,1524,1890.1,163.8,FALSE
1281670,"bc7718",48,"Film - BW",1975,5000,305,1524,1873.9,163.8,FALSE
1281671,"bc7718",49,"Film - BW",1975,5000,305,1524,1854.3,163.8,FALSE
1281672,"bc7718",50,"Film - BW",1975,5000,305,1524,1836.1,163.8,FALSE
1281673,"bc7718",51,"Film - BW",1975,5000,305,1524,1814.6,163.8,FALSE
1281674,"bc7718",52,"Film - BW",1975,5000,305,1524,1796.8,163.8,FALSE
1281675,"bc7718",53,"Film - BW",1975,5000,305,1524,1776.8,162.7,FALSE
1281676,"bc7718",54,"Film - BW",1975,5000,305,1524,1755.8,162.7,FALSE
1281677,"bc7718",55,"Film - BW",1975,5000,305,1524,1727.6,163.8,FALSE
1281678,"bc7718",56,"Film - BW",1975,5000,305,1524,1703,163.8,FALSE
1281679,"bc7718",57,"Film - BW",1975,5000,305,1524,1688,163.8,FALSE
1281680,"bc7718",58,"Film - BW",1975,5000,305,1524,1680,163.8,FALSE
1281681,"bc7718",59,"Film - BW",1975,5000,305,1524,1676.6,163.8,FALSE
1281682,"bc7718",60,"Film - BW",1975,5000,305,1524,1684.9,163.8,FALSE
1281683,"bc7718",61,"Film - BW",1975,5000,305,1524,1698.2,163.8,FALSE
1281684,"bc7718",62,"Film - BW",1975,5000,305,1524,1715.9,163.8,FALSE
1281685,"bc7718",63,"Film - BW",1975,5000,305,1524,1731.8,162.7,FALSE
1281686,"bc7718",64,"Film - BW",1975,5000,305,1524,1752.5,162.7,FALSE
1281687,"bc7718",65,"Film - BW",1975,5000,305,1524,1775.4,163.8,FALSE
1281688,"bc7718",66,"Film - BW",1975,5000,305,1524,1798.3,163.8,FALSE
1281689,"bc7718",67,"Film - BW",1975,5000,305,1524,1809.4,163.8,FALSE
1281690,"bc7718",68,"Film - BW",1975,5000,305,1524,1813.8,162.7,FALSE
1281691,"bc7718",69,"Film - BW",1975,5000,305,1524,1813.7,162.7,FALSE
1131851,"bc79121",124,"Film - BW",1979,10000,153,2438,2478.2,903.6,FALSE
1131870,"bc79121",143,"Film - BW",1979,10000,153,2438,2443.1,897.9,FALSE
1131871,"bc79121",144,"Film - BW",1979,10000,153,2438,2516.8,897.9,FALSE
1131872,"bc79121",145,"Film - BW",1979,10000,153,2438,2456,897.9,FALSE
734583,"bc80117",32,"Film - BW",1980,8000,153,1372,1575.6,278.9,FALSE
734584,"bc80117",33,"Film - BW",1980,8000,153,1372,1557,273.1,FALSE
734585,"bc80117",34,"Film - BW",1980,8000,153,1372,1543.8,273.1,FALSE
734586,"bc80117",35,"Film - BW",1980,8000,153,1372,1526.8,278.2,FALSE
734587,"bc80117",36,"Film - BW",1980,8000,153,1372,1502.9,278.8,FALSE
734588,"bc80117",37,"Film - BW",1980,8000,153,1372,1481.4,273,FALSE
734589,"bc80117",38,"Film - BW",1980,8000,153,1372,1459.9,273,FALSE
734590,"bc80117",39,"Film - BW",1980,8000,153,1372,1430.2,287.3,FALSE
734591,"bc80117",40,"Film - BW",1980,8000,153,1372,1621.1,286.2,FALSE
734592,"bc80117",41,"Film - BW",1980,8000,153,1372,1640,286.2,FALSE
734593,"bc80117",42,"Film - BW",1980,8000,153,1372,1655.4,286.2,FALSE
734594,"bc80117",43,"Film - BW",1980,8000,153,1372,1652.1,286.2,FALSE
734595,"bc80117",44,"Film - BW",1980,8000,153,1372,1622.2,286.6,FALSE
734596,"bc80117",45,"Film - BW",1980,8000,153,1372,1580.6,286.6,FALSE
734597,"bc80117",46,"Film - BW",1980,8000,153,1372,1547.6,286.2,FALSE
734598,"bc80117",47,"Film - BW",1980,8000,153,1372,1523.4,286.2,FALSE
734599,"bc80117",48,"Film - BW",1980,8000,153,1372,1496.8,293,FALSE
734600,"bc80117",49,"Film - BW",1980,8000,153,1372,1473.9,293,FALSE
734601,"bc80117",50,"Film - BW",1980,8000,153,1372,1448.6,293,FALSE
806391,"bc81075",125,"Film - BW",1981,10000,153,1554,1563.5,517.1,FALSE
806392,"bc81075",126,"Film - BW",1981,10000,153,1554,1600,644.1,FALSE
806393,"bc81075",127,"Film - BW",1981,10000,153,1554,1612.2,644.1,FALSE
806394,"bc81075",128,"Film - BW",1981,10000,153,1554,1592.2,644.1,FALSE
806401,"bc81075",135,"Film - BW",1981,10000,153,1554,1578,530.8,FALSE
806403,"bc81075",137,"Film - BW",1981,10000,153,1554,1567.1,714.6,FALSE
806404,"bc81075",138,"Film - BW",1981,10000,153,1554,1627.1,714.6,FALSE
806405,"bc81075",139,"Film - BW",1981,10000,153,1554,1650.7,714.6,FALSE
806406,"bc81075",140,"Film - BW",1981,10000,153,1554,1630.9,714.6,FALSE
806407,"bc81075",141,"Film - BW",1981,10000,153,1554,1600.7,714.6,FALSE
806418,"bc81075",152,"Film - BW",1981,10000,153,1554,1560.9,615.4,FALSE
806419,"bc81075",153,"Film - BW",1981,10000,153,1554,1571.7,622.4,FALSE
806420,"bc81075",154,"Film - BW",1981,10000,153,1554,1573,622.4,FALSE
806421,"bc81075",155,"Film - BW",1981,10000,153,1554,1572.7,615.4,FALSE
806422,"bc81075",156,"Film - BW",1981,10000,153,1554,1582.1,615.4,FALSE
806423,"bc81075",157,"Film - BW",1981,10000,153,1554,1604.3,622.4,FALSE
806424,"bc81075",158,"Film - BW",1981,10000,153,1554,1631.1,622.4,FALSE
806425,"bc81075",159,"Film - BW",1981,10000,153,1554,1644.7,622.4,FALSE
806426,"bc81075",160,"Film - BW",1981,10000,153,1554,1642.8,615.3,FALSE
806427,"bc81075",161,"Film - BW",1981,10000,153,1554,1631.5,615.3,FALSE
806428,"bc81075",162,"Film - BW",1981,10000,153,1554,1623.8,622.4,FALSE
806429,"bc81075",163,"Film - BW",1981,10000,153,1554,1605.7,629.5,FALSE
806883,"bc81111",98,"Film - BW",1981,10000,153,2073,2725.2,766.7,FALSE
806884,"bc81111",99,"Film - BW",1981,10000,153,2073,2682.7,765.8,FALSE
806885,"bc81111",100,"Film - BW",1981,10000,153,2073,2601.7,765.8,FALSE
806886,"bc81111",101,"Film - BW",1981,10000,153,2073,2516,765.8,FALSE
806887,"bc81111",102,"Film - BW",1981,10000,153,2073,2439.6,762.7,FALSE
806888,"bc81111",103,"Film - BW",1981,10000,153,2073,2397.2,762.7,FALSE
806889,"bc81111",104,"Film - BW",1981,10000,153,2073,2359.3,765.8,FALSE
806890,"bc81111",105,"Film - BW",1981,10000,153,2073,2315.3,765.8,FALSE
806891,"bc81111",106,"Film - BW",1981,10000,153,2073,2395.6,762.8,FALSE
806892,"bc81111",107,"Film - BW",1981,10000,153,2073,2577.6,762.8,FALSE
806893,"bc81111",108,"Film - BW",1981,10000,153,2073,2734,765.9,FALSE
806894,"bc81111",109,"Film - BW",1981,10000,153,2073,2807.7,763.9,FALSE
806895,"bc81111",110,"Film - BW",1981,10000,153,2073,2797.5,763.9,FALSE
806896,"bc81111",111,"Film - BW",1981,10000,153,2073,2754.1,766,FALSE
806897,"bc81111",112,"Film - BW",1981,10000,153,2073,2672.4,767,FALSE
806898,"bc81111",113,"Film - BW",1981,10000,153,2073,2596.7,776,FALSE
806899,"bc81111",114,"Film - BW",1981,10000,153,2073,2506.7,897.6,FALSE
806900,"bc81111",115,"Film - BW",1981,10000,153,2073,2596.2,897.6,FALSE
806901,"bc81111",116,"Film - BW",1981,10000,153,2073,2452.6,896.7,FALSE
806902,"bc81111",117,"Film - BW",1981,10000,153,2073,2279.6,896.7,FALSE
806903,"bc81111",118,"Film - BW",1981,10000,153,2073,2341.1,896.6,FALSE
806904,"bc81111",119,"Film - BW",1981,10000,153,2073,2358.8,891.6,FALSE
806905,"bc81111",120,"Film - BW",1981,10000,153,2073,2113.5,891.6,FALSE
740074,"bcc267",94,"Film - Colour",1980,5000,305,1524,2250.4,315.3,FALSE
740075,"bcc267",95,"Film - Colour",1980,5000,305,1524,2243.3,315.3,FALSE
740076,"bcc267",96,"Film - Colour",1980,5000,305,1524,2231.9,315.3,FALSE
740077,"bcc267",97,"Film - Colour",1980,5000,305,1524,2213.1,315.3,FALSE
740078,"bcc267",98,"Film - Colour",1980,5000,305,1524,2192.6,315.3,FALSE
740079,"bcc267",99,"Film - Colour",1980,5000,305,1524,2181.3,316.1,FALSE
740080,"bcc267",100,"Film - Colour",1980,5000,305,1524,2194.2,315.3,FALSE
740081,"bcc267",101,"Film - Colour",1980,5000,305,1524,2204.5,315.3,FALSE
740082,"bcc267",102,"Film - Colour",1980,5000,305,1524,2197.4,315.3,FALSE
740083,"bcc267",103,"Film - Colour",1980,5000,305,1524,2185.7,315.3,FALSE
740084,"bcc267",104,"Film - Colour",1980,5000,305,1524,2163.8,315.3,FALSE
740085,"bcc267",105,"Film - Colour",1980,5000,305,1524,2144.7,315.3,FALSE
740086,"bcc267",106,"Film - Colour",1980,5000,305,1524,2138.5,333.4,FALSE
740087,"bcc267",107,"Film - Colour",1980,5000,305,1524,2299.1,344.8,FALSE
740088,"bcc267",108,"Film - Colour",1980,5000,305,1524,2225.3,331.5,FALSE
740089,"bcc267",109,"Film - Colour",1980,5000,305,1524,2200.1,331.5,FALSE
740090,"bcc267",110,"Film - Colour",1980,5000,305,1524,2207.6,335.2,FALSE
740091,"bcc267",111,"Film - Colour",1980,5000,305,1524,2228.4,330.7,FALSE
740092,"bcc267",112,"Film - Colour",1980,5000,305,1524,2252.1,330.7,FALSE
740093,"bcc267",113,"Film - Colour",1980,5000,305,1524,2273.5,330.7,FALSE
740094,"bcc267",114,"Film - Colour",1980,5000,305,1524,2299.8,330.7,FALSE
740095,"bcc267",115,"Film - Colour",1980,5000,305,1524,2327.3,335.3,FALSE
740096,"bcc267",116,"Film - Colour",1980,5000,305,1524,2349.2,335.3,FALSE
814916,"bcc285",82,"Film - Colour",1981,5000,305,1707,1769.2,316.2,FALSE
814917,"bcc285",83,"Film - Colour",1981,5000,305,1707,1818.4,316.3,FALSE
814918,"bcc285",84,"Film - Colour",1981,5000,305,1707,1788.4,316.3,FALSE
814923,"bcc285",89,"Film - Colour",1981,5000,305,1707,1735.2,319.1,FALSE
814924,"bcc285",90,"Film - Colour",1981,5000,305,1707,1792.5,330.4,FALSE
814925,"bcc285",91,"Film - Colour",1981,5000,305,1707,1823.7,439.2,FALSE
814926,"bcc285",92,"Film - Colour",1981,5000,305,1707,1878.7,439.2,FALSE
814927,"bcc285",93,"Film - Colour",1981,5000,305,1707,1990.7,442.8,FALSE
814928,"bcc285",94,"Film - Colour",1981,5000,305,1707,2052.5,442.8,FALSE
814929,"bcc285",95,"Film - Colour",1981,5000,305,1707,2048.5,443.8,FALSE
814930,"bcc285",96,"Film - Colour",1981,5000,305,1707,2025.9,442.9,FALSE
814931,"bcc285",97,"Film - Colour",1981,5000,305,1707,2072,442.9,FALSE
814932,"bcc285",98,"Film - Colour",1981,5000,305,1707,2118.3,442.9,FALSE
814933,"bcc285",99,"Film - Colour",1981,5000,305,1707,2084.3,443.8,FALSE
814934,"bcc285",100,"Film - Colour",1981,5000,305,1707,1979.1,286.3,FALSE
814935,"bcc285",101,"Film - Colour",1981,5000,305,1707,1906.1,286.3,FALSE
814936,"bcc285",102,"Film - Colour",1981,5000,305,1707,1821.8,286.3,FALSE
814937,"bcc285",103,"Film - Colour",1981,5000,305,1707,1739.6,286.3,FALSE
814941,"bcc285",107,"Film - Colour",1981,5000,305,1707,1734,607.4,FALSE
814946,"bcc285",112,"Film - Colour",1981,5000,305,1707,1761.8,420,FALSE
814947,"bcc285",113,"Film - Colour",1981,5000,305,1707,1831.1,420.4,FALSE
814948,"bcc285",114,"Film - Colour",1981,5000,305,1707,1878.1,420.4,FALSE
814949,"bcc285",115,"Film - Colour",1981,5000,305,1707,1941.3,421.1,FALSE
814950,"bcc285",116,"Film - Colour",1981,5000,305,1707,2024.2,421.5,FALSE
814951,"bcc285",117,"Film - Colour",1981,5000,305,1707,1984.8,557.6,FALSE
814952,"bcc285",118,"Film - Colour",1981,5000,305,1707,2082.6,555.6,FALSE
814953,"bcc285",119,"Film - Colour",1981,5000,305,1707,2130.1,554.5,FALSE
814954,"bcc285",120,"Film - Colour",1981,5000,305,1707,2068.2,412.2,FALSE
814955,"bcc285",121,"Film - Colour",1981,5000,305,1707,1954,408.9,FALSE
814956,"bcc285",122,"Film - Colour",1981,5000,305,1707,1787.9,407.8,FALSE
814960,"bcc285",126,"Film - Colour",1981,5000,305,1707,1780.5,407.4,FALSE
814961,"bcc285",127,"Film - Colour",1981,5000,305,1707,1912.6,407.7,FALSE
814962,"bcc285",128,"Film - Colour",1981,5000,305,1707,2028,407.4,FALSE
814963,"bcc285",129,"Film - Colour",1981,5000,305,1707,2123.7,407.4,FALSE
814964,"bcc285",130,"Film - Colour",1981,5000,305,1707,1869.9,308.4,FALSE
814965,"bcc285",131,"Film - Colour",1981,5000,305,1707,1832.3,306.7,FALSE
814966,"bcc285",132,"Film - Colour",1981,5000,305,1707,1796.4,306.7,FALSE
814967,"bcc285",133,"Film - Colour",1981,5000,305,1707,1769.5,307.8,FALSE
814968,"bcc285",134,"Film - Colour",1981,5000,305,1707,1750,306.7,FALSE
814969,"bcc285",135,"Film - Colour",1981,5000,305,1707,1745.1,306.7,FALSE
814970,"bcc285",136,"Film - Colour",1981,5000,305,1707,1745.5,306.7,FALSE
814971,"bcc285",137,"Film - Colour",1981,5000,305,1707,1736.5,306.7,FALSE
814977,"bcc285",143,"Film - Colour",1981,5000,305,1707,1758.4,344.4,FALSE
814978,"bcc285",144,"Film - Colour",1981,5000,305,1707,1880.6,344.4,FALSE
814979,"bcc285",145,"Film - Colour",1981,5000,305,1707,1968.3,344.4,FALSE
814980,"bcc285",146,"Film - Colour",1981,5000,305,1707,2055,344.4,FALSE
814981,"bcc285",147,"Film - Colour",1981,5000,305,1707,2164.1,344.5,FALSE
814982,"bcc285",148,"Film - Colour",1981,5000,305,1707,2294.7,348.3,FALSE
814983,"bcc285",149,"Film - Colour",1981,5000,305,1707,2009.5,391.4,FALSE
814984,"bcc285",150,"Film - Colour",1981,5000,305,1707,1816.6,391.4,FALSE
814985,"bcc285",151,"Film - Colour",1981,5000,305,1707,1753,391.6,FALSE
814986,"bcc285",152,"Film - Colour",1981,5000,305,1707,1808.5,391.5,FALSE
814987,"bcc285",153,"Film - Colour",1981,5000,305,1707,1962.9,391.5,FALSE
814988,"bcc285",154,"Film - Colour",1981,5000,305,1707,2140.1,391.6,FALSE
814989,"bcc285",155,"Film - Colour",1981,5000,305,1707,2313.5,391.6,FALSE
814990,"bcc285",156,"Film - Colour",1981,5000,305,1707,2364,391.7,FALSE
814991,"bcc285",157,"Film - Colour",1981,5000,305,1707,2293.9,391.7,FALSE
814992,"bcc285",158,"Film - Colour",1981,5000,305,1707,2205.5,391.5,FALSE
814993,"bcc285",159,"Film - Colour",1981,5000,305,1707,2197.6,391.5,FALSE
814994,"bcc285",160,"Film - Colour",1981,5000,305,1707,2187.4,400.3,FALSE
814995,"bcc285",161,"Film - Colour",1981,5000,305,1707,2067,420.6,FALSE
814996,"bcc285",162,"Film - Colour",1981,5000,305,1707,1905.6,427.7,FALSE
814997,"bcc285",163,"Film - Colour",1981,5000,305,1707,1778.9,420.6,FALSE
815002,"bcc285",168,"Film - Colour",1981,5000,305,1707,1762.8,427.7,FALSE
815003,"bcc285",169,"Film - Colour",1981,5000,305,1707,1899.1,427.7,FALSE
815004,"bcc285",170,"Film - Colour",1981,5000,305,1707,2058,434.3,FALSE
815005,"bcc285",171,"Film - Colour",1981,5000,305,1707,2244.8,434.3,FALSE
815006,"bcc285",172,"Film - Colour",1981,5000,305,1707,2414.8,394.9,FALSE
815007,"bcc285",173,"Film - Colour",1981,5000,305,1707,2353.8,387.4,FALSE
815008,"bcc285",174,"Film - Colour",1981,5000,305,1707,2231.1,387.4,FALSE
815009,"bcc285",175,"Film - Colour",1981,5000,305,1707,2062.7,387.4,FALSE
815010,"bcc285",176,"Film - Colour",1981,5000,305,1707,1917.7,387.4,FALSE
815011,"bcc285",177,"Film - Colour",1981,5000,305,1707,1794.5,387.4,FALSE
815016,"bcc285",182,"Film - Colour",1981,5000,305,1707,1743.5,387.8,FALSE
815017,"bcc285",183,"Film - Colour",1981,5000,305,1707,1916.3,387.8,FALSE
815018,"bcc285",184,"Film - Colour",1981,5000,305,1707,2042,387.8,FALSE
815019,"bcc285",185,"Film - Colour",1981,5000,305,1707,2049.3,387.8,FALSE
815020,"bcc285",186,"Film - Colour",1981,5000,305,1707,2007.5,387.6,FALSE
815021,"bcc285",187,"Film - Colour",1981,5000,305,1707,2032.2,387.6,FALSE
815022,"bcc285",188,"Film - Colour",1981,5000,305,1707,2148.8,387.6,FALSE
815023,"bcc285",189,"Film - Colour",1981,5000,305,1707,2262.1,387.6,FALSE
815024,"bcc285",190,"Film - Colour",1981,5000,305,1707,2264.3,387.8,FALSE
815025,"bcc285",191,"Film - Colour",1981,5000,305,1707,2166.2,387.5,FALSE
815026,"bcc285",192,"Film - Colour",1981,5000,305,1707,1989.9,387.5,FALSE
815027,"bcc285",193,"Film - Colour",1981,5000,305,1707,1800.8,387.8,FALSE
815029,"bcc285",195,"Film - Colour",1981,5000,305,1707,1727.2,387.8,FALSE
815030,"bcc285",196,"Film - Colour",1981,5000,305,1707,1866.7,387.7,FALSE
815031,"bcc285",197,"Film - Colour",1981,5000,305,1707,2016.3,387.7,FALSE
815032,"bcc285",198,"Film - Colour",1981,5000,305,1707,1859.2,364.9,FALSE
815033,"bcc285",199,"Film - Colour",1981,5000,305,1707,1828.5,364.9,FALSE
815034,"bcc285",200,"Film - Colour",1981,5000,305,1707,1817.3,372.1,FALSE
815035,"bcc285",201,"Film - Colour",1981,5000,305,1707,1791.4,364.9,FALSE
815041,"bcc285",207,"Film - Colour",1981,5000,305,1707,1822,372,FALSE
815042,"bcc285",208,"Film - Colour",1981,5000,305,1707,1950.3,371.9,FALSE
815043,"bcc285",209,"Film - Colour",1981,5000,305,1707,2079.7,371.9,FALSE
815044,"bcc285",210,"Film - Colour",1981,5000,305,1707,2220.7,250.9,FALSE
815045,"bcc285",211,"Film - Colour",1981,5000,305,1707,2335.9,250.9,FALSE
815046,"bcc285",212,"Film - Colour",1981,5000,305,1707,2409.7,250.9,FALSE
815047,"bcc285",213,"Film - Colour",1981,5000,305,1707,2435.5,243.9,FALSE
815048,"bcc285",214,"Film - Colour",1981,5000,305,1707,2422.4,243.9,FALSE
815049,"bcc285",215,"Film - Colour",1981,5000,305,1707,2406.3,409.1,FALSE
815050,"bcc285",216,"Film - Colour",1981,5000,305,1707,2419.4,409.1,FALSE
815051,"bcc285",217,"Film - Colour",1981,5000,305,1707,2309.7,409,FALSE
815052,"bcc285",218,"Film - Colour",1981,5000,305,1707,2121.1,401.9,FALSE
815053,"bcc285",219,"Film - Colour",1981,5000,305,1707,1963,401.9,FALSE
815054,"bcc285",220,"Film - Colour",1981,5000,305,1707,1818.9,409,FALSE
830338,"bcc325",72,"Film - Colour",1982,2000,153,396,468.5,423.5,FALSE
