thumb,frame,axis,p_true,dr_true,dc_true,dr,dc,n_patches,nr,nc,matched,p_img
bcc243,1,row,0.2,-1000,0,,,0,1250,1250,FALSE,
bcc232,191,row,0.2,-1000,0,,,0,1250,1250,FALSE,
bc5640,191,row,0.2,-1000,0,,,0,1250,1250,FALSE,
bcc270,83,row,0.2,-1000,0,,,0,1250,1250,FALSE,
bc79017,43,row,0.2,-1000,0,,,0,1250,1250,FALSE,
bcc243,1,row,0.2496,-938,0,-938.0016,3e-04,64,1250,1250,TRUE,0.2496
bcc232,191,row,0.2496,-938,0,-938.0005,9e-04,64,1250,1250,TRUE,0.2496
bc5640,191,row,0.2496,-938,0,-937.9847,-9e-04,64,1250,1250,TRUE,0.2496
bcc270,83,row,0.2496,-938,0,-937.9911,-1e-04,64,1250,1250,TRUE,0.2496
bc79017,43,row,0.2496,-938,0,-937.9949,4e-04,64,1250,1250,TRUE,0.2496
bcc243,1,row,0.3,-875,0,-875.001,7e-04,128,1250,1250,TRUE,0.3
bcc232,191,row,0.3,-875,0,-875.0025,4e-04,128,1250,1250,TRUE,0.3
bc5640,191,row,0.3,-875,0,-874.9948,2e-04,128,1250,1250,TRUE,0.3
bcc270,83,row,0.3,-875,0,-874.997,0.0014,128,1250,1250,TRUE,0.3
bc79017,43,row,0.3,-875,0,-874.9998,0,128,1250,1250,TRUE,0.3
bcc243,1,row,0.3504,-812,0,-811.9999,8e-04,192,1250,1250,TRUE,0.3504
bcc232,191,row,0.3504,-812,0,-812,-3e-04,192,1250,1250,TRUE,0.3504
bc5640,191,row,0.3504,-812,0,-811.9991,0,192,1250,1250,TRUE,0.3504
bcc270,83,row,0.3504,-812,0,-811.9984,9e-04,192,1250,1250,TRUE,0.3504
bc79017,43,row,0.3504,-812,0,-812.0002,4e-04,192,1250,1250,TRUE,0.3504
bcc243,1,row,0.5,-625,0,-625.0086,-3e-04,384,1250,1250,TRUE,0.5
bcc232,191,row,0.5,-625,0,-625.0125,1e-04,384,1250,1250,TRUE,0.5
bc5640,191,row,0.5,-625,0,-625.0153,-0.0016,384,1250,1250,TRUE,0.5
bcc270,83,row,0.5,-625,0,-625.0126,2e-04,384,1250,1250,TRUE,0.5
bc79017,43,row,0.5,-625,0,-625.014,-4e-04,384,1250,1250,TRUE,0.5
bcc243,1,row,0.6496,-438,0,-437.9996,1e-04,576,1250,1250,TRUE,0.6496
bcc232,191,row,0.6496,-438,0,-438.0001,3e-04,576,1250,1250,TRUE,0.6496
bc5640,191,row,0.6496,-438,0,-438.0083,-4e-04,576,1250,1250,TRUE,0.6496
bcc270,83,row,0.6496,-438,0,-438.0079,1e-04,576,1250,1250,TRUE,0.6496
bc79017,43,row,0.6496,-438,0,-438.0025,2e-04,576,1250,1250,TRUE,0.6496
bcc243,1,row,0.8,-250,0,-250.0012,4e-04,768,1250,1250,TRUE,0.8
bcc232,191,row,0.8,-250,0,-249.9989,-1e-04,768,1250,1250,TRUE,0.8
bc5640,191,row,0.8,-250,0,-249.9899,4e-04,768,1250,1250,TRUE,0.8
bcc270,83,row,0.8,-250,0,-249.991,5e-04,768,1250,1250,TRUE,0.8
bc79017,43,row,0.8,-250,0,-249.9961,-4e-04,768,1250,1250,TRUE,0.8
bcc243,1,row,0.9,-125,0,-124.9984,2e-04,896,1250,1250,TRUE,0.9
bcc232,191,row,0.9,-125,0,-124.9984,0,896,1250,1250,TRUE,0.9
bc5640,191,row,0.9,-125,0,-125.0054,1e-04,896,1250,1250,TRUE,0.9
bcc270,83,row,0.9,-125,0,-125.0026,1e-04,896,1250,1250,TRUE,0.9
bc79017,43,row,0.9,-125,0,-125.0017,-4e-04,896,1250,1250,TRUE,0.9
bcc243,1,col,0.2,0,-1000,,,0,1250,1250,FALSE,
bcc232,191,col,0.2,0,-1000,,,0,1250,1250,FALSE,
bc5640,191,col,0.2,0,-1000,,,0,1250,1250,FALSE,
bcc270,83,col,0.2,0,-1000,,,0,1250,1250,FALSE,
bc79017,43,col,0.2,0,-1000,,,0,1250,1250,FALSE,
bcc243,1,col,0.2496,0,-938,-1e-04,-937.9933,64,1250,1250,TRUE,0.2496
bcc232,191,col,0.2496,0,-938,-4e-04,-937.992,64,1250,1250,TRUE,0.2496
bc5640,191,col,0.2496,0,-938,6e-04,-937.9831,64,1250,1250,TRUE,0.2496
bcc270,83,col,0.2496,0,-938,-0.0018,-937.9882,64,1250,1250,TRUE,0.2496
bc79017,43,col,0.2496,0,-938,-7e-04,-937.9891,64,1250,1250,TRUE,0.2496
bcc243,1,col,0.3,0,-875,-6e-04,-874.9997,128,1250,1250,TRUE,0.3
bcc232,191,col,0.3,0,-875,0,-875.001,128,1250,1250,TRUE,0.3
bc5640,191,col,0.3,0,-875,-4e-04,-874.9995,128,1250,1250,TRUE,0.3
bcc270,83,col,0.3,0,-875,2e-04,-875.0001,128,1250,1250,TRUE,0.3
bc79017,43,col,0.3,0,-875,0,-875.0001,128,1250,1250,TRUE,0.3
bcc243,1,col,0.3504,0,-812,-1e-04,-812.0009,192,1250,1250,TRUE,0.3504
bcc232,191,col,0.3504,0,-812,-2e-04,-811.9995,192,1250,1250,TRUE,0.3504
bc5640,191,col,0.3504,0,-812,1e-04,-812.0011,192,1250,1250,TRUE,0.3504
bcc270,83,col,0.3504,0,-812,0.0015,-812.0002,192,1250,1250,TRUE,0.3504
bc79017,43,col,0.3504,0,-812,7e-04,-812.0015,192,1250,1250,TRUE,0.3504
bcc243,1,col,0.5,0,-625,7e-04,-625.0067,384,1250,1250,TRUE,0.5
bcc232,191,col,0.5,0,-625,5e-04,-625.0083,384,1250,1250,TRUE,0.5
bc5640,191,col,0.5,0,-625,0,-625.0088,384,1250,1250,TRUE,0.5
bcc270,83,col,0.5,0,-625,6e-04,-625.0062,384,1250,1250,TRUE,0.5
bc79017,43,col,0.5,0,-625,1e-04,-625.0059,384,1250,1250,TRUE,0.5
bcc243,1,col,0.6496,0,-438,2e-04,-438.0008,576,1250,1250,TRUE,0.6496
bcc232,191,col,0.6496,0,-438,2e-04,-438.0029,576,1250,1250,TRUE,0.6496
bc5640,191,col,0.6496,0,-438,0,-438.0073,576,1250,1250,TRUE,0.6496
bcc270,83,col,0.6496,0,-438,-3e-04,-438.0087,576,1250,1250,TRUE,0.6496
bc79017,43,col,0.6496,0,-438,2e-04,-438.0069,576,1250,1250,TRUE,0.6496
bcc243,1,col,0.8,0,-250,-5e-04,-249.9979,768,1250,1250,TRUE,0.8
bcc232,191,col,0.8,0,-250,-1e-04,-249.997,768,1250,1250,TRUE,0.8
bc5640,191,col,0.8,0,-250,3e-04,-249.9914,768,1250,1250,TRUE,0.8
bcc270,83,col,0.8,0,-250,-3e-04,-249.9891,768,1250,1250,TRUE,0.8
bc79017,43,col,0.8,0,-250,0,-249.993,768,1250,1250,TRUE,0.8
bcc243,1,col,0.9,0,-125,-1e-04,-124.999,896,1250,1250,TRUE,0.9
bcc232,191,col,0.9,0,-125,-8e-04,-124.9988,896,1250,1250,TRUE,0.9
bc5640,191,col,0.9,0,-125,-5e-04,-125.0003,896,1250,1250,TRUE,0.9
bcc270,83,col,0.9,0,-125,-5e-04,-125.0001,896,1250,1250,TRUE,0.9
bc79017,43,col,0.9,0,-125,1e-04,-124.9989,896,1250,1250,TRUE,0.9
