"tail","film_roll","flying_height","focal_length","scale_n","factor","cause","witness","logbook_ft","sibling_frame","height_m","frames_measured","frames_logbook","overlap_corrected","r_corrected"
"lower","bc5224",1082,153,15840,1,"scale_wrong","logbook",3550,,1082,46,46,0.614,0.333
"lower","bc5449",609,153,15000,1,"scale_wrong","logbook",2000,,609.6,3,3,0.585,0.261
"lower","bc5536",731,153,12000,1,"scale_wrong","logbook",2400,,731.5,9,9,0.604,0.384
"lower","bc5651",701,153,31680,10,"height_digit_dropped","logbook",23000,,7010.4,41,41,0.64,1.121
"lower","bc5655",1158,153,75062,1,"scale_wrong","logbook",3800,,1158.2,9,9,0.586,0.096
"lower","bc5697",457,153,6000,1,"scale_wrong","logbook",1500,,457.2,102,102,0.619,0.487
"lower","bc7280",60,305,16000,100,"height_two_digits_dropped","logbook",20000,,6096,101,101,0.652,1.073
"lower","bc7584",609,305,20000,10,"height_digit_dropped","logbook",20000,,6096,124,124,0.647,0.805
"lower","bc7675",609,305,16000,10,"height_digit_dropped","sibling",,214,6096,84,,0.616,1
"lower","bc7692",4511,305,63360,1,"scale_wrong","logbook",14800,,4511,31,31,0.639,0.197
"lower","bc77014",853,153,50000,10,"height_digit_dropped","logbook",28000,,8534.4,7,7,0.614,0.887
"lower","bc7703",1561,305,20000,1,"scale_wrong","logbook",5120,,1560.6,10,10,0.618,0.19
"lower","bc77032",701,610,10000,10,"height_digit_dropped","logbook",23000,,7010.4,54,54,0.608,0.905
"lower","bc7717",1676,305,12500,1,"scale_wrong","logbook",5500,,1676.4,84,84,0.628,0.409
"lower","bc7717",1829,305,12500,1,"scale_wrong","logbook",6000,,1828.8,43,43,0.656,0.405
"lower","bc78105",1295,153,20000,1,"scale_wrong","logbook",4250,,1295.4,17,17,0.637,0.216
"lower","bc78151",1295,153,20000,1,"scale_wrong","logbook",4250,,1295.4,35,35,0.668,0.22
"lower","bc7835",640,305,20000,10,"height_digit_dropped","logbook",21000,,6400.8,8,8,0.629,0.995
"lower","bc79122",640,305,20000,10,"height_digit_dropped","logbook",21000,,6400.8,149,149,0.618,1.039
"lower","bc81013",823,153,40000,10,"height_digit_dropped","logbook",27000,,8229.6,59,59,0.643,1.176
"lower","bc81027",732,153,40000,10,"height_digit_dropped","logbook",24000,,7315.2,18,18,0.631,1.026
"lower","bc85036",686,305,15000,10,"height_digit_dropped","logbook",22500,,6858,34,34,0.606,1.176
"lower","bc87070",396,153,23000,10,"height_digit_dropped","sibling",,203,3962,34,,0.597,0.795
"lower","bc88054",655,305,15000,10,"height_digit_dropped","logbook",21500,,6553.2,17,17,0.602,1.072
"lower","bcc822",701,305,15000,10,"height_digit_dropped","sibling",,119,7010,11,,0.613,1.098
"near_upper","bc5138",5486,153,16000,1,"scale_wrong","logbook",18000,,5486.4,7,7,0.723,2.219
"near_upper","bc5494",6400,153,16000,1,"scale_wrong","logbook",21000,,6400.8,1,1,0.595,2.05
"near_upper","bc5507",4267,153,12000,1,"scale_wrong","logbook",14000,,4267.2,1,1,0.618,1.907
"near_upper","bc5508",6553,153,16000,1,"scale_wrong","logbook",21500,,6553.2,13,13,0.58,2.063
"near_upper","bc5509",6553,153,16000,1,"scale_wrong","logbook",21500,,6553.2,17,17,0.576,2.153
"near_upper","bc5510",6553,153,16000,1,"scale_wrong","logbook",21500,,6553.2,3,3,0.589,2.095
"near_upper","bc5642",1859,153,6000,1,"scale_wrong","logbook",6100,,1859.3,6,6,0.627,2.001
"near_upper","bc5644",1859,153,6000,1,"scale_wrong","logbook",6100,,1859.3,6,6,0.6,1.912
"near_upper","bc5645",1859,153,6000,1,"scale_wrong","logbook",6100,,1859.3,2,2,0.613,1.929
"near_upper","bc5648",1859,153,6000,1,"scale_wrong","logbook",6100,,1859.3,6,6,0.625,2.021
"near_upper","bc5650",1859,153,6000,1,"scale_wrong","logbook",6100,,1859.3,1,1,0.593,2.025
"near_upper","bc5665",4115,153,12000,1,"scale_wrong","logbook",13500,,4114.8,1,1,0.668,2.143
"near_upper","bc5689",1859,153,6000,1,"scale_wrong","logbook",6100,,1859.3,3,3,0.614,1.95
"near_upper","bc5699",1875,153,6000,1,"scale_wrong","logbook",6150,,1874.5,8,8,0.61,2.025
"near_upper","bc5701",1875,153,6000,1,"scale_wrong","logbook",6150,,1874.5,15,15,0.602,1.979
"near_upper","bc5702",1875,153,6000,1,"scale_wrong","logbook",6150,,1874.5,8,8,0.598,2.027
"near_upper","bc5709",3024,153,7920,1,"scale_wrong","logbook",9920,,3023.6,3,3,0.597,2.043
"near_upper","bc7692",4450,305,7200,1,"scale_wrong","logbook",14600,,4450.1,1,1,0.628,1.651
"near_upper","bc78110",1554,153,5000,1,"scale_wrong","logbook",5100,,1554.5,1,1,0.632,1.984
"near_upper","bc79039",777,153,2000,1,"scale_wrong","logbook",2550,,777.2,1,1,0.688,2.527
"near_upper","bc79141",8230,153,25000,1,"scale_wrong","logbook",27000,,8229.6,4,4,0.682,1.877
"near_upper","bc85079",6401,305,10000,1,"scale_wrong","logbook",21000,,6400.8,2,2,0.632,1.686
"near_upper","bc85080",6401,305,10000,1,"scale_wrong","logbook",21000,,6400.8,7,7,0.618,1.815
"near_upper","bc85081",6401,305,10000,1,"scale_wrong","logbook",21000,,6400.8,3,3,0.581,1.68
"near_upper","bci9",5944,305,8000,1,"scale_wrong","logbook",19500,,5943.6,25,25,0.62,2.03
"terrain","bc5059",1981,153,12000,1,"scale_wrong","logbook",6500,,1981.2,16,16,0.607,0.573
"terrain","bc5060",2042,153,12000,1,"scale_wrong","logbook",6700,,2042.2,6,6,0.633,0.587
"terrain","bc5120",1920,153,10000,1,"scale_wrong","logbook",6300,,1920.2,44,44,0.652,0.512
"terrain","bc5120",2347,153,10000,1,"scale_wrong","logbook",7700,,2347,16,16,0.614,0.59
"terrain","bc5121",1676,153,10000,1,"scale_wrong","logbook",5500,,1676.4,37,37,0.604,0.513
"terrain","bc5121",1737,153,10000,1,"scale_wrong","logbook",5700,,1737.4,36,36,0.593,0.533
"terrain","bc5121",1768,153,10000,1,"scale_wrong","logbook",5800,,1767.8,18,18,0.603,0.543
"terrain","bc5225",914,153,6000,1,"scale_wrong","logbook",3000,,914.4,7,4,0.562,0.408
"terrain","bc5226",1859,153,12000,1,"scale_wrong","logbook",6100,,1859.3,6,6,0.586,0.55
"terrain","bc5285",2438,153,15000,1,"scale_wrong","logbook",8000,,2438.4,20,20,0.642,0.579
"terrain","bc5295",1676,153,12000,1,"scale_wrong","logbook",5500,,1676.4,20,20,0.66,0.576
"terrain","bc5295",2225,153,12000,1,"scale_wrong","logbook",7300,,2225,22,22,0.6,0.497
"terrain","bc5295",2286,153,12000,1,"scale_wrong","logbook",7500,,2286,28,28,0.659,0.524
"terrain","bc5295",2499,153,12000,1,"scale_wrong","logbook",8200,,2499.4,26,26,0.613,0.449
"terrain","bc5295",2591,153,12000,1,"scale_wrong","logbook",8500,,2590.8,20,20,0.625,0.529
"terrain","bc5312",3353,153,30000,1,"scale_wrong","logbook",11000,,3352.8,17,17,0.594,0.473
"terrain","bc5313",1981,153,10000,1,"scale_wrong","logbook",6500,,1981.2,3,3,0.627,0.585
"terrain","bc5320",1890,153,12000,1,"scale_wrong","logbook",6200,,1889.8,13,13,0.663,0.52
"terrain","bc5321",1981,153,12000,1,"scale_wrong","logbook",6500,,1981.2,8,8,0.63,0.555
"terrain","bc5322",1981,153,12000,1,"scale_wrong","logbook",6500,,1981.2,21,21,0.576,0.55
"terrain","bc5353",6096,153,45000,1,"scale_wrong","logbook",20000,,6096,12,12,0.686,0.6
"terrain","bc5544",1981,153,12000,1,"scale_wrong","logbook",6500,,1981.2,38,38,0.573,0.446
"terrain","bc5544",2773,153,12000,1,"scale_wrong","logbook",9100,,2773.7,28,28,0.618,0.481
"terrain","bc5561",2316,153,12000,1,"scale_wrong","logbook",7600,,2316.5,26,26,0.618,0.491
"terrain","bc5563",1920,153,12000,1,"scale_wrong","logbook",6300,,1920.2,22,22,0.585,0.453
"terrain","bc5583",1226,153,8000,1,"scale_wrong","logbook",4025,,1226.8,4,4,0.602,0.489
"terrain","bc5595",1249,153,12000,1,"scale_wrong","logbook",4100,,1249.7,36,36,0.614,0.313
"terrain","bc5595",1463,153,12000,1,"scale_wrong","logbook",4800,,1463,38,38,0.659,0.388
"terrain","bc5595",2651,153,16000,1,"scale_wrong","logbook",8700,,2651.8,28,15,0.686,0.4
"terrain","bc5598",2255,153,12000,1,"scale_wrong","logbook",7400,,2255.5,70,70,0.59,0.486
"terrain","bc5601",1828,153,12000,1,"scale_wrong","logbook",6000,,1828.8,11,11,0.59,0.483
"terrain","bc5602",2743,153,16000,1,"scale_wrong","logbook",9000,,2743.2,32,32,0.637,0.371
"terrain","bc5602",2865,153,16000,1,"scale_wrong","logbook",9400,,2865.1,12,12,0.607,0.376
"terrain","bc5602",2895,153,16000,1,"scale_wrong","logbook",9500,,2895.6,10,10,0.591,0.384
"terrain","bc5635",1463,153,10000,1,"scale_wrong","logbook",4800,,1463,8,8,0.656,0.589
"terrain","bc5635",1524,153,10000,1,"scale_wrong","logbook",5000,,1524,11,11,0.7,0.616
"terrain","bc5689",1524,153,8000,1,"scale_wrong","logbook",5000,,1524,11,11,0.722,0.592
"terrain","bc7211",3505,305,10000,1,"scale_wrong","logbook",11500,,3505.2,16,16,0.719,0.574
"terrain","bc7603",2712,305,12000,1,"scale_wrong","logbook",8900,,2712.7,16,16,0.647,0.502
"terrain","bc77046",1615,153,10000,1,"scale_wrong","logbook",5300,,1615.4,31,31,0.584,0.528
"terrain","bc77110",2835,153,12000,1,"scale_wrong","logbook",9300,,2834.6,119,119,0.619,0.538
"terrain","bc78016",3200,153,20000,1,"scale_wrong","logbook",10500,,3200.4,18,18,0.661,0.573
"terrain","bc78022",3658,153,20000,1,"scale_wrong","logbook",12000,,3657.6,19,19,0.664,0.564
"terrain","bc78059",3810,305,12000,1,"scale_wrong","logbook",12500,,3810,48,48,0.763,0.555
"terrain","bc78104",2438,153,20000,1,"scale_wrong","logbook",8000,,2438.4,106,97,0.685,0.584
"terrain","bc78155",1433,153,12000,1,"scale_wrong","logbook",4700,,1432.6,12,12,0.571,0.517
"terrain","bc79024",2286,153,15000,1,"scale_wrong","logbook",7500,,2286,9,9,0.572,0.525
"terrain","bc79164",2256,153,10000,1,"scale_wrong","logbook",7400,,2255.5,4,4,0.653,0.611
"terrain","bc80051",3505,153,20000,1,"scale_wrong","logbook",11500,,3505.2,1,1,0.645,0.609
"terrain","bc81001",1981,153,10000,1,"scale_wrong","logbook",6500,,1981.2,7,7,0.599,0.526
"terrain","bc81024",2012,153,10000,1,"scale_wrong","logbook",6600,,2011.7,4,4,0.608,0.55
"terrain","bc81052",2438,153,10000,1,"scale_wrong","logbook",8000,,2438.4,18,18,0.69,0.541
"terrain","bc81120",3536,153,20000,1,"scale_wrong","logbook",11600,,3535.7,96,96,0.666,0.554
"terrain","bc88081",4267,153,23000,1,"scale_wrong","logbook",14000,,4267.2,2,2,0.705,0.616
"terrain","bc89026",4054,153,23000,1,"scale_wrong","logbook",13300,,4053.8,5,5,0.654,0.599
"terrain","bc89083",1524,153,10000,1,"scale_wrong","logbook",5000,,1524,4,4,0.571,0.499
"terrain","bc89083",2134,153,10000,1,"scale_wrong","logbook",7000,,2133.6,7,7,0.585,0.501
"terrain","bcb90017",2438,153,16000,1,"scale_wrong","logbook",8000,,2438.4,8,8,0.643,0.569
"terrain","bcb90115",2438,153,16000,1,"scale_wrong","logbook",8000,,2438.4,8,8,0.636,0.577
"terrain","bcc217",1859,305,5000,1,"scale_wrong","logbook",6100,,1859.3,1,1,0.773,0.619
"terrain","bcc544",1768,305,8000,1,"scale_wrong","logbook",5800,,1767.8,21,21,0.624,0.601
"terrain","bci12",3682,305,15840,1,"scale_wrong","logbook",12080,,3682,14,14,0.62,0.506
"upper","bc5596",26212,153,12000,0.1,"height_decimal_dropped","sibling",,203,2621,8,,0.619,0.957
"upper","bc78065",4115,153,2000,0.1,"height_decimal_dropped","logbook",1350,,411.5,24,24,0.594,0.975
"upper","bc78078",9449,153,6000,0.1,"height_decimal_dropped","logbook",3100,,944.9,15,15,0.622,0.957
"upper","bc79103",21946,153,10000,0.1,"height_decimal_dropped","logbook",7200,,2194.6,24,24,0.644,1.031
"upper","bcb98013",97924,153,40000,0.08092,"height_leading_digit_added","sibling",,51,7924,1,,0.656,1.124
"upper","bcc00085",54860,305,15000,0.1,"height_decimal_dropped","logbook",18000,,5486.4,68,68,0.617,1.026
"upper","bcc00085",56390,305,15000,0.1,"height_decimal_dropped","logbook",18500,,5638.8,127,127,0.617,1.026
"upper","bcc00085",57910,305,15000,0.1,"height_decimal_dropped","logbook",19000,,5791.2,41,41,0.631,1.052
