key,film_roll,frame,heading,dir,place,overlap_written
bc5715 732 153 4800,bc5715,82,205,,HORSESHOE BAY OP 212/76,
bc5715 732 153 4800,bc5715,83,205,agree,HORSESHOE BAY OP 212/76,
bc77026 2042 305 6000,bc77026,140,270,agree,Pemberton Area,[FOR]WARD OVERLAP SEEMS EXCESSIVE (75.9%) (Remarks)
bc77026 2042 305 6000,bc77026,141,270,agree,Pemberton Area,[FOR]WARD OVERLAP SEEMS EXCESSIVE (75.9%) (Remarks)
bc77026 2042 305 6000,bc77026,142,270,agree,Pemberton Area,[FOR]WARD OVERLAP SEEMS EXCESSIVE (75.9%) (Remarks)
bc77026 2042 305 6000,bc77026,143,270,agree,Pemberton Area,[FOR]WARD OVERLAP SEEMS EXCESSIVE (75.9%) (Remarks)
bc77026 2042 305 6000,bc77026,144,270,agree,Pemberton Area,[FOR]WARD OVERLAP SEEMS EXCESSIVE (75.9%) (Remarks)
bc77026 2042 305 6000,bc77026,145,270,agree,Pemberton Area,[FOR]WARD OVERLAP SEEMS EXCESSIVE (75.9%) (Remarks)
bc77026 2042 305 6000,bc77026,146,270,agree,Pemberton Area,[FOR]WARD OVERLAP SEEMS EXCESSIVE (75.9%) (Remarks)
bc77026 2042 305 6000,bc77026,147,270,agree,Pemberton Area,[FOR]WARD OVERLAP SEEMS EXCESSIVE (75.9%) (Remarks)
bc77026 2042 305 6000,bc77026,148,270,agree,Pemberton Area,[FOR]WARD OVERLAP SEEMS EXCESSIVE (75.9%) (Remarks)
bc77026 2042 305 6000,bc77026,149,270,agree,Pemberton Area,[FOR]WARD OVERLAP SEEMS EXCESSIVE (75.9%) (Remarks)
bc77026 2042 305 6000,bc77026,150,270,agree,Pemberton Area,[FOR]WARD OVERLAP SEEMS EXCESSIVE (75.9%) (Remarks)
bc77026 2042 305 6000,bc77026,151,270,agree,Pemberton Area,[FOR]WARD OVERLAP SEEMS EXCESSIVE (75.9%) (Remarks)
bc77026 2042 305 6000,bc77026,152,270,agree,Pemberton Area,[FOR]WARD OVERLAP SEEMS EXCESSIVE (75.9%) (Remarks)
bc77026 2042 305 6000,bc77026,153,270,agree,Pemberton Area,[FOR]WARD OVERLAP SEEMS EXCESSIVE (75.9%) (Remarks)
bc77026 2042 305 6000,bc77026,154,270,agree,Pemberton Area,[FOR]WARD OVERLAP SEEMS EXCESSIVE (75.9%) (Remarks)
bc77026 2042 305 6000,bc77026,155,270,agree,Pemberton Area,[FOR]WARD OVERLAP SEEMS EXCESSIVE (75.9%) (Remarks)
bc77026 2042 305 6000,bc77026,156,270,agree,Pemberton Area,[FOR]WARD OVERLAP SEEMS EXCESSIVE (75.9%) (Remarks)
bc77026 2042 305 6000,bc77026,157,270,agree,Pemberton Area,[FOR]WARD OVERLAP SEEMS EXCESSIVE (75.9%) (Remarks)
bc77026 2042 305 6000,bc77026,158,270,agree,Pemberton Area,[FOR]WARD OVERLAP SEEMS EXCESSIVE (75.9%) (Remarks)
bc77026 2042 305 6000,bc77026,159,270,agree,Pemberton Area,[FOR]WARD OVERLAP SEEMS EXCESSIVE (75.9%) (Remarks)
bc77026 2042 305 6000,bc77026,160,270,agree,Pemberton Area,[FOR]WARD OVERLAP SEEMS EXCESSIVE (75.9%) (Remarks)
bc77026 2042 305 6000,bc77026,161,270,agree,Pemberton Area,[FOR]WARD OVERLAP SEEMS EXCESSIVE (75.9%) (Remarks)
bc77026 2042 305 6000,bc77026,162,270,agree,Pemberton Area,[FOR]WARD OVERLAP SEEMS EXCESSIVE (75.9%) (Remarks)
bc77026 2042 305 6000,bc77026,163,270,agree,Pemberton Area,[FOR]WARD OVERLAP SEEMS EXCESSIVE (75.9%) (Remarks)
bc77026 2042 305 6000,bc77026,164,270,agree,Pemberton Area,[FOR]WARD OVERLAP SEEMS EXCESSIVE (75.9%) (Remarks)
bc77026 2042 305 6000,bc77026,165,270,agree,Pemberton Area,[FOR]WARD OVERLAP SEEMS EXCESSIVE (75.9%) (Remarks)
bc77026 2042 305 6000,bc77026,166,270,agree,Pemberton Area,[FOR]WARD OVERLAP SEEMS EXCESSIVE (75.9%) (Remarks)
bc77026 2042 305 6000,bc77026,167,270,agree,Pemberton Area,[FOR]WARD OVERLAP SEEMS EXCESSIVE (75.9%) (Remarks)
bc77026 2042 305 6000,bc77026,168,270,agree,Pemberton Area,[FOR]WARD OVERLAP SEEMS EXCESSIVE (75.9%) (Remarks)
bc77026 2042 305 6000,bc77026,169,270,agree,Pemberton Area,[FOR]WARD OVERLAP SEEMS EXCESSIVE (75.9%) (Remarks)
bc77026 2042 305 6000,bc77026,170,270,agree,Pemberton Area,[FOR]WARD OVERLAP SEEMS EXCESSIVE (75.9%) (Remarks)
bc77026 2042 305 6000,bc77026,171,270,agree,Pemberton Area,[FOR]WARD OVERLAP SEEMS EXCESSIVE (75.9%) (Remarks)
bc77026 2042 305 6000,bc77026,172,270,agree,Pemberton Area,[FOR]WARD OVERLAP SEEMS EXCESSIVE (75.9%) (Remarks)
bc77026 2042 305 6000,bc77026,173,270,,Pemberton Area,[FOR]WARD OVERLAP SEEMS EXCESSIVE (75.9%) (Remarks)
bc77026 2042 305 6000,bc77026,174,,,,
bc77026 2042 305 6000,bc77026,175,,,Pemberton Area,[FOR]WARD OVERLAP SEEMS EXCESSIVE (75.9%) (Remarks)
bc77026 2042 305 6000,bc77026,176,,,Pemberton Area,[FOR]WARD OVERLAP SEEMS EXCESSIVE (75.9%) (Remarks)
bc77026 2042 305 6000,bc77026,177,,,Pemberton Area,[FOR]WARD OVERLAP SEEMS EXCESSIVE (75.9%) (Remarks)
bc77026 2042 305 6000,bc77026,178,,,Pemberton Area,[FOR]WARD OVERLAP SEEMS EXCESSIVE (75.9%) (Remarks)
bc77026 2042 305 6000,bc77026,179,,,Pemberton Area,[FOR]WARD OVERLAP SEEMS EXCESSIVE (75.9%) (Remarks)
bc77026 2042 305 6000,bc77026,180,,,Pemberton Area,[FOR]WARD OVERLAP SEEMS EXCESSIVE (75.9%) (Remarks)
bc77026 2042 305 6000,bc77026,181,,,Pemberton Area,[FOR]WARD OVERLAP SEEMS EXCESSIVE (75.9%) (Remarks)
bc77026 2042 305 6000,bc77026,182,,,Pemberton Area,[FOR]WARD OVERLAP SEEMS EXCESSIVE (75.9%) (Remarks)
bc77026 2042 305 6000,bc77026,183,,,Pemberton Area,[FOR]WARD OVERLAP SEEMS EXCESSIVE (75.9%) (Remarks)
bc77026 2042 305 6000,bc77026,184,,,Pemberton Area,[FOR]WARD OVERLAP SEEMS EXCESSIVE (75.9%) (Remarks)
bc77026 2042 305 6000,bc77026,185,,,Pemberton Area,[FOR]WARD OVERLAP SEEMS EXCESSIVE (75.9%) (Remarks)
bc77026 2042 305 6000,bc77026,186,,,Pemberton Area,[FOR]WARD OVERLAP SEEMS EXCESSIVE (75.9%) (Remarks)
bc77026 2042 305 6000,bc77026,187,,,Pemberton Area,[FOR]WARD OVERLAP SEEMS EXCESSIVE (75.9%) (Remarks)
bc77026 2042 305 6000,bc77026,188,,,Pemberton Area,[FOR]WARD OVERLAP SEEMS EXCESSIVE (75.9%) (Remarks)
bc77026 2042 305 6000,bc77026,189,,,Pemberton Area,[FOR]WARD OVERLAP SEEMS EXCESSIVE (75.9%) (Remarks)
bc77026 2042 305 6000,bc77026,190,,,Pemberton Area,[FOR]WARD OVERLAP SEEMS EXCESSIVE (75.9%) (Remarks)
bc77026 2042 305 6000,bc77026,191,,,Pemberton Area,[FOR]WARD OVERLAP SEEMS EXCESSIVE (75.9%) (Remarks)
bc77026 2042 305 6000,bc77026,192,,,Pemberton Area,[FOR]WARD OVERLAP SEEMS EXCESSIVE (75.9%) (Remarks)
bc77026 2042 305 6000,bc77026,193,,,Pemberton Area,[FOR]WARD OVERLAP SEEMS EXCESSIVE (75.9%) (Remarks)
bc77026 2042 305 6000,bc77026,194,,,Pemberton Area,[FOR]WARD OVERLAP SEEMS EXCESSIVE (75.9%) (Remarks)
bc77026 2042 305 6000,bc77026,195,,,Pemberton Area,[FOR]WARD OVERLAP SEEMS EXCESSIVE (75.9%) (Remarks)
bc77026 2042 305 6000,bc77026,196,,,Pemberton Area,[FOR]WARD OVERLAP SEEMS EXCESSIVE (75.9%) (Remarks)
bc77026 2042 305 6000,bc77026,197,,,Pemberton Area,[FOR]WARD OVERLAP SEEMS EXCESSIVE (75.9%) (Remarks)
bc77026 2042 305 6000,bc77026,198,,,Pemberton Area,[FOR]WARD OVERLAP SEEMS EXCESSIVE (75.9%) (Remarks)
bc77026 2042 305 6000,bc77026,199,,,Pemberton Area,[FOR]WARD OVERLAP SEEMS EXCESSIVE (75.9%) (Remarks)
bc77026 2042 305 6000,bc77026,200,,,Pemberton Area,[FOR]WARD OVERLAP SEEMS EXCESSIVE (75.9%) (Remarks)
bc77026 2042 305 6000,bc77026,201,,,Pemberton Area,[FOR]WARD OVERLAP SEEMS EXCESSIVE (75.9%) (Remarks)
bc77026 2042 305 6000,bc77026,202,,,Pemberton Area,[FOR]WARD OVERLAP SEEMS EXCESSIVE (75.9%) (Remarks)
bc77026 2042 305 6000,bc77026,203,,,Pemberton Area,[FOR]WARD OVERLAP SEEMS EXCESSIVE (75.9%) (Remarks)
bc77026 2042 305 6000,bc77026,204,,,Pemberton Area,[FOR]WARD OVERLAP SEEMS EXCESSIVE (75.9%) (Remarks)
bc77026 2042 305 6000,bc77026,205,,,Pemberton Area,[FOR]WARD OVERLAP SEEMS EXCESSIVE (75.9%) (Remarks)
bc77026 2042 305 6000,bc77026,206,,,Pemberton Area,[FOR]WARD OVERLAP SEEMS EXCESSIVE (75.9%) (Remarks)
bc77026 2042 305 6000,bc77026,207,,,Pemberton Area,[FOR]WARD OVERLAP SEEMS EXCESSIVE (75.9%) (Remarks)
bc77026 2042 305 6000,bc77026,208,,,Pemberton Area,[FOR]WARD OVERLAP SEEMS EXCESSIVE (75.9%) (Remarks)
bc77026 2042 305 6000,bc77026,209,,,Pemberton Area,[FOR]WARD OVERLAP SEEMS EXCESSIVE (75.9%) (Remarks)
bc77026 2042 305 6000,bc77026,210,,,Pemberton Area,[FOR]WARD OVERLAP SEEMS EXCESSIVE (75.9%) (Remarks)
bc77026 2042 305 6000,bc77026,211,,,Pemberton Area,[FOR]WARD OVERLAP SEEMS EXCESSIVE (75.9%) (Remarks)
bc77026 2042 305 6000,bc77026,212,,,Pemberton Area,[FOR]WARD OVERLAP SEEMS EXCESSIVE (75.9%) (Remarks)
bc77026 2042 305 6000,bc77026,213,,,Pemberton Area,[FOR]WARD OVERLAP SEEMS EXCESSIVE (75.9%) (Remarks)
bc77026 2042 305 6000,bc77026,214,,,Pemberton Area,[FOR]WARD OVERLAP SEEMS EXCESSIVE (75.9%) (Remarks)
bc77026 2042 305 6000,bc77026,215,,,Pemberton Area,[FOR]WARD OVERLAP SEEMS EXCESSIVE (75.9%) (Remarks)
bc77026 2042 305 6000,bc77026,216,,,Pemberton Area,[FOR]WARD OVERLAP SEEMS EXCESSIVE (75.9%) (Remarks)
bc77026 2042 305 6000,bc77026,217,,,Pemberton Area,[FOR]WARD OVERLAP SEEMS EXCESSIVE (75.9%) (Remarks)
bc77026 2042 305 6000,bc77026,218,,,,
bc77026 2042 305 6000,bc77026,219,90,agree,Pemberton Area,[FOR]WARD OVERLAP SEEMS EXCESSIVE (75.9%) (Remarks)
bc77026 2042 305 6000,bc77026,220,90,agree,Pemberton Area,[FOR]WARD OVERLAP SEEMS EXCESSIVE (75.9%) (Remarks)
bc77026 2042 305 6000,bc77026,221,90,agree,Pemberton Area,[FOR]WARD OVERLAP SEEMS EXCESSIVE (75.9%) (Remarks)
bc77026 2042 305 6000,bc77026,222,90,,Pemberton Area,[FOR]WARD OVERLAP SEEMS EXCESSIVE (75.9%) (Remarks)
bc77026 2042 305 6000,bc77026,223,90,agree,Pemberton Area,[FOR]WARD OVERLAP SEEMS EXCESSIVE (75.9%) (Remarks)
bc77026 2042 305 6000,bc77026,224,90,agree,Pemberton Area,[FOR]WARD OVERLAP SEEMS EXCESSIVE (75.9%) (Remarks)
bc77026 2042 305 6000,bc77026,225,90,agree,Pemberton Area,[FOR]WARD OVERLAP SEEMS EXCESSIVE (75.9%) (Remarks)
bc77026 2042 305 6000,bc77026,226,90,agree,Pemberton Area,[FOR]WARD OVERLAP SEEMS EXCESSIVE (75.9%) (Remarks)
bc77026 2042 305 6000,bc77026,227,90,agree,Pemberton Area,[FOR]WARD OVERLAP SEEMS EXCESSIVE (75.9%) (Remarks)
bc77026 2042 305 6000,bc77026,228,90,agree,Pemberton Area,[FOR]WARD OVERLAP SEEMS EXCESSIVE (75.9%) (Remarks)
bc77026 2042 305 6000,bc77026,229,90,agree,Pemberton Area,[FOR]WARD OVERLAP SEEMS EXCESSIVE (75.9%) (Remarks)
bc77026 2042 305 6000,bc77026,230,90,agree,Pemberton Area,[FOR]WARD OVERLAP SEEMS EXCESSIVE (75.9%) (Remarks)
bc77026 2042 305 6000,bc77026,231,90,agree,Pemberton Area,[FOR]WARD OVERLAP SEEMS EXCESSIVE (75.9%) (Remarks)
bc77026 2042 305 6000,bc77026,232,90,agree,Pemberton Area,[FOR]WARD OVERLAP SEEMS EXCESSIVE (75.9%) (Remarks)
bc77026 2042 305 6000,bc77026,233,90,agree,Pemberton Area,[FOR]WARD OVERLAP SEEMS EXCESSIVE (75.9%) (Remarks)
bc77026 2042 305 6000,bc77026,234,90,agree,Pemberton Area,[FOR]WARD OVERLAP SEEMS EXCESSIVE (75.9%) (Remarks)
bc77026 2042 305 6000,bc77026,235,90,agree,Pemberton Area,[FOR]WARD OVERLAP SEEMS EXCESSIVE (75.9%) (Remarks)
bc77026 2042 305 6000,bc77026,236,90,agree,Pemberton Area,[FOR]WARD OVERLAP SEEMS EXCESSIVE (75.9%) (Remarks)
bc77026 2042 305 6000,bc77026,237,90,agree,Pemberton Area,[FOR]WARD OVERLAP SEEMS EXCESSIVE (75.9%) (Remarks)
bc77026 2042 305 6000,bc77026,238,90,agree,Pemberton Area,[FOR]WARD OVERLAP SEEMS EXCESSIVE (75.9%) (Remarks)
bc77026 2042 305 6000,bc77026,239,90,agree,Pemberton Area,[FOR]WARD OVERLAP SEEMS EXCESSIVE (75.9%) (Remarks)
bc77026 2042 305 6000,bc77026,240,90,agree,Pemberton Area,[FOR]WARD OVERLAP SEEMS EXCESSIVE (75.9%) (Remarks)
bc77026 2042 305 6000,bc77026,241,90,agree,Pemberton Area,[FOR]WARD OVERLAP SEEMS EXCESSIVE (75.9%) (Remarks)
bc77026 2042 305 6000,bc77026,242,90,agree,Pemberton Area,[FOR]WARD OVERLAP SEEMS EXCESSIVE (75.9%) (Remarks)
bc77026 2042 305 6000,bc77026,243,90,agree,Pemberton Area,[FOR]WARD OVERLAP SEEMS EXCESSIVE (75.9%) (Remarks)
bc77026 2042 305 6000,bc77026,244,90,agree,Pemberton Area,[FOR]WARD OVERLAP SEEMS EXCESSIVE (75.9%) (Remarks)
bc77026 2042 305 6000,bc77026,245,90,agree,Pemberton Area,[FOR]WARD OVERLAP SEEMS EXCESSIVE (75.9%) (Remarks)
bc77026 2042 305 6000,bc77026,246,90,agree,Pemberton Area,[FOR]WARD OVERLAP SEEMS EXCESSIVE (75.9%) (Remarks)
bc77026 2042 305 6000,bc77026,247,90,agree,Pemberton Area,[FOR]WARD OVERLAP SEEMS EXCESSIVE (75.9%) (Remarks)
bc77026 2042 305 6000,bc77026,248,90,agree,Pemberton Area,[FOR]WARD OVERLAP SEEMS EXCESSIVE (75.9%) (Remarks)
bc77026 2042 305 6000,bc77026,249,90,agree,Pemberton Area,[FOR]WARD OVERLAP SEEMS EXCESSIVE (75.9%) (Remarks)
bc77026 2042 305 6000,bc77026,250,90,agree,Pemberton Area,[FOR]WARD OVERLAP SEEMS EXCESSIVE (75.9%) (Remarks)
bc77026 2042 305 6000,bc77026,251,90,agree,Pemberton Area,[FOR]WARD OVERLAP SEEMS EXCESSIVE (75.9%) (Remarks)
bc77026 2042 305 6000,bc77026,252,90,agree,Pemberton Area,[FOR]WARD OVERLAP SEEMS EXCESSIVE (75.9%) (Remarks)
bc77026 2042 305 6000,bc77026,253,90,agree,Pemberton Area,[FOR]WARD OVERLAP SEEMS EXCESSIVE (75.9%) (Remarks)
bc77026 2042 305 6000,bc77026,254,90,agree,Pemberton Area,[FOR]WARD OVERLAP SEEMS EXCESSIVE (75.9%) (Remarks)
bc77026 2042 305 6000,bc77026,255,90,agree,Pemberton Area,[FOR]WARD OVERLAP SEEMS EXCESSIVE (75.9%) (Remarks)
bc77026 2042 305 6000,bc77026,256,90,agree,Pemberton Area,[FOR]WARD OVERLAP SEEMS EXCESSIVE (75.9%) (Remarks)
bc77026 2042 305 6000,bc77026,257,90,agree,Pemberton Area,[FOR]WARD OVERLAP SEEMS EXCESSIVE (75.9%) (Remarks)
bc77070 1158 153 5000,bc77070,209,350,agree,Swan Lake Grinrod,
bc77070 1158 153 5000,bc77070,210,350,agree,Swan Lake Grinrod,
bc77070 1158 153 5000,bc77070,211,350,agree,Swan Lake Grinrod,
bc77070 1158 153 5000,bc77070,212,350,agree,Swan Lake Grinrod,
bc77070 1158 153 5000,bc77070,213,350,agree,Swan Lake Grinrod,
bc77070 1158 153 5000,bc77070,214,350,agree,Swan Lake Grinrod,
bc77070 1158 153 5000,bc77070,215,350,agree,Swan Lake Grinrod,
bc77070 1158 153 5000,bc77070,216,350,agree,Swan Lake Grinrod,
bc77070 1158 153 5000,bc77070,217,350,agree,Swan Lake Grinrod,
bc77070 1158 153 5000,bc77070,218,,,,
bc77070 1158 153 5000,bc77070,219,30,agree,Swan Lake Grinrod,
bc77070 1158 153 5000,bc77070,220,30,,Swan Lake Grinrod,
bc77070 1158 153 5000,bc77070,221,30,agree,Swan Lake Grinrod,
bc77070 1158 153 5000,bc77070,222,30,,Swan Lake Grinrod,
bc77070 1158 153 5000,bc77070,223,30,agree,Swan Lake Grinrod,
bc77070 1158 153 5000,bc77070,224,30,agree,Swan Lake Grinrod,
bc77070 1158 153 5000,bc77070,225,30,agree,Swan Lake Grinrod,
bc77070 1158 153 5000,bc77070,226,30,,Swan Lake Grinrod,
bc77070 1158 153 5000,bc77070,227,30,,Swan Lake Grinrod,
bc77070 1158 153 5000,bc77070,228,30,agree,Swan Lake Grinrod,
bc77070 1158 153 5000,bc77070,229,30,,Swan Lake Grinrod,
bc77070 1158 153 5000,bc77070,230,30,agree,Swan Lake Grinrod,
bc77070 1158 153 5000,bc77070,231,30,agree,Swan Lake Grinrod,
bc77070 1158 153 5000,bc77070,232,30,agree,Swan Lake Grinrod,
bc77070 1158 153 5000,bc77070,233,30,agree,Swan Lake Grinrod,
bc77070 1158 153 5000,bc77070,234,30,agree,Swan Lake Grinrod,
bc77070 1158 153 5000,bc77070,235,30,agree,Swan Lake Grinrod,
bc77070 1158 153 5000,bc77070,236,,,,
bc77070 1158 153 5000,bc77070,237,35,agree,Swan Lake Grinrod,
bc77070 1158 153 5000,bc77070,238,35,agree,Swan Lake Grinrod,
bc77070 1158 153 5000,bc77070,239,35,agree,Swan Lake Grinrod,
bc77070 1158 153 5000,bc77070,240,35,agree,Swan Lake Grinrod,
bc77070 1158 153 5000,bc77070,241,35,agree,Swan Lake Grinrod,
bc77070 1158 153 5000,bc77070,242,35,agree,Swan Lake Grinrod,
bc77070 1158 153 5000,bc77070,243,35,agree,Swan Lake Grinrod,
bc77070 1158 153 5000,bc77070,244,35,agree,Swan Lake Grinrod,
bc77070 1158 153 5000,bc77070,245,,,,
bc77070 1158 153 5000,bc77070,246,0,agree,Swan Lake Grinrod,
bc77070 1158 153 5000,bc77070,247,0,agree,Swan Lake Grinrod,
bc77070 1158 153 5000,bc77070,248,0,agree,Swan Lake Grinrod,
bc77070 1158 153 5000,bc77070,249,0,agree,Swan Lake Grinrod,
bc77070 1158 153 5000,bc77070,250,0,agree,Swan Lake Grinrod,
bc77070 1158 153 5000,bc77070,251,0,agree,Swan Lake Grinrod,
bc77070 1158 153 5000,bc77070,252,0,agree,Swan Lake Grinrod,
bc77070 1158 153 5000,bc77070,253,,,,
bc77070 1158 153 5000,bc77070,254,60,agree,Swan Lake Grinrod,
bc77070 1158 153 5000,bc77070,255,60,agree,Swan Lake Grinrod,
bc77070 1158 153 5000,bc77070,256,60,agree,Swan Lake Grinrod,
bc77070 1158 153 5000,bc77070,257,60,agree,Swan Lake Grinrod,
bc77070 1158 153 5000,bc77070,258,60,agree,Swan Lake Grinrod,
bc77070 1158 153 5000,bc77070,259,60,agree,Swan Lake Grinrod,
bc77070 1158 153 5000,bc77070,260,60,agree,Swan Lake Grinrod,
bc77070 1158 153 5000,bc77070,261,60,agree,Swan Lake Grinrod,
bc77070 1158 153 5000,bc77070,262,60,agree,Swan Lake Grinrod,
bc77070 1158 153 5000,bc77070,263,60,agree,Swan Lake Grinrod,
bc77070 1158 153 5000,bc77070,264,,,,
bc77070 1158 153 5000,bc77070,265,25,agree,Swan Lake Grinrod,Only 40% overlap between #271-#272 (page Remarks)
bc77070 1158 153 5000,bc77070,266,25,agree,Swan Lake Grinrod,Only 40% overlap between #271-#272 (page Remarks)
bc77070 1158 153 5000,bc77070,267,25,agree,Swan Lake Grinrod,Only 40% overlap between #271-#272 (page Remarks)
bc77070 1158 153 5000,bc77070,268,25,agree,Swan Lake Grinrod,Only 40% overlap between #271-#272 (page Remarks)
bc77070 1158 153 5000,bc77070,269,25,agree,Swan Lake Grinrod,Only 40% overlap between #271-#272 (page Remarks)
bc77070 1158 153 5000,bc77070,270,25,agree,Swan Lake Grinrod,Only 40% overlap between #271-#272 (page Remarks)
bc77070 1158 153 5000,bc77070,271,25,agree,Swan Lake Grinrod,Only 40% overlap between #271-#272 (page Remarks)
bc77072 1829 153 10000,bc77072,211,200,agree,SPENCES BRIDGE/SAVONA,
bc77072 1829 153 10000,bc77072,212,200,agree,SPENCES BRIDGE/SAVONA,
bc77072 1829 153 10000,bc77072,213,200,agree,SPENCES BRIDGE/SAVONA,
bc77072 1829 153 10000,bc77072,214,200,agree,SPENCES BRIDGE/SAVONA,
bc77072 1829 153 10000,bc77072,215,200,agree,SPENCES BRIDGE/SAVONA,
bc77072 1829 153 10000,bc77072,216,200,agree,SPENCES BRIDGE/SAVONA,
bc77072 1829 153 10000,bc77072,217,,,,
bc77072 1829 153 10000,bc77072,218,250,agree,SPENCES BRIDGE/SAVONA,
bc77072 1829 153 10000,bc77072,219,250,agree,SPENCES BRIDGE/SAVONA,
bc77072 1829 153 10000,bc77072,220,250,agree,SPENCES BRIDGE/SAVONA,
bc77072 1829 153 10000,bc77072,221,250,agree,SPENCES BRIDGE/SAVONA,
bc77072 1829 153 10000,bc77072,222,250,agree,SPENCES BRIDGE/SAVONA,
bc77072 1829 153 10000,bc77072,223,,,,
bc77072 1829 153 10000,bc77072,224,,,,
bc77072 1829 153 10000,bc77072,225,,,,
bc77072 1829 153 10000,bc77072,226,,,,
bc77072 1829 153 10000,bc77072,227,,,,
bc77072 1829 153 10000,bc77072,228,,,,
bc77072 1981 153 10000,bc77072,111,200,differ,SPENCES BRIDGE/SAVONA,
bc77072 1981 153 10000,bc77072,112,,,,
bc77072 1981 153 10000,bc77072,130,300,agree,SPENCES BRIDGE/SAVONA,
bc77072 1981 153 10000,bc77072,131,,,,
bc77072 1981 153 10000,bc77072,133,260,agree,SPENCES BRIDGE/SAVONA,
bc77072 1981 153 10000,bc77072,134,260,agree,SPENCES BRIDGE/SAVONA,
bc77072 1981 153 10000,bc77072,139,260,agree,SPENCES BRIDGE/SAVONA,
bc77072 1981 153 10000,bc77072,140,260,,SPENCES BRIDGE/SAVONA,
bc77072 1981 153 10000,bc77072,141,,,,
bc77072 1981 153 10000,bc77072,142,300,agree,SPENCES BRIDGE/SAVONA,
bc77072 1981 153 10000,bc77072,143,300,,SPENCES BRIDGE/SAVONA,
bc77072 1981 153 10000,bc77072,144,300,agree,SPENCES BRIDGE/SAVONA,
bc77072 1981 153 10000,bc77072,145,300,,SPENCES BRIDGE/SAVONA,
bc77072 1981 153 10000,bc77072,146,300,agree,SPENCES BRIDGE/SAVONA,
bc77072 1981 153 10000,bc77072,148,300,agree,SPENCES BRIDGE/SAVONA,
bc77072 1981 153 10000,bc77072,149,300,agree,SPENCES BRIDGE/SAVONA,
bc77072 1981 153 10000,bc77072,150,300,agree,SPENCES BRIDGE/SAVONA,
bc77072 1981 153 10000,bc77072,151,300,agree,SPENCES BRIDGE/SAVONA,
bc77072 1981 153 10000,bc77072,152,300,agree,SPENCES BRIDGE/SAVONA,
bc77072 1981 153 10000,bc77072,153,300,agree,SPENCES BRIDGE/SAVONA,
bc77072 1981 153 10000,bc77072,154,300,agree,SPENCES BRIDGE/SAVONA,
bc77072 1981 153 10000,bc77072,155,300,agree,SPENCES BRIDGE/SAVONA,
bc77072 1981 153 10000,bc77072,156,300,agree,SPENCES BRIDGE/SAVONA,
bc77072 1981 153 10000,bc77072,157,300,agree,SPENCES BRIDGE/SAVONA,
bc77072 1981 153 10000,bc77072,158,300,agree,SPENCES BRIDGE/SAVONA,
bc77072 1981 153 10000,bc77072,159,,,,
bc77072 1981 153 10000,bc77072,160,170,agree,SPENCES BRIDGE/SAVONA,
bc77072 1981 153 10000,bc77072,161,170,agree,SPENCES BRIDGE/SAVONA,
bc77072 1981 153 10000,bc77072,162,170,agree,SPENCES BRIDGE/SAVONA,
bc77072 1981 153 10000,bc77072,163,170,agree,SPENCES BRIDGE/SAVONA,
bc77072 1981 153 10000,bc77072,165,170,agree,SPENCES BRIDGE/SAVONA,
bc77072 1981 153 10000,bc77072,166,170,agree,SPENCES BRIDGE/SAVONA,
bc77072 1981 153 10000,bc77072,167,170,agree,SPENCES BRIDGE/SAVONA,
bc77072 1981 153 10000,bc77072,168,170,agree,SPENCES BRIDGE/SAVONA,
bc77072 1981 153 10000,bc77072,169,170,agree,SPENCES BRIDGE/SAVONA,
bc77072 1981 153 10000,bc77072,170,,,,
bc77072 1981 153 10000,bc77072,171,200,agree,SPENCES BRIDGE/SAVONA,
bc77072 1981 153 10000,bc77072,172,200,agree,SPENCES BRIDGE/SAVONA,
bc77072 1981 153 10000,bc77072,173,200,agree,SPENCES BRIDGE/SAVONA,
bc77072 1981 153 10000,bc77072,174,200,agree,SPENCES BRIDGE/SAVONA,
bc77072 1981 153 10000,bc77072,175,200,agree,SPENCES BRIDGE/SAVONA,
bc77072 1981 153 10000,bc77072,176,200,agree,SPENCES BRIDGE/SAVONA,
bc77072 1981 153 10000,bc77072,177,200,agree,SPENCES BRIDGE/SAVONA,
bc77072 1981 153 10000,bc77072,178,200,agree,SPENCES BRIDGE/SAVONA,
bc77072 1981 153 10000,bc77072,179,200,agree,SPENCES BRIDGE/SAVONA,
bc77072 1981 153 10000,bc77072,180,200,,SPENCES BRIDGE/SAVONA,
bc77072 1981 153 10000,bc77072,181,200,agree,SPENCES BRIDGE/SAVONA,
bc77072 1981 153 10000,bc77072,182,200,agree,SPENCES BRIDGE/SAVONA,
bc77072 1981 153 10000,bc77072,183,,,,
bc77072 1981 153 10000,bc77072,184,160,agree,SPENCES BRIDGE/SAVONA,
bc77072 1981 153 10000,bc77072,185,160,agree,SPENCES BRIDGE/SAVONA,
bc77072 1981 153 10000,bc77072,188,160,agree,SPENCES BRIDGE/SAVONA,
bc77072 1981 153 10000,bc77072,189,160,agree,SPENCES BRIDGE/SAVONA,
bc77072 1981 153 10000,bc77072,190,160,,SPENCES BRIDGE/SAVONA,
bc77072 1981 153 10000,bc77072,191,160,agree,SPENCES BRIDGE/SAVONA,
bc77072 1981 153 10000,bc77072,192,160,agree,SPENCES BRIDGE/SAVONA,
bc77072 1981 153 10000,bc77072,193,160,agree,SPENCES BRIDGE/SAVONA,
bc77072 1981 153 10000,bc77072,194,160,agree,SPENCES BRIDGE/SAVONA,
bc77072 1981 153 10000,bc77072,195,160,agree,SPENCES BRIDGE/SAVONA,
bc77072 1981 153 10000,bc77072,196,160,agree,SPENCES BRIDGE/SAVONA,
bc77072 1981 153 10000,bc77072,197,160,agree,SPENCES BRIDGE/SAVONA,
bc77072 1981 153 10000,bc77072,198,160,agree,SPENCES BRIDGE/SAVONA,
bc77072 1981 153 10000,bc77072,199,160,agree,SPENCES BRIDGE/SAVONA,
bc77072 1981 153 10000,bc77072,200,160,agree,SPENCES BRIDGE/SAVONA,
bc77087 1158 153 5000,bc77087,1,60,differ,SWAN LAKE GRINROD,
bc77087 1158 153 5000,bc77087,2,60,differ,SWAN LAKE GRINROD,
bc77087 1158 153 5000,bc77087,3,60,differ,SWAN LAKE GRINROD,
bc77087 1158 153 5000,bc77087,4,,,,
bc77087 1158 153 5000,bc77087,5,360,agree,SWAN LAKE GRINROD,
bc77087 1158 153 5000,bc77087,6,360,agree,SWAN LAKE GRINROD,
bc77087 1158 153 5000,bc77087,7,360,agree,SWAN LAKE GRINROD,
bc77087 1158 153 5000,bc77087,8,360,,SWAN LAKE GRINROD,
bc77087 1158 153 5000,bc77087,9,360,agree,SWAN LAKE GRINROD,
bc77087 1158 153 5000,bc77087,10,360,,SWAN LAKE GRINROD,
bc77087 1158 153 5000,bc77087,11,360,agree,SWAN LAKE GRINROD,
bc77087 1158 153 5000,bc77087,12,360,agree,SWAN LAKE GRINROD,
bc77087 1158 153 5000,bc77087,13,360,agree,SWAN LAKE GRINROD,
bc77087 1158 153 5000,bc77087,14,360,agree,SWAN LAKE GRINROD,
bc77087 1158 153 5000,bc77087,15,360,agree,SWAN LAKE GRINROD,
bc77087 1158 153 5000,bc77087,16,360,agree,SWAN LAKE GRINROD,
bc77087 1158 153 5000,bc77087,17,360,agree,SWAN LAKE GRINROD,
bc77087 1158 153 5000,bc77087,18,360,agree,SWAN LAKE GRINROD,
bc77087 1158 153 5000,bc77087,19,360,agree,SWAN LAKE GRINROD,
bc77087 1158 153 5000,bc77087,20,360,agree,SWAN LAKE GRINROD,
bc77087 1158 153 5000,bc77087,21,360,agree,SWAN LAKE GRINROD,
bc77087 1158 153 5000,bc77087,22,360,agree,SWAN LAKE GRINROD,
bc77087 1158 153 5000,bc77087,23,360,agree,SWAN LAKE GRINROD,
bc77087 1158 153 5000,bc77087,24,360,agree,SWAN LAKE GRINROD,
bc77087 1158 153 5000,bc77087,25,360,agree,SWAN LAKE GRINROD,
bc77087 1158 153 5000,bc77087,26,,,,
bc77087 1158 153 5000,bc77087,27,345,agree,SWAN LAKE GRINROD,
bc77087 1158 153 5000,bc77087,28,345,agree,SWAN LAKE GRINROD,
bc77087 1158 153 5000,bc77087,29,345,,SWAN LAKE GRINROD,
bc77087 1158 153 5000,bc77087,30,345,agree,SWAN LAKE GRINROD,
bc77087 1158 153 5000,bc77087,31,345,agree,SWAN LAKE GRINROD,
bc77087 1158 153 5000,bc77087,34,345,agree,SWAN LAKE GRINROD,
bc77087 1158 153 5000,bc77087,35,345,agree,SWAN LAKE GRINROD,
bc77087 1158 153 5000,bc77087,36,,,,
bc77087 1158 153 5000,bc77087,37,205,agree,SWAN LAKE GRINROD,
bc77087 1158 153 5000,bc77087,38,205,agree,SWAN LAKE GRINROD,
bc77087 1158 153 5000,bc77087,39,205,agree,SWAN LAKE GRINROD,
bc77087 1158 153 5000,bc77087,40,205,agree,SWAN LAKE GRINROD,
bc77087 1158 153 5000,bc77087,41,205,agree,SWAN LAKE GRINROD,
bc77087 1158 153 5000,bc77087,42,205,,SWAN LAKE GRINROD,
bc77087 1158 153 5000,bc77087,43,205,agree,SWAN LAKE GRINROD,
bc77087 1158 153 5000,bc77087,44,205,agree,SWAN LAKE GRINROD,
bc77087 1158 153 5000,bc77087,45,,,,
bc77087 1158 153 5000,bc77087,46,210,agree,SWAN LAKE GRINROD,
bc77087 1158 153 5000,bc77087,47,210,agree,SWAN LAKE GRINROD,
bc77087 1158 153 5000,bc77087,48,210,agree,SWAN LAKE GRINROD,
bc77087 1158 153 5000,bc77087,49,210,agree,SWAN LAKE GRINROD,
bc77087 1158 153 5000,bc77087,50,210,agree,SWAN LAKE GRINROD,
bc77087 1158 153 5000,bc77087,51,210,agree,SWAN LAKE GRINROD,
bc77087 1158 153 5000,bc77087,52,210,agree,SWAN LAKE GRINROD,
bc77087 1158 153 5000,bc77087,53,210,agree,SWAN LAKE GRINROD,
bc77087 1158 153 5000,bc77087,54,210,agree,SWAN LAKE GRINROD,
bc77087 1158 153 5000,bc77087,55,210,agree,SWAN LAKE GRINROD,
bc77087 1158 153 5000,bc77087,56,210,agree,SWAN LAKE GRINROD,
bc77087 1158 153 5000,bc77087,57,210,agree,SWAN LAKE GRINROD,
bc77087 1158 153 5000,bc77087,58,210,agree,SWAN LAKE GRINROD,
bc77087 1158 153 5000,bc77087,59,210,agree,SWAN LAKE GRINROD,
bc7718 1524 305 5000,bc7718,45,,,,
bc7718 1524 305 5000,bc7718,46,180,agree,TAHSIS,
bc7718 1524 305 5000,bc7718,47,180,agree,TAHSIS,
bc7718 1524 305 5000,bc7718,48,180,agree,TAHSIS,
bc7718 1524 305 5000,bc7718,49,180,agree,TAHSIS,
bc7718 1524 305 5000,bc7718,50,180,agree,TAHSIS,
bc7718 1524 305 5000,bc7718,51,180,agree,TAHSIS,
bc7718 1524 305 5000,bc7718,52,180,agree,TAHSIS,
bc7718 1524 305 5000,bc7718,53,180,agree,TAHSIS,
bc7718 1524 305 5000,bc7718,54,180,agree,TAHSIS,
bc7718 1524 305 5000,bc7718,55,180,agree,TAHSIS,
bc7718 1524 305 5000,bc7718,56,180,agree,TAHSIS,
bc7718 1524 305 5000,bc7718,57,180,agree,TAHSIS,
bc7718 1524 305 5000,bc7718,58,180,agree,TAHSIS,
bc7718 1524 305 5000,bc7718,59,180,agree,TAHSIS,
bc7718 1524 305 5000,bc7718,60,180,agree,TAHSIS,
bc7718 1524 305 5000,bc7718,61,180,agree,TAHSIS,
bc7718 1524 305 5000,bc7718,62,180,agree,TAHSIS,
bc7718 1524 305 5000,bc7718,63,180,agree,TAHSIS,
bc7718 1524 305 5000,bc7718,64,180,agree,TAHSIS,
bc7718 1524 305 5000,bc7718,65,180,agree,TAHSIS,
bc7718 1524 305 5000,bc7718,66,180,agree,TAHSIS,
bc7718 1524 305 5000,bc7718,67,180,agree,TAHSIS,
bc7718 1524 305 5000,bc7718,68,180,agree,TAHSIS,
bc80117 1372 153 8000,bc80117,32,60,agree,YALE BLUFF,80% FOREWARD O.L.
bc80117 1372 153 8000,bc80117,33,60,agree,YALE BLUFF,80% FOREWARD O.L.
bc80117 1372 153 8000,bc80117,34,60,agree,YALE BLUFF,80% FOREWARD O.L.
bc80117 1372 153 8000,bc80117,35,60,agree,YALE BLUFF,80% FOREWARD O.L.
bc80117 1372 153 8000,bc80117,36,60,agree,YALE BLUFF,80% FOREWARD O.L.
bc80117 1372 153 8000,bc80117,37,60,agree,YALE BLUFF,80% FOREWARD O.L.
bc80117 1372 153 8000,bc80117,38,60,agree,YALE BLUFF,80% FOREWARD O.L.
bc80117 1372 153 8000,bc80117,39,,,,
bc80117 1372 153 8000,bc80117,40,,,YALE BLUFF,80% FOREWARD O.L.
bc80117 1372 153 8000,bc80117,41,,,YALE BLUFF,80% FOREWARD O.L.
bc80117 1372 153 8000,bc80117,42,,,YALE BLUFF,80% FOREWARD O.L.
bc80117 1372 153 8000,bc80117,43,,,YALE BLUFF,80% FOREWARD O.L.
bc80117 1372 153 8000,bc80117,44,,,YALE BLUFF,80% FOREWARD O.L.
bc80117 1372 153 8000,bc80117,45,,,YALE BLUFF,80% FOREWARD O.L.
bc80117 1372 153 8000,bc80117,46,,,YALE BLUFF,80% FOREWARD O.L.
bc80117 1372 153 8000,bc80117,47,,,YALE BLUFF,80% FOREWARD O.L.
bc80117 1372 153 8000,bc80117,48,,,YALE BLUFF,80% FOREWARD O.L.
bc80117 1372 153 8000,bc80117,49,,,YALE BLUFF,80% FOREWARD O.L.
bcc325 396 153 2000,bcc325,70,135,agree,? Creek (2 mi North of South Bay) Moresby Island (OP 297/82),
bcc325 396 153 2000,bcc325,71,135,,? Creek (2 mi North of South Bay) Moresby Island (OP 297/82),
