"film_roll","flying_height","focal_length","scale_n","photo_year","frames","frames_nonpositive","frames_outside","ratio_asl","frames_base","overlap_agl","overlap_nominal","spacing","frames_logbook","frames_catalogue","frames_ground_plus","frames_ambiguous","frames_ground_header","frames_other","frames_focal_conflict","logbook_ft","tabled","reason"
"bc5060",1981,153,12000,1963,3,0,31,1.079,3,0.762,0.743,"undecided",3,3,0,0,0,0,0,"6500",FALSE,"spacing fits both the catalogued height read as above ground and nominal scale"
"bc5061",1981,153,12000,1963,5,0,252,1.079,5,0.791,0.774,"refutes",0,0,0,0,0,0,0,"",FALSE,"spacing rejects the catalogued height read as above ground"
"bc5062",1981,153,12000,1963,4,0,260,1.079,4,0.708,0.685,"undecided",0,0,0,0,0,0,0,"",FALSE,"spacing fits both the catalogued height read as above ground and nominal scale"
"bc5064",1890,153,12000,1963,2,0,243,1.029,2,0.64,0.63,"undecided",0,0,0,0,0,0,0,"",FALSE,"spacing fits both the catalogued height read as above ground and nominal scale"
"bc5064",1951,153,12000,1963,1,0,0,1.063,1,0.652,0.63,"undecided",0,0,0,0,0,0,0,"",FALSE,"spacing fits both the catalogued height read as above ground and nominal scale"
"bc5065",1890,153,12000,1963,7,0,263,1.029,7,0.754,0.747,"undecided",0,0,0,0,0,0,0,"",FALSE,"spacing fits both the catalogued height read as above ground and nominal scale"
"bc5120",1737,153,10000,1964,19,0,0,1.135,19,0.798,0.771,"refutes",19,19,0,0,0,0,0,"5700",FALSE,"spacing rejects the catalogued height read as above ground"
"bc5120",2042,153,10000,1964,11,0,0,1.335,11,0.831,0.774,"refutes",11,11,0,0,0,0,0,"6700",FALSE,"spacing rejects the catalogued height read as above ground"
"bc5121",2286,153,10000,1964,16,0,2,1.494,16,0.842,0.764,"refutes",16,16,0,0,0,0,0,"7500",FALSE,"spacing rejects the catalogued height read as above ground"
"bc5225",2614,153,15840,1967,2,0,96,1.079,2,0.663,0.636,"undecided",2,2,0,0,0,0,0,"8575",FALSE,"spacing fits both the catalogued height read as above ground and nominal scale"
"bc5271",3200,153,15840,1967,3,0,47,1.32,3,0.832,0.778,"refutes",0,0,0,0,0,0,0,"",FALSE,"spacing rejects the catalogued height read as above ground"
"bc5274",3200,153,15840,1967,2,0,5,1.32,2,0.813,0.753,"refutes",0,0,0,0,0,0,0,"",FALSE,"spacing rejects the catalogued height read as above ground"
"bc5277",2896,153,16000,1967,27,0,16,1.183,27,0.748,0.702,"undecided",0,0,0,0,0,0,0,"",FALSE,"spacing fits both the catalogued height read as above ground and nominal scale"
"bc5278",2896,153,16000,1967,14,0,47,1.183,14,0.692,0.636,"undecided",0,0,0,0,0,0,0,"",FALSE,"spacing fits both the catalogued height read as above ground and nominal scale"
"bc5279",1829,153,16000,1968,3,0,81,0.747,3,0.604,0.704,"undecided",0,0,0,0,0,0,0,"",FALSE,"spacing fits both the catalogued height read as above ground and nominal scale"
"bc5280",1829,153,16000,1968,4,0,86,0.747,4,0.653,0.741,"undecided",4,4,0,0,0,0,0,"6000",FALSE,"spacing fits both the catalogued height read as above ground and nominal scale"
"bc5295",2530,153,12000,1968,12,0,5,1.378,12,0.84,0.779,"refutes",12,12,0,0,0,0,0,"8300",FALSE,"spacing rejects the catalogued height read as above ground"
"bc5326",2286,153,10000,1969,1,0,77,1.494,1,0.837,0.757,"refutes",0,0,0,0,0,0,0,"",FALSE,"spacing rejects the catalogued height read as above ground"
"bc5495",2743,153,16000,1972,18,0,139,1.121,18,0.75,0.72,"undecided",0,0,0,0,0,0,0,"",FALSE,"spacing fits both the catalogued height read as above ground and nominal scale"
"bc5574",1920,153,12000,1974,1,0,220,1.046,1,0.608,0.59,"undecided",0,0,0,0,0,0,0,"",FALSE,"spacing fits both the catalogued height read as above ground and nominal scale"
"bc5575",1920,153,12000,1974,2,0,168,1.046,2,0.614,0.597,"undecided",0,0,0,0,0,0,0,"",FALSE,"spacing fits both the catalogued height read as above ground and nominal scale"
"bc5580",1920,153,12000,1974,10,0,223,1.046,10,0.746,0.734,"undecided",0,0,0,0,0,0,0,"",FALSE,"spacing fits both the catalogued height read as above ground and nominal scale"
"bc5592",2072,153,12000,1974,1,0,61,1.129,1,0.77,0.74,"undecided",0,0,0,0,0,0,0,"",FALSE,"spacing fits both the catalogued height read as above ground and nominal scale"
"bc5596",2529,153,16000,1974,1,0,2,1.033,1,0.684,0.674,"undecided",0,0,0,0,0,0,0,"",FALSE,"spacing fits both the catalogued height read as above ground and nominal scale"
"bc5597",2286,153,12000,1974,5,0,100,1.245,5,0.743,0.68,"undecided",5,5,0,0,0,0,0,"7500",FALSE,"spacing fits both the catalogued height read as above ground and nominal scale"
"bc5598",3352,153,20000,1974,4,0,1,1.095,4,0.781,0.761,"refutes",4,4,0,0,0,0,0,"11000",FALSE,"spacing rejects the catalogued height read as above ground"
"bc5599",1981,153,12000,1974,1,0,35,1.079,1,0.729,0.707,"undecided",0,0,0,0,0,0,0,"",FALSE,"spacing fits both the catalogued height read as above ground and nominal scale"
"bc5602",1219,153,6000,1974,24,23,0,1.328,24,0.631,0.51,"supports",24,24,0,0,0,0,0,"4000",FALSE,"logbook does not put the ground under the catalogued height"
"bc5610",2438,153,12000,1974,2,0,46,1.328,2,0.824,0.766,"refutes",0,0,0,0,0,0,0,"",FALSE,"spacing rejects the catalogued height read as above ground"
"bc5610",2895,153,16000,1974,2,0,51,1.183,2,0.711,0.658,"undecided",0,0,0,0,0,0,0,"",FALSE,"spacing fits both the catalogued height read as above ground and nominal scale"
"bc5611",2103,153,12000,1974,6,0,330,1.145,6,0.759,0.723,"undecided",0,0,0,0,0,0,0,"",FALSE,"spacing fits both the catalogued height read as above ground and nominal scale"
"bc5634",2590,153,16000,1974,2,0,12,1.058,2,0.602,0.579,"undecided",0,0,0,0,0,0,0,"",FALSE,"spacing fits both the catalogued height read as above ground and nominal scale"
"bc5635",1066,153,10000,1974,19,0,0,0.697,19,0.682,0.778,"undecided",19,19,0,0,0,0,0,"3500",FALSE,"spacing fits both the catalogued height read as above ground and nominal scale"
"bc5635",1859,153,9600,1974,1,0,33,1.266,1,0.771,0.711,"undecided",1,1,0,0,0,0,0,"6100",FALSE,"spacing fits both the catalogued height read as above ground and nominal scale"
"bc5638",1584,153,9600,1974,3,0,153,1.078,3,0.708,0.685,"undecided",0,0,0,0,0,0,0,"",FALSE,"spacing fits both the catalogued height read as above ground and nominal scale"
"bc5640",1584,153,9600,1974,5,0,190,1.078,5,0.753,0.734,"undecided",0,0,0,0,0,0,0,"",FALSE,"spacing fits both the catalogued height read as above ground and nominal scale"
"bc5650",2057,153,12500,1975,1,0,70,1.076,1,0.67,0.646,"undecided",1,1,0,0,0,0,0,"6750",FALSE,"spacing fits both the catalogued height read as above ground and nominal scale"
"bc5656",1646,153,7992,1975,1,0,83,1.346,1,0.739,0.649,"undecided",0,0,0,0,0,0,0,"",FALSE,"spacing fits both the catalogued height read as above ground and nominal scale"
"bc5658",3383,153,20000,1975,8,0,205,1.106,8,0.71,0.679,"undecided",0,0,0,0,0,0,0,"",FALSE,"spacing fits both the catalogued height read as above ground and nominal scale"
"bc5660",3383,153,20000,1975,62,0,161,1.106,62,0.706,0.675,"undecided",0,0,0,0,0,0,0,"",FALSE,"spacing fits both the catalogued height read as above ground and nominal scale"
"bc5673",2743,153,12000,1975,3,0,34,1.494,3,0.713,0.572,"undecided",0,0,0,0,0,0,0,"",FALSE,"spacing fits both the catalogued height read as above ground and nominal scale"
"bc5690",1920,153,10000,1975,4,0,92,1.255,4,0.753,0.69,"undecided",0,0,0,0,0,0,0,"",FALSE,"spacing fits both the catalogued height read as above ground and nominal scale"
"bc5692",3277,153,20000,1975,4,0,50,1.071,4,0.603,0.575,"undecided",0,0,0,0,0,0,0,"",FALSE,"spacing fits both the catalogued height read as above ground and nominal scale"
"bc5695",1372,153,6000,1975,16,16,0,1.495,16,0.793,0.69,"refutes",0,0,0,0,0,0,0,"",FALSE,"spacing rejects the catalogued height read as above ground"
"bc5697",610,153,6000,1975,9,0,16,0.664,9,0.659,0.773,"undecided",9,0,0,0,0,9,0,"5000",FALSE,"spacing fits both the catalogued height read as above ground and nominal scale"
"bc5698",610,153,6000,1976,41,0,132,0.664,41,0.655,0.771,"undecided",0,0,0,0,0,0,0,"",FALSE,"spacing fits both the catalogued height read as above ground and nominal scale"
"bc5714",945,153,9840,1976,26,0,1,0.628,26,0.405,0.626,"refutes",0,0,0,0,0,0,0,"",FALSE,"spacing rejects the catalogued height read as above ground"
"bc5715",732,153,4800,1976,2,1,1,0.997,2,0.199,0.202,"refutes",0,0,0,0,0,0,0,"",FALSE,"spacing rejects the catalogued height read as above ground"
"bc5715",2499,153,12000,1976,2,0,1,1.361,2,0.678,0.561,"undecided",0,0,0,0,0,0,0,"",FALSE,"spacing fits both the catalogued height read as above ground and nominal scale"
"bc5727",3505,153,20000,1976,12,0,9,1.145,12,0.79,0.759,"refutes",0,0,0,0,0,0,0,"",FALSE,"spacing rejects the catalogued height read as above ground"
"bc5740",1951,153,10000,1976,3,0,106,1.275,3,0.762,0.697,"undecided",0,0,0,0,0,0,0,"",FALSE,"spacing fits both the catalogued height read as above ground and nominal scale"
"bc5744",3353,153,15840,1976,1,0,63,1.384,1,0.756,0.662,"undecided",0,0,0,0,0,0,0,"",FALSE,"spacing fits both the catalogued height read as above ground and nominal scale"
"bc7566",1828,305,6000,1974,33,0,64,0.999,33,0.625,0.625,"undecided",0,0,0,0,0,0,0,"",FALSE,"spacing fits both the catalogued height read as above ground and nominal scale"
"bc7568",2590,305,8000,1974,3,0,42,1.061,3,0.745,0.729,"undecided",0,0,0,0,0,0,0,"",FALSE,"spacing fits both the catalogued height read as above ground and nominal scale"
"bc7596",2346,305,6000,1974,1,0,89,1.282,1,0.67,0.577,"undecided",0,0,0,0,0,0,0,"",FALSE,"spacing fits both the catalogued height read as above ground and nominal scale"
"bc7685",1828,305,6000,1974,3,0,3,0.999,3,0.662,0.663,"undecided",0,0,0,0,0,0,0,"",FALSE,"spacing fits both the catalogued height read as above ground and nominal scale"
"bc77011",1554,153,10000,1977,3,0,138,1.016,3,0.705,0.7,"undecided",0,0,0,0,0,0,0,"",FALSE,"spacing fits both the catalogued height read as above ground and nominal scale"
"bc77026",2042,305,6000,1977,118,11,1,1.116,118,0.479,0.419,"refutes",80,80,0,0,0,0,0,"6700",FALSE,"spacing rejects the catalogued height read as above ground"
"bc77057",1829,153,10000,1977,2,0,52,1.195,2,0.732,0.68,"undecided",0,0,0,0,0,0,0,"",FALSE,"spacing fits both the catalogued height read as above ground and nominal scale"
"bc77057",1981,153,10000,1977,9,0,41,1.295,9,0.799,0.74,"refutes",0,0,0,0,0,0,0,"",FALSE,"spacing rejects the catalogued height read as above ground"
"bc77070",1158,153,5000,1977,64,59,0,1.514,64,0.526,0.283,"refutes",0,0,0,0,0,0,0,"",FALSE,"spacing rejects the catalogued height read as above ground"
"bc77071",2225,153,10000,1977,2,0,19,1.454,2,0.779,0.678,"undecided",0,0,0,0,0,0,0,"",FALSE,"spacing fits both the catalogued height read as above ground and nominal scale"
"bc77072",1829,153,10000,1977,17,1,9,1.195,17,0.355,0.228,"refutes",12,12,0,0,0,0,0,"6000",FALSE,"spacing rejects the catalogued height read as above ground"
"bc77072",1981,153,10000,1977,55,3,44,1.295,55,0.354,0.164,"refutes",55,55,0,0,0,0,0,"6500",FALSE,"spacing rejects the catalogued height read as above ground"
"bc77078",1859,153,12000,1977,1,0,81,1.013,1,0.7,0.696,"undecided",0,0,0,0,0,0,0,"",FALSE,"spacing fits both the catalogued height read as above ground and nominal scale"
"bc77087",1158,153,5000,1977,57,38,3,1.514,57,0.478,0.209,"refutes",57,57,0,0,0,0,0,"3800",FALSE,"spacing rejects the catalogued height read as above ground"
"bc77103",2134,153,10000,1977,7,0,85,1.395,7,0.772,0.681,"undecided",7,7,0,0,0,0,0,"7000",FALSE,"spacing fits both the catalogued height read as above ground and nominal scale"
"bc77111",2286,153,10000,1977,36,0,21,1.494,36,0.838,0.757,"refutes",0,0,0,0,0,0,0,"",FALSE,"spacing rejects the catalogued height read as above ground"
"bc77115",2286,153,10000,1977,65,0,37,1.494,65,0.812,0.719,"refutes",65,65,0,0,0,0,0,"7500",FALSE,"spacing rejects the catalogued height read as above ground"
"bc7718",1524,305,5000,1975,24,24,15,0.999,24,0.857,0.857,"refutes",0,0,0,0,0,0,0,"",FALSE,"spacing rejects the catalogued height read as above ground"
"bc78025",3505,153,20000,1978,8,0,283,1.145,8,0.644,0.592,"undecided",0,0,0,0,0,0,0,"",FALSE,"spacing fits both the catalogued height read as above ground and nominal scale"
"bc78050",2012,153,10000,1978,1,0,37,1.315,1,0.686,0.587,"undecided",0,0,0,0,0,0,0,"",FALSE,"spacing fits both the catalogued height read as above ground and nominal scale"
"bc78052",2591,305,10000,1978,67,0,2,0.85,67,0.543,0.612,"refutes",0,0,0,0,0,0,0,"",FALSE,"spacing rejects the catalogued height read as above ground"
"bc78077",3200,305,10000,1978,2,0,97,1.049,2,0.723,0.709,"undecided",0,0,0,0,0,0,0,"",FALSE,"spacing fits both the catalogued height read as above ground and nominal scale"
"bc78107",7925,305,40000,1978,129,0,0,0.65,129,0.474,0.658,"refutes",0,0,0,0,0,0,0,"",FALSE,"spacing rejects the catalogued height read as above ground"
"bc78128",2347,305,10000,1978,54,0,0,0.77,54,0.541,0.647,"refutes",0,0,0,0,0,0,0,"",FALSE,"spacing rejects the catalogued height read as above ground"
"bc78128",2438,305,10000,1978,16,0,0,0.799,16,0.495,0.596,"refutes",0,0,0,0,0,0,0,"",FALSE,"spacing rejects the catalogued height read as above ground"
"bc78128",8382,305,40000,1978,17,0,0,0.687,17,0.433,0.611,"refutes",0,0,0,0,0,0,0,"",FALSE,"spacing rejects the catalogued height read as above ground"
"bc78155",1219,153,12000,1978,37,0,0,0.664,37,0.652,0.769,"undecided",37,37,0,0,0,0,0,"4000",FALSE,"spacing fits both the catalogued height read as above ground and nominal scale"
"bc78155",1798,153,12000,1978,8,0,50,0.979,8,0.745,0.75,"undecided",8,8,0,0,0,0,0,"5900",FALSE,"spacing fits both the catalogued height read as above ground and nominal scale"
"bc7830",4115,305,10000,1975,4,0,28,1.349,4,0.775,0.696,"undecided",0,0,0,0,0,0,0,"",FALSE,"spacing fits both the catalogued height read as above ground and nominal scale"
"bc79012",1981,305,5500,1979,3,0,114,1.181,3,0.721,0.67,"undecided",0,0,0,0,0,0,0,"",FALSE,"spacing fits both the catalogued height read as above ground and nominal scale"
"bc79012",1981,305,10000,1979,61,0,0,0.65,61,0.553,0.71,"refutes",0,0,0,0,0,0,0,"",FALSE,"spacing rejects the catalogued height read as above ground"
"bc79016",762,153,5000,1979,5,0,69,0.996,5,0.655,0.657,"undecided",0,0,0,0,0,0,0,"",FALSE,"spacing fits both the catalogued height read as above ground and nominal scale"
"bc79016",2347,153,10000,1979,2,0,20,1.534,2,0.852,0.773,"refutes",0,0,0,0,0,0,0,"",FALSE,"spacing rejects the catalogued height read as above ground"
"bc79019",2438,153,10000,1979,10,0,51,1.593,10,0.829,0.728,"refutes",0,0,0,0,0,0,0,"",FALSE,"spacing rejects the catalogued height read as above ground"
"bc79037",1250,153,10000,1979,2,0,18,0.817,2,0.679,0.738,"undecided",0,0,0,0,0,0,0,"",FALSE,"spacing fits both the catalogued height read as above ground and nominal scale"
"bc79037",3658,153,20000,1979,2,0,60,1.195,2,0.786,0.744,"refutes",0,0,0,0,0,0,0,"",FALSE,"spacing rejects the catalogued height read as above ground"
"bc79039",792,153,5000,1979,5,0,28,1.035,5,0.638,0.625,"undecided",5,5,0,0,0,0,0,"2600",FALSE,"spacing fits both the catalogued height read as above ground and nominal scale"
"bc79063",2134,153,10000,1979,21,0,58,1.395,21,0.726,0.617,"undecided",0,0,0,0,0,0,0,"",FALSE,"spacing fits both the catalogued height read as above ground and nominal scale"
"bc79065",2286,153,10000,1979,35,0,2,1.494,35,0.753,0.63,"undecided",0,0,0,0,0,0,0,"",FALSE,"spacing fits both the catalogued height read as above ground and nominal scale"
"bc79070",2134,153,10000,1979,6,0,83,1.395,6,0.827,0.759,"refutes",0,0,0,0,0,0,0,"",FALSE,"spacing rejects the catalogued height read as above ground"
"bc79114",2286,153,10000,1979,24,0,0,1.494,24,0.792,0.689,"refutes",0,0,0,0,0,0,0,"",FALSE,"spacing rejects the catalogued height read as above ground"
"bc79121",2438,153,10000,1979,120,4,21,1.593,120,0.808,0.694,"refutes",0,0,0,0,0,0,0,"",FALSE,"spacing rejects the catalogued height read as above ground"
"bc79128",2073,153,10000,1979,1,0,152,1.355,1,0.793,0.719,"refutes",0,0,0,0,0,0,0,"",FALSE,"spacing rejects the catalogued height read as above ground"
"bc79161",1676,305,5000,1979,4,0,42,1.099,4,0.633,0.597,"undecided",0,0,0,0,0,0,0,"",FALSE,"spacing fits both the catalogued height read as above ground and nominal scale"
"bc79173",3200,153,20000,1979,1,0,49,1.046,1,0.712,0.699,"undecided",0,0,0,0,0,0,0,"",FALSE,"spacing fits both the catalogued height read as above ground and nominal scale"
"bc79187",1844,153,10000,1979,55,0,23,1.205,55,0.678,0.612,"undecided",0,0,0,0,0,0,0,"",FALSE,"spacing fits both the catalogued height read as above ground and nominal scale"
"bc79206",3597,153,20000,1979,1,0,10,1.175,1,0.797,0.762,"refutes",0,0,0,0,0,0,0,"",FALSE,"spacing rejects the catalogued height read as above ground"
"bc79212",1920,305,5000,1979,73,0,2,1.259,73,0.654,0.565,"undecided",0,0,0,0,0,0,0,"",FALSE,"spacing fits both the catalogued height read as above ground and nominal scale"
"bc80052",2073,153,10000,1980,3,0,10,1.355,3,0.796,0.723,"refutes",0,0,0,0,0,0,0,"",FALSE,"spacing rejects the catalogued height read as above ground"
"bc80110",2073,305,5000,1980,3,0,52,1.359,3,0.78,0.701,"refutes",0,0,0,0,0,0,0,"",FALSE,"spacing rejects the catalogued height read as above ground"
"bc80117",1372,153,8000,1980,19,19,0,1.121,19,0.86,0.843,"refutes",0,0,0,0,0,0,0,"",FALSE,"spacing rejects the catalogued height read as above ground"
"bc80141",914,153,5000,1980,1,0,26,1.195,1,0.732,0.68,"undecided",0,0,0,0,0,0,0,"",FALSE,"spacing fits both the catalogued height read as above ground and nominal scale"
"bc81001",1585,153,10000,1980,1,0,54,1.036,1,0.665,0.652,"undecided",1,1,0,0,0,0,0,"5200",FALSE,"spacing fits both the catalogued height read as above ground and nominal scale"
"bc81001",1737,153,10000,1980,6,0,187,1.135,6,0.772,0.741,"undecided",6,6,0,0,0,0,0,"5700",FALSE,"spacing fits both the catalogued height read as above ground and nominal scale"
"bc81002",2286,153,12000,1981,1,0,39,1.245,1,0.718,0.649,"undecided",0,0,0,0,0,0,0,"",FALSE,"spacing fits both the catalogued height read as above ground and nominal scale"
"bc81023",792,153,5000,1981,10,0,190,1.035,10,0.728,0.718,"undecided",0,0,0,0,0,0,0,"",FALSE,"spacing fits both the catalogued height read as above ground and nominal scale"
"bc81026",2560,305,10000,1981,26,0,8,0.839,26,0.681,0.733,"undecided",26,26,0,0,0,0,26,"8400",FALSE,"spacing fits both the catalogued height read as above ground and nominal scale"
"bc81029",1554,153,10000,1981,2,0,23,1.016,2,0.702,0.698,"undecided",0,0,0,0,0,0,0,"",FALSE,"spacing fits both the catalogued height read as above ground and nominal scale"
"bc81040",1707,305,5000,1981,1,0,32,1.119,1,0.695,0.658,"undecided",0,0,0,0,0,0,0,"",FALSE,"spacing fits both the catalogued height read as above ground and nominal scale"
"bc81071",1615,153,10000,1981,2,0,31,1.056,2,0.781,0.769,"refutes",0,0,0,0,0,0,0,"",FALSE,"spacing rejects the catalogued height read as above ground"
"bc81075",1554,153,10000,1981,42,22,0,1.016,42,0.732,0.728,"undecided",0,0,0,0,0,0,0,"",FALSE,"spacing fits both the catalogued height read as above ground and nominal scale"
"bc81075",1676,153,10000,1981,9,0,84,1.095,9,0.728,0.702,"undecided",0,0,0,0,0,0,0,"",FALSE,"spacing fits both the catalogued height read as above ground and nominal scale"
"bc81089",1676,153,10000,1981,25,0,0,1.095,25,0.79,0.77,"refutes",0,0,0,0,0,0,0,"",FALSE,"spacing rejects the catalogued height read as above ground"
"bc81089",3109,153,20000,1981,23,0,0,1.016,23,0.688,0.683,"undecided",0,0,0,0,0,0,0,"",FALSE,"spacing fits both the catalogued height read as above ground and nominal scale"
"bc81089",3353,153,20000,1981,5,0,14,1.096,5,0.728,0.702,"undecided",0,0,0,0,0,0,0,"",FALSE,"spacing fits both the catalogued height read as above ground and nominal scale"
"bc81092",1676,153,10000,1981,35,0,0,1.095,35,0.733,0.708,"undecided",0,0,0,0,0,0,0,"",FALSE,"spacing fits both the catalogued height read as above ground and nominal scale"
"bc81092",2057,153,10000,1981,3,0,68,1.344,3,0.799,0.729,"refutes",0,0,0,0,0,0,0,"",FALSE,"spacing rejects the catalogued height read as above ground"
"bc81093",2057,153,10000,1981,5,0,162,1.344,5,0.787,0.714,"refutes",0,0,0,0,0,0,0,"",FALSE,"spacing rejects the catalogued height read as above ground"
"bc81105",2195,153,10000,1981,3,0,48,1.435,3,0.748,0.639,"undecided",0,0,0,0,0,0,0,"",FALSE,"spacing fits both the catalogued height read as above ground and nominal scale"
"bc81111",2073,153,10000,1981,26,23,0,1.355,26,0.753,0.665,"undecided",0,0,0,0,0,0,0,"",FALSE,"spacing fits both the catalogued height read as above ground and nominal scale"
"bc82039",1981,153,10000,1982,15,0,15,1.295,15,0.81,0.755,"refutes",0,0,0,0,0,0,0,"",FALSE,"spacing rejects the catalogued height read as above ground"
"bc82042",3505,153,20000,1982,4,0,1,1.145,4,0.736,0.698,"undecided",0,0,0,0,0,0,0,"",FALSE,"spacing fits both the catalogued height read as above ground and nominal scale"
"bc82044",2316,305,10000,1982,16,0,0,0.759,16,0.579,0.681,"undecided",16,7,0,0,0,9,16,"7600/9600",FALSE,"spacing fits both the catalogued height read as above ground and nominal scale"
"bc82044",2347,305,10000,1982,15,0,0,0.77,15,0.625,0.712,"undecided",0,0,0,0,0,0,0,"",FALSE,"spacing fits both the catalogued height read as above ground and nominal scale"
"bc82044",2560,305,10000,1982,6,0,0,0.839,6,0.657,0.712,"undecided",6,6,0,0,0,0,6,"8400",FALSE,"spacing fits both the catalogued height read as above ground and nominal scale"
"bc83006",1311,153,8000,1983,77,0,0,1.071,77,0.66,0.635,"undecided",0,0,0,0,0,0,0,"",FALSE,"spacing fits both the catalogued height read as above ground and nominal scale"
"bc84001",1737,153,12000,1984,1,0,63,0.946,1,0.64,0.66,"undecided",0,0,0,0,0,0,0,"",FALSE,"spacing fits both the catalogued height read as above ground and nominal scale"
"bc84001",1844,153,12000,1984,4,0,22,1.004,4,0.718,0.716,"undecided",0,0,0,0,0,0,0,"",FALSE,"spacing fits both the catalogued height read as above ground and nominal scale"
"bc84015",2286,305,5000,1984,2,0,109,1.499,2,0.812,0.718,"refutes",0,0,0,0,0,0,0,"",FALSE,"spacing rejects the catalogued height read as above ground"
"bc84032",1981,153,16000,1984,23,0,0,0.809,23,0.462,0.565,"refutes",0,0,0,0,0,0,0,"",FALSE,"spacing rejects the catalogued height read as above ground"
"bc84074",1676,153,10000,1984,1,0,35,1.095,1,0.694,0.664,"undecided",0,0,0,0,0,0,0,"",FALSE,"spacing fits both the catalogued height read as above ground and nominal scale"
"bc84074",1829,153,10000,1984,4,0,94,1.195,4,0.726,0.673,"undecided",0,0,0,0,0,0,0,"",FALSE,"spacing fits both the catalogued height read as above ground and nominal scale"
"bc85010",1676,153,10000,1985,2,0,89,1.095,2,0.702,0.674,"undecided",0,0,0,0,0,0,0,"",FALSE,"spacing fits both the catalogued height read as above ground and nominal scale"
"bc85011",1067,153,10000,1985,7,0,21,0.697,7,0.37,0.56,"refutes",0,0,0,0,0,0,0,"",FALSE,"spacing rejects the catalogued height read as above ground"
"bc85016",1707,305,5000,1985,1,0,47,1.119,1,0.66,0.62,"undecided",0,0,0,0,0,0,0,"",FALSE,"spacing fits both the catalogued height read as above ground and nominal scale"
"bc85084",1311,153,8000,1985,1,0,54,1.071,1,0.667,0.643,"undecided",0,0,0,0,0,0,0,"",FALSE,"spacing fits both the catalogued height read as above ground and nominal scale"
"bc85084",1326,153,8000,1985,2,0,14,1.083,2,0.676,0.649,"undecided",0,0,0,0,0,0,0,"",FALSE,"spacing fits both the catalogued height read as above ground and nominal scale"
"bc86024",2591,153,16000,1986,199,0,20,1.058,199,0.6,0.577,"undecided",0,0,0,0,0,0,0,"",FALSE,"spacing fits both the catalogued height read as above ground and nominal scale"
"bc86053",2865,153,16000,1986,12,0,81,1.17,12,0.721,0.674,"undecided",0,0,0,0,0,0,0,"",FALSE,"spacing fits both the catalogued height read as above ground and nominal scale"
"bc86059",1448,153,8000,1986,2,0,6,1.183,2,0.674,0.614,"undecided",0,0,0,0,0,0,0,"",FALSE,"spacing fits both the catalogued height read as above ground and nominal scale"
"bc87019",1585,305,5000,1987,1,0,14,1.039,1,0.721,0.71,"undecided",0,0,0,0,0,0,0,"",FALSE,"spacing fits both the catalogued height read as above ground and nominal scale"
"bc87063",4054,153,23000,1987,3,0,88,1.152,3,0.75,0.712,"undecided",0,0,0,0,0,0,0,"",FALSE,"spacing fits both the catalogued height read as above ground and nominal scale"
"bc87070",3962,153,23000,1987,3,0,21,1.126,3,0.788,0.762,"refutes",0,0,0,0,0,0,0,"",FALSE,"spacing rejects the catalogued height read as above ground"
"bc87070",4054,153,23000,1987,8,0,107,1.152,8,0.749,0.711,"undecided",8,8,0,0,0,0,0,"13500",FALSE,"spacing fits both the catalogued height read as above ground and nominal scale"
"bc87073",3871,153,23000,1987,5,0,67,1.1,5,0.725,0.698,"undecided",0,0,0,0,0,0,0,"",FALSE,"spacing fits both the catalogued height read as above ground and nominal scale"
"bc87073",3962,153,23000,1987,16,0,183,1.126,16,0.744,0.712,"undecided",0,0,0,0,0,0,0,"",FALSE,"spacing fits both the catalogued height read as above ground and nominal scale"
"bc87099",1585,153,8000,1987,6,0,178,1.295,6,0.785,0.722,"refutes",0,0,0,0,0,0,0,"",FALSE,"spacing rejects the catalogued height read as above ground"
"bc87099",3962,153,23000,1987,6,0,47,1.126,6,0.774,0.745,"undecided",0,0,0,0,0,0,0,"",FALSE,"spacing fits both the catalogued height read as above ground and nominal scale"
"bc87103",1707,153,8000,1987,1,0,46,1.395,1,0.747,0.647,"undecided",0,0,0,0,0,0,0,"",FALSE,"spacing fits both the catalogued height read as above ground and nominal scale"
"bc87103",1768,153,8000,1987,1,0,26,1.444,1,0.755,0.646,"undecided",0,0,0,0,0,0,0,"",FALSE,"spacing fits both the catalogued height read as above ground and nominal scale"
"bc87105",4298,153,23000,1987,2,0,78,1.221,2,0.802,0.758,"refutes",0,0,0,0,0,0,0,"",FALSE,"spacing rejects the catalogued height read as above ground"
"bc88002",1829,153,8000,1988,1,0,154,1.494,1,0.784,0.677,"refutes",0,0,0,0,0,0,0,"",FALSE,"spacing rejects the catalogued height read as above ground"
"bc89027",1768,153,8000,1989,1,0,7,1.444,1,0.762,0.656,"undecided",0,0,0,0,0,0,0,"",FALSE,"spacing fits both the catalogued height read as above ground and nominal scale"
"bc89073",3048,305,15000,1989,53,0,0,0.666,53,0.492,0.661,"refutes",0,0,0,0,0,0,0,"",FALSE,"spacing rejects the catalogued height read as above ground"
"bcb90016",884,153,5000,1990,1,0,160,1.156,1,0.8,0.769,"refutes",0,0,0,0,0,0,0,"",FALSE,"spacing rejects the catalogued height read as above ground"
"bcb90108",2560,153,16000,1990,2,0,21,1.046,2,0.751,0.74,"undecided",0,0,0,0,0,0,0,"",FALSE,"spacing fits both the catalogued height read as above ground and nominal scale"
"bcb91002",2743,153,15000,1991,1,0,30,1.195,1,0.673,0.609,"undecided",0,0,0,0,0,0,0,"",FALSE,"spacing fits both the catalogued height read as above ground and nominal scale"
"bcb91008",1585,153,8000,1991,4,0,9,1.295,4,0.781,0.716,"refutes",0,0,0,0,0,0,0,"",FALSE,"spacing rejects the catalogued height read as above ground"
"bcb91025",2934,305,15000,1991,2,0,0,0.641,2,0.396,0.613,"refutes",0,0,0,0,0,0,0,"",FALSE,"spacing rejects the catalogued height read as above ground"
"bcb91025",2964,305,15000,1991,21,0,3,0.648,21,0.407,0.616,"refutes",0,0,0,0,0,0,0,"",FALSE,"spacing rejects the catalogued height read as above ground"
"bcb92031",2622,153,12000,1992,1,0,65,1.428,1,0.807,0.725,"refutes",0,0,0,0,0,0,0,"",FALSE,"spacing rejects the catalogued height read as above ground"
"bcb94097",930,305,3000,1994,1,0,75,1.016,1,0.734,0.729,"undecided",0,0,0,0,0,0,0,"",FALSE,"spacing fits both the catalogued height read as above ground and nominal scale"
"bcb98001",948,305,3000,1998,1,0,0,1.036,1,0.757,0.748,"undecided",0,0,0,0,0,0,0,"",FALSE,"spacing fits both the catalogued height read as above ground and nominal scale"
"bcc07085",1243,305,3000,2007,1,0,0,1.358,1,0.743,0.651,"undecided",0,0,0,0,0,0,0,"",FALSE,"spacing fits both the catalogued height read as above ground and nominal scale"
"bcc103",2438,305,6000,1974,34,0,72,1.332,34,0.778,0.705,"undecided",0,0,0,0,0,0,0,"",FALSE,"spacing fits both the catalogued height read as above ground and nominal scale"
"bcc267",1524,305,5000,1980,23,23,145,0.999,23,0.723,0.723,"undecided",0,0,0,0,0,0,0,"",FALSE,"spacing fits both the catalogued height read as above ground and nominal scale"
"bcc285",1707,305,5000,1981,145,106,0,1.119,145,0.697,0.661,"undecided",0,0,0,0,0,0,0,"",FALSE,"spacing fits both the catalogued height read as above ground and nominal scale"
"bcc325",396,153,2000,1982,2,1,10,1.294,2,0.285,0.075,"refutes",0,0,0,0,0,0,0,"",FALSE,"spacing rejects the catalogued height read as above ground"
"bcc337",3871,305,10000,1985,6,0,6,1.269,6,0.706,0.626,"undecided",0,0,0,0,0,0,0,"",FALSE,"spacing fits both the catalogued height read as above ground and nominal scale"
"bcc4",1829,153,12000,1967,2,0,85,0.996,2,0.635,0.636,"undecided",0,0,0,0,0,0,0,"",FALSE,"spacing fits both the catalogued height read as above ground and nominal scale"
"bcc454",3658,305,10000,1986,1,0,32,1.199,1,0.769,0.723,"undecided",0,0,0,0,0,0,0,"",FALSE,"spacing fits both the catalogued height read as above ground and nominal scale"
"bcc544",1615,305,8000,1986,8,0,9,0.662,8,0.605,0.738,"undecided",8,0,0,8,0,0,0,"5300",FALSE,"spacing fits both the catalogued height read as above ground and nominal scale"
"bcc544",1676,305,8000,1986,15,0,0,0.687,15,0.647,0.757,"undecided",15,15,0,0,0,0,0,"5500",FALSE,"spacing fits both the catalogued height read as above ground and nominal scale"
"bcc544",1737,305,8000,1986,34,0,0,0.712,34,0.668,0.764,"undecided",34,34,0,0,0,0,0,"5700",FALSE,"spacing fits both the catalogued height read as above ground and nominal scale"
"bcc812",3810,305,15000,1988,25,0,11,0.833,25,0.526,0.605,"refutes",0,0,0,0,0,0,0,"",FALSE,"spacing rejects the catalogued height read as above ground"
"bcc833",3810,305,15000,1988,56,0,9,0.833,56,0.476,0.563,"refutes",0,0,0,0,0,0,0,"",FALSE,"spacing rejects the catalogued height read as above ground"
"bcc90027",1524,305,5000,1990,1,0,134,0.999,1,0.67,0.67,"undecided",0,0,0,0,0,0,0,"",FALSE,"spacing fits both the catalogued height read as above ground and nominal scale"
"bcc90043",3139,305,10000,1990,2,0,8,1.029,2,0.623,0.612,"undecided",0,0,0,0,0,0,0,"",FALSE,"spacing fits both the catalogued height read as above ground and nominal scale"
"bcc948",3200,305,10000,1989,28,0,53,1.049,28,0.67,0.653,"undecided",0,0,0,0,0,0,0,"",FALSE,"spacing fits both the catalogued height read as above ground and nominal scale"
"bcc948",3353,305,10000,1989,10,0,37,1.099,10,0.724,0.696,"undecided",0,0,0,0,0,0,0,"",FALSE,"spacing fits both the catalogued height read as above ground and nominal scale"
"bcc948",3658,305,10000,1989,4,0,15,1.199,4,0.699,0.639,"undecided",0,0,0,0,0,0,0,"",FALSE,"spacing fits both the catalogued height read as above ground and nominal scale"
"bcc949",3353,305,10000,1989,11,0,93,1.099,11,0.703,0.674,"undecided",0,0,0,0,0,0,0,"",FALSE,"spacing fits both the catalogued height read as above ground and nominal scale"
"bcc954",3200,305,10000,1989,37,0,70,1.049,37,0.694,0.679,"undecided",0,0,0,0,0,0,0,"",FALSE,"spacing fits both the catalogued height read as above ground and nominal scale"
"bcc954",3353,305,10000,1989,5,0,18,1.099,5,0.745,0.72,"undecided",0,0,0,0,0,0,0,"",FALSE,"spacing fits both the catalogued height read as above ground and nominal scale"
"bcc954",3505,305,10000,1989,3,0,33,1.149,3,0.709,0.666,"undecided",0,0,0,0,0,0,0,"",FALSE,"spacing fits both the catalogued height read as above ground and nominal scale"
"bcc968",3200,305,10000,1989,5,0,15,1.049,5,0.749,0.737,"undecided",0,0,0,0,0,0,0,"",FALSE,"spacing fits both the catalogued height read as above ground and nominal scale"
