"file","film_roll","camera_as_written","format_as_written","camera_format","same_camera_bw_colour"
"bc5312__bc5312_1.jpg","bc5312","R.C. 8; camera no. 502","9"" x 9""","23cm",
"bc5312__bc5312_2.jpg","bc5312","R.C. 8; camera no. 502","9"" x 9""","23cm",
"bc5367__bc5367_1.jpg","bc5367","R.C. 8; camera no. 502","9"" X 9""","23cm",
"bcc23__bcc23_1.jpg","bcc23","ZEISS; camera no. ZE. 2","9 x 9","23cm",
"bcc23__bcc23_2.jpg","bcc23","ZEISS; camera no. ZE. 2","9 x 9","23cm",
"bcc23__bcc23_3.jpg","bcc23","Zeiss; camera no. Ze. 2","9 x 9","23cm",
"bcc7__bcc7_1.jpg","bcc7","ZEISS; camera no. ZE. 2","9"" x 9""","23cm",
"bcc8__bcc8_1.jpg","bcc8","ZEISS; camera no. ZE 2","9"" x 9""","23cm",
"bcc84__bcc84_3.jpg","bcc84","ZE #2 / UAG #2 110398",,"unrecognised","bc7280; bc7583; bc7703 (110398)"
"bcc92__bcc92_1.jpg","bcc92","ZE #1 / UAC #1 110399",,"unrecognised","bc7454 (ZE#1/UAG#1); bc7717; bc78153; bc79043; bc79058; bc80122 (110399)"
"bcf335__bcc335_1.jpg","bcf335","RC 10",,"23cm",
"bcf335__bcc335_2.jpg","bcf335","RC 10",,"23cm",
"bci10__bcir10_1.jpg","bci10","ZE-110399 12""",,"unrecognised","bc7717; bc78153; bc79043; bc79058; bc80122 (110399)"
"bci10__bcir10_2.jpg","bci10","ZE-110399 12""",,"unrecognised","bc7717; bc78153; bc79043; bc79058; bc80122 (110399)"
"bci11__bcir11_1.jpg","bci11","ZE 110398 12""",,"unrecognised","bc7280; bc7583; bc7703 (110398)"
"bci11__bcir11_2.jpg","bci11","ZE 110398 (12"")",,"unrecognised","bc7280; bc7583; bc7703 (110398)"
"bci12__bcir12_1.jpg","bci12","ZE. 110399 (12"")",,"unrecognised","bc7717; bc78153; bc79043; bc79058; bc80122 (110399)"
"bci12__bcir12_2.jpg","bci12","ZE-110399 12""",,"unrecognised","bc7717; bc78153; bc79043; bc79058; bc80122 (110399)"
"bci2__bcir2_1.jpg","bci2","ZE 110398 ""12""",,"unrecognised","bc7280; bc7583; bc7703 (110398)"
"bci3__bcir3_1.jpg","bci3","ZEISS 110398 (12"")",,"unrecognised","bc7280; bc7583; bc7703 (110398)"
"bci49__bcir049_1.jpg","bci49","124223",,"unrecognised","bc77014 (ZE 124223)"
"bci8__bcir8_1.jpg","bci8","ZE 122520 (12"")",,"unrecognised","bc7674; bc7675; bc7692 (122520)"
"bci8__bcir8_2.jpg","bci8","ZE 122520 (12"")",,"unrecognised","bc7674; bc7675; bc7692 (122520)"
"bci80103__bc80103ir_1.jpg","bci80103","110399",,"unrecognised","bc7717; bc78153; bc79043; bc79058; bc80122 (110399)"
"bci80103__bc80103ir_2.jpg","bci80103","110399",,"unrecognised","bc7717; bc78153; bc79043; bc79058; bc80122 (110399)"
"bci9__bcir9_1.jpg","bci9","ZE 110399 12""",,"unrecognised","bc7717; bc78153; bc79043; bc79058; bc80122 (110399)"
"bci9__bcir9_2.jpg","bci9","ZE 110399 (12"")",,"unrecognised","bc7717; bc78153; bc79043; bc79058; bc80122 (110399)"
