"film_roll","media","frames","n_base","n_in_band","n_reported","r_median","p_nominal_in9","p_reported_in9","p_nominal_in5","p_reported_in5","p_nominal_mm70","p_reported_mm70","w1","thumbnails","declined","aspect_median","collar_median","w2","log_pages","pages_read","pages_23cm","pages_other","w3"
"bc5312","Film - BW IR",62,62,45,45,0.9375,0.6291,0.6032,0.3323,0.2858,-0.5142,-0.6197,"pass",62,0,1,0.0231,"pass",2,2,2,0,"pass"
"bc5367","Film - BW IR",75,75,75,75,1.0439,0.579,0.5946,0.2422,0.2702,-0.7187,-0.655,"pass",75,0,1,9e-04,"pass",1,1,1,0,"pass"
"bcc23","Film - Colour IR",73,73,73,73,0.9994,0.5243,0.5834,0.1437,0.2502,-0.9419,-0.7005,"pass",38,0,1,0.0022,"pass",3,3,3,0,"pass"
"bcc7","Film - Colour IR",87,87,87,87,0.9537,0.6866,0.6682,0.436,0.4028,-0.2792,-0.3543,"pass",0,0,,,"no_thumbnails",1,1,1,0,"pass"
"bcc8","Film - Colour IR",87,87,87,87,0.9765,0.6685,0.6711,0.4034,0.408,-0.3531,-0.3426,"pass",0,0,,,"no_thumbnails",1,1,1,0,"pass"
"bcc84","Film - Colour IR",44,44,44,44,0.9899,0.6043,0.6018,0.2878,0.2832,-0.6152,-0.6257,"pass",0,0,,,"no_thumbnails",1,1,0,0,"unrecognised"
"bcc92","Film - Colour IR",91,91,91,91,0.9973,0.639,0.638,0.3502,0.3483,-0.4736,-0.4779,"pass",0,0,,,"no_thumbnails",1,1,0,0,"unrecognised"
"bcf07060","Film - Colour IR",247,247,247,247,1.0346,0.1996,0.2242,-0.4407,-0.3964,-2.2674,-2.1668,"fits_no_format",247,0,1,0.0486,"pass",0,0,0,0,"no_page"
"bcf335","Film - Colour IR",128,128,128,128,1.0462,0.5952,0.6089,0.2714,0.2961,-0.6524,-0.5964,"pass",0,0,,,"no_thumbnails",2,2,2,0,"pass"
"bcf517","Film - Colour IR",13,13,13,13,1.2531,0.7705,0.8157,0.5868,0.6683,0.063,0.2477,"ambiguous",0,0,,,"no_thumbnails",0,0,0,0,"no_page"
"bcf96001","Film - Colour IR",228,228,228,228,1.0074,0.6156,0.617,0.3081,0.3105,-0.5691,-0.5636,"pass",0,0,,,"no_thumbnails",0,0,0,0,"no_page"
"bcf96002","Film - Colour IR",65,65,65,65,1.0058,0.6151,0.6189,0.3072,0.314,-0.5712,-0.5556,"pass",0,0,,,"no_thumbnails",0,0,0,0,"no_page"
"bcf97001","Film - Colour IR",221,221,221,221,0.9955,0.6807,0.6773,0.4253,0.4191,-0.3032,-0.3174,"pass",0,0,,,"no_thumbnails",0,0,0,0,"no_page"
"bcf97002","Film - Colour IR",200,200,200,200,1.0307,0.6572,0.6656,0.3829,0.3981,-0.3994,-0.365,"pass",0,0,,,"no_thumbnails",0,0,0,0,"no_page"
"bcf97003","Film - Colour IR",218,218,218,218,0.9967,0.689,0.6853,0.4402,0.4335,-0.2695,-0.2847,"pass",0,0,,,"no_thumbnails",0,0,0,0,"no_page"
"bci10","Film - Colour IR",135,135,135,135,1.0971,0.5989,0.6295,0.278,0.3331,-0.6373,-0.5125,"pass",0,0,,,"no_thumbnails",2,2,0,0,"unrecognised"
"bci11","Film - Colour IR",137,137,137,137,1.0242,0.6033,0.62,0.2859,0.316,-0.6195,-0.5511,"pass",0,0,,,"no_thumbnails",2,2,0,0,"unrecognised"
"bci12","Film - Colour IR",81,81,67,67,0.9178,0.6545,0.6039,0.3781,0.2871,-0.4105,-0.6168,"pass",0,0,,,"no_thumbnails",2,2,0,0,"unrecognised"
"bci2","Film - Colour IR",120,120,120,120,1.2187,0.565,0.6353,0.2169,0.3436,-0.7759,-0.4886,"pass",0,0,,,"no_thumbnails",1,1,0,0,"unrecognised"
"bci3","Film - Colour IR",113,113,113,113,0.963,0.2744,0.1127,-0.306,-0.5971,-1.9619,-2.622,"fits_no_format",0,0,,,"no_thumbnails",1,1,0,0,"unrecognised"
"bci4","Film - Colour IR",125,125,125,125,1.0926,0.5998,0.6228,0.2796,0.321,-0.6337,-0.5399,"pass",0,0,,,"no_thumbnails",0,0,0,0,"no_page"
"bci49","Film - Colour IR",135,135,135,135,1.0623,0.6577,0.6689,0.3838,0.4041,-0.3974,-0.3515,"pass",0,0,,,"no_thumbnails",1,1,0,0,"unrecognised"
"bci5","Film - Colour IR",131,131,131,131,1.2358,0.5438,0.6223,0.1789,0.3202,-0.8621,-0.5417,"pass",0,0,,,"no_thumbnails",0,0,0,0,"no_page"
"bci6","Film - Colour IR",109,109,109,109,1.095,0.5914,0.6215,0.2645,0.3187,-0.6679,-0.5451,"pass",0,0,,,"no_thumbnails",0,0,0,0,"no_page"
"bci7","Film - Colour IR",14,14,14,14,1.0523,0.5925,0.6121,0.2665,0.3017,-0.6634,-0.5836,"pass",0,0,,,"no_thumbnails",0,0,0,0,"no_page"
"bci8","Film - Colour IR",134,134,134,134,1.0154,0.6224,0.6241,0.3202,0.3233,-0.5416,-0.5346,"pass",0,0,,,"no_thumbnails",2,2,0,0,"unrecognised"
"bci80103","Film - BW IR",72,72,72,72,1.0255,0.6438,0.6437,0.3588,0.3587,-0.4542,-0.4544,"pass",0,0,,,"no_thumbnails",2,2,0,0,"unrecognised"
"bci9","Film - Colour IR",118,118,93,93,1.0084,0.6039,0.6285,0.287,0.3314,-0.6169,-0.5164,"pass",0,0,,,"no_thumbnails",2,2,0,0,"unrecognised"
"bci93044","Film - BW IR",150,150,150,150,0.9987,0.6517,0.6496,0.3731,0.3692,-0.4217,-0.4306,"pass",0,0,,,"no_thumbnails",0,0,0,0,"no_page"
"bci93045","Film - BW IR",178,178,178,178,0.998,0.6498,0.6478,0.3696,0.366,-0.4297,-0.4379,"pass",0,0,,,"no_thumbnails",0,0,0,0,"no_page"
"bci95063","Film - BW IR",120,120,120,120,1.0278,0.1911,0.2122,-0.456,-0.418,-2.302,-2.2159,"fits_no_format",0,0,,,"no_thumbnails",0,0,0,0,"no_page"
"bci96066","Film - BW IR",114,114,114,114,0.9988,0.2743,0.2729,-0.3063,-0.3088,-1.9626,-1.9683,"fits_no_format",0,0,,,"no_thumbnails",0,0,0,0,"no_page"
