"airp_id","base"
127,1305.1
2087,1476.7
3060,525.5
3412,1436.3
3620,1576.9
3796,1270.5
5774,898.3
6230,868.2
6309,868.2
6393,868.1
7061,1289.2
7073,1339.3
7899,1220
8095,1409.4
9378,845.8
9389,949.5
9648,2897.9
9696,2999.4
10496,1304.7
10983,1261
11055,1315
11068,1486.6
12606,1559.5
12668,1508.5
13850,1576.2
14052,1409.7
14383,1538.4
16587,1291.4
16928,1434
17237,1289.9
17591,1250.3
17942,1202.7
18444,1341.3
18647,1106.8
19080,1212.7
19201,1150.1
19890,1365.4
20170,1427.4
20564,1452.3
20683,1090.8
20738,1306
21002,1549.7
21722,3590.7
23764,1392.5
23846,1116.4
24532,1232.3
24712,1244.7
24744,1321.8
24928,1213.7
25326,1263.2
25445,1337.8
25895,1366.4
26414,1464.1
26949,1235
27589,1215.2
28689,1197.2
28751,1107.6
29502,1463
29885,1624.7
29956,1552.8
30469,1451.6
30471,1458
30754,1493.1
30936,1303.7
31507,1505
32749,1853.3
32821,2093.8
33561,1280.6
33984,1218.3
34265,1107.6
34336,1472.4
34935,1154.6
35496,1411.4
36543,1271.1
36550,1217
37161,1295.5
37365,1354.1
37826,873.7
38294,832.8
38754,850.8
38996,884.5
39374,707.6
39407,751
40065,1064.7
40435,1171
40657,1474
40804,1360.7
41144,1480.2
41377,963.1
41507,1206.1
42079,1205
42323,1162.6
43055,181.9
45763,1571.6
48169,1332.1
48318,1375.4
48691,1537.1
48727,1182.5
48926,1533.7
50260,3069.3
50344,2562.7
50553,1286.3
50676,1143.6
51212,815.3
51315,461.7
51396,334.1
51422,408
51838,1260.7
52408,798.8
54644,1222.9
55469,1050.1
56157,1591.5
56372,1390
56524,1245.8
56756,1705.4
57151,1443.6
57757,1857.3
59048,1248.8
59580,1301.6
59796,1348.1
60163,1290.1
61319,1423.3
61381,1417.3
63535,1323.5
64220,1469.8
66025,1359.6
66786,1385.1
67073,1092.7
67801,6019.8
67826,6023.4
68347,4345.4
68453,4257.4
69136,1534.4
69575,1392.6
70004,1358.3
70649,973.3
71545,1397.9
72250,1168
72285,1350.8
72500,1484.4
72723,1275.8
72840,1504.2
73310,1396
73408,1173.9
73702,1160.6
73946,1315.5
74745,1149.6
76692,1232.9
79793,1309.6
80492,3533.4
81066,3606.4
82745,994.7
82780,1151.4
83044,1026.8
83186,931.1
83409,952.7
83445,950.5
83518,1186.3
84087,1370.8
85451,1095.6
86348,1385.5
92458,1241
93587,683.1
93643,814.4
94549,1120
94562,1200.4
95211,1308.2
97686,232.2
97806,242.6
97919,242.1
98196,1173.4
98353,1295.4
98777,948.5
99050,844.2
99241,822.2
101183,1420.1
101617,1412.6
102166,761.3
102229,1056.1
103882,1420.8
104148,1445.7
105361,1452.7
106202,1112.7
106540,1187.9
106811,1513.8
107143,1398.7
107171,1486.6
107385,1328.4
108008,457.9
108606,1562.6
108650,1350.4
109748,1280.3
109792,1344.6
109975,1391.7
110123,1370.2
111466,1485.3
112699,1543.4
112851,1115.8
112932,1352.2
113043,1052.1
113067,1797.2
114062,1391.4
114132,1294.6
114384,1345.5
114647,1163.9
115400,1405.5
115872,888.6
116071,872
116210,920
116223,859.9
117286,1235.8
118014,1457.6
118754,1331.2
119169,1296.9
119248,1433.7
119526,1276.5
119642,1301
119964,1252.9
119988,1316.5
120337,1423.4
120404,1299.6
120576,1378
120655,1237.5
121453,1232.2
121588,1315
122743,1483.9
122957,1278.6
123184,1080.1
123573,1267.2
123697,1420.4
123796,1426.8
124106,1398
124489,1154.3
126174,404.7
126371,480.9
126746,482.1
126872,444
127114,3547.5
127926,3252.4
128105,3258.5
128297,3293.9
128992,3272
129002,3219.3
132013,3358.6
132343,3264
133269,3177.3
133371,3181.2
133644,3193.1
135943,3207.9
136385,3068.3
137352,3354.8
137358,3322.8
137768,1988.6
138141,1600.7
138457,1637.9
138954,1550.2
139339,1920
139359,2024.1
139654,1676
139769,1992.7
139790,1899.7
140855,1124.3
141347,1137.4
141800,1281.7
142410,1490
142581,1211.1
143735,1261.2
144942,1485.3
145535,1137.9
145878,1321.1
145967,1320.4
146622,1309.4
147767,1326.6
147936,890.5
149856,493
151174,408.6
151484,2342.7
151496,2282.2
151648,1363.8
151943,1389.3
152881,1278
152929,1375.4
153505,1205.6
154149,1182.3
154418,1061.2
154977,1147.9
158823,1359.1
158945,1338.5
159151,1305
159464,1302
159492,1283.3
159544,3473.1
159996,3492.5
160347,3482.4
160977,3312.6
162227,3511.2
162481,3539.8
162546,3397.2
163513,3363.3
163822,1303.8
166246,1384.2
166583,1458.2
166937,1421.7
167220,1522.5
167554,1222.8
167570,1363.8
167941,1213.8
169582,1110.5
171291,1543.9
172182,1635.3
172817,1303.8
173139,1529.9
173229,1301.5
175400,1511.1
176751,1610.3
177285,1485.7
177802,1329.4
178295,1358.2
179183,1510.1
180280,1529
180478,1384.6
180526,1561.2
181632,1664.9
182231,1427.3
182459,1379.2
183328,1470
184448,1295.9
185478,1640.8
185547,1533
186614,1442.8
186958,1406.4
187776,1547.1
189327,1219.3
189719,1356.2
190326,1375.9
190461,1369.9
191295,1851.5
191979,1446.2
192451,1486.8
192574,1284.4
193022,1637.1
193751,1111.6
193781,1234.4
193912,1403.4
194077,1264.9
194175,1321
194856,1128.7
195291,1376.6
195983,1273.4
196263,1301.8
196533,1595.8
196760,1299.3
196841,1287.3
196847,1238.5
197152,1316.7
197382,1389.7
197486,1370.4
198305,1658.1
198832,1317.3
199040,1229.8
199661,1450.9
201106,1354.6
201395,1359.6
201407,1105.3
201779,1476.7
202379,1591.6
202966,1137.7
203034,1256.7
204338,1733.8
204774,1551
204970,1303.1
205308,1433.6
205311,1319.7
205524,1209.1
209526,1282.2
210844,1246.8
211447,1562.6
214430,1552.7
214759,1695.3
215328,3297.6
215492,3244.4
215768,2997.3
217702,2818.8
217863,2849.9
218419,2708.4
219559,2916.8
220922,2816.6
221709,3068.2
222410,426.7
226290,1486.7
226566,1212.8
226910,1369.6
227401,1460.1
227707,1361.7
229805,397.5
230372,1120.1
231444,1602.5
231827,1435.6
231976,1521.9
232106,1290.7
232189,1251.3
232519,1199
232800,1304.3
233181,1027.3
233285,897.4
233346,978.4
233462,671.4
235578,853.9
236229,1240.1
236275,1519.2
237032,858.4
237557,1368.9
237898,805.9
237900,898.6
238616,1164.1
240347,1141.9
240510,896.4
240763,469.7
240808,408.5
242182,1251.7
243331,1029.2
243631,974
243770,1062.1
244136,981.2
244230,1732
246846,909.3
247755,3385.2
248996,1035.1
249362,993.9
250379,709.5
250845,957.1
250948,1005.4
250982,842.2
252395,1096.3
252709,1183.9
254035,1530.3
255939,1366.2
256074,1304.1
256425,1075
257453,1118.6
257492,1051.9
257827,1155.9
257984,1156.2
260022,1253.5
260548,1186.3
262515,1429.9
264449,1616.3
264822,1466.7
264861,1341.4
267211,1299
267410,1235.7
268279,1613.1
268516,3997.4
268662,3238.9
268904,3512.8
269065,3688.4
270054,1282
270928,1373.6
271167,1591.4
272429,947.2
272765,977.9
273405,1000.1
274224,1266.6
278226,1345.7
278640,1198.1
279553,1198.7
279605,1300.8
281536,1394.5
281982,1306.7
282097,1246.2
288980,1291.9
289652,1344.2
289679,1378.7
290466,1135
291319,1225.7
293377,1409.8
294259,955.5
294687,1415.7
295441,1684.5
295491,1718.8
295873,1708.8
296161,1646.7
297460,1602
297746,1439.7
297792,1417.1
298758,1435.4
300759,877.9
303827,1428.7
304031,1071.2
304680,1609.5
304922,1415.8
305509,1462.5
305783,1198.8
310996,1016.5
311385,1262.2
311635,893
311707,824.6
314837,850
315282,850.7
315737,941.9
315941,800.7
316188,852.8
318065,868.4
318128,899.6
318337,898.5
318575,6083.6
319369,5032.8
320028,5672.4
322204,6063.8
322462,6251.4
325764,5180.8
325944,5101.9
326053,5137.6
327415,4958.8
328533,5272.4
328559,5178.8
328645,4936.8
328859,4929.1
328862,4954.5
332071,5408.3
333236,5278.7
333592,6432.9
333760,7049.7
333986,6339.1
334131,6880
334745,6264.5
335223,6960
336105,6205
337713,5546
337852,6068.5
338035,6506.7
338275,5752.8
339452,919.8
339728,875.1
340106,1240.8
341244,1409.3
342111,1532.7
342155,1414.8
342574,1412
343058,1366.9
343205,1331.2
343339,1301.9
343479,1381.3
343578,1333.1
343713,1388.2
344411,1319.8
344902,1287.1
345513,1478.9
347934,1075.4
348143,1200.4
348219,1129.4
348256,1073.8
348585,501.2
349274,1792.5
349360,1698.6
349574,1646
349784,1737.1
350192,1605.7
350530,1440.8
350773,120.6
351328,426.7
351364,406.8
352573,432.6
353162,1254.8
353454,1174.3
357861,1465.3
359270,1532.1
359634,1327.1
359715,1375.8
361171,1138.1
361652,1625.9
363902,1170.4
364582,1417.5
364764,1753.2
364902,1052.6
371166,1551
371847,1748.2
372192,1533.9
372489,1468.7
372657,1551.9
372862,1702.1
374773,1519.3
375071,1551.8
375530,1676.6
376285,1704.5
376476,1436.1
376908,1736.1
377318,1257.9
377945,1147.6
379081,1729.2
379098,1758.6
379797,1162.5
379838,1319.9
380316,1699.6
381759,2840.6
384030,2988.2
385075,2795.4
385164,2710
385375,2706.3
385785,2807.6
386339,3310.6
387365,1268.4
387404,1439.8
388240,1394.8
389819,1398.9
390198,1468.2
390244,1303.7
390522,1412.9
393094,1325.6
393427,1642
394608,1125.5
394947,1213.5
396031,1234.1
396173,1402.4
397483,1518.6
398253,1756.6
398531,1804.9
399034,1067.6
399470,649.6
400196,1330.3
400379,1225.2
400567,1133.7
400730,1084.9
401664,974.2
401963,1331.3
402619,1402
402786,1337.6
404191,1363.1
406106,899.9
415151,1381
415593,1165.7
416511,1095.3
416739,1066.1
417490,1283.7
417816,1225.6
418911,1250.4
421942,1411.1
423927,1343.4
450040,1412.4
451039,1429.7
451723,1434.3
454511,2718.4
455516,2700
457268,1443.6
460524,960.6
464765,1512.8
465135,1171.9
465178,1312.7
465299,1350.8
467315,1194.2
470236,1455.9
470555,1407.1
470894,1315.5
471257,1226.3
471475,1376.3
471625,1417.9
474461,1134.6
474634,1116.5
474691,1218.4
476796,804.6
476921,1024
479277,815.7
479679,897.8
482558,816.8
482865,1109
484083,1521.6
485245,710.5
486344,1212.7
487863,1179.1
488142,1479.8
488225,1374.9
489451,1370.8
491250,831.2
492259,1112.1
492270,1030.3
493483,1276.3
494237,1319.8
494342,1282.5
494615,945.7
496796,1511.5
497256,1579.7
497363,1441.4
497375,1217.1
497541,1271.7
498105,1472.4
498282,1549.9
500096,1241.3
500214,1383.9
500368,1465.5
500614,1400.2
501390,1330.3
503660,1230.1
504077,1369.6
504126,1142.9
504314,1275.5
504571,1699.7
505697,1380.3
506077,1335.9
506471,1276
506599,1718.3
506849,1253.8
508888,1210.6
509182,1516.9
509230,1323.1
509470,863.2
509830,888.6
510378,843
511531,1268.8
512302,1382.6
512352,1318
512407,1145.6
512624,740
512653,774.6
513052,1343.8
513601,1245.9
513820,1260.9
514244,1221.3
514629,1443
514772,1359.7
514982,1171.3
515054,1119.1
516981,1139.9
517099,1159
526741,996.4
528473,974.9
530803,431.7
531013,308.6
531292,431.7
531368,430.6
531662,1305.6
531745,1452.4
532573,1401
533572,429.9
533994,428.8
534717,384.5
537881,961.6
538222,1076.7
538302,1016.3
538429,1010.5
538631,989.7
539700,931.9
546535,1010.8
546799,948.9
546817,922.6
547947,939.3
548284,990.1
548770,944.5
548848,831
549105,1257.6
549246,1301.9
549982,1424.2
549997,995.7
550175,1204.4
550417,1000.9
551563,955.7
552408,1174.4
553186,1522.3
553844,903
556755,1558.3
558890,1064.4
558930,1083.6
559085,1148.9
559280,1044.6
559403,1343.2
560634,966.8
560693,890.4
560959,917.5
561234,966.4
562616,1285.6
563165,1212.6
565228,443.2
566109,1821.2
566165,1166.5
566213,1416.6
566326,1791.2
578440,1291.8
578983,1431.6
579126,1500.2
579489,1539.6
579698,1594.6
580306,1371.9
580447,1441.6
580937,1340.5
581334,1511.4
581549,1562.8
581588,1449.3
581715,1603.7
581841,961.7
581962,1371.2
582010,1344.5
582163,1375.4
582472,1326.5
582980,1369.6
583586,1365.7
584393,1314.2
584928,1319.1
585085,1241.6
585579,1327.7
587045,608.7
587377,1541.2
587771,1059.9
588912,1325.7
589155,1494.1
589565,1172.7
589984,1425.1
590252,1288.8
590807,1348
591960,1312.1
592415,1352.3
592488,1332.2
594183,1318.1
595656,1315.3
596384,1150.1
596472,961.1
596982,1006.8
597328,661.7
597451,396.5
597923,396.8
597963,363.9
598215,390.1
600472,1360.7
601485,1314
601827,1383.2
602661,1458.4
603034,1451.7
604063,1215.9
606416,1296.4
606560,1430.8
607332,1151.8
608362,1067.5
608949,1198
609674,1343.4
609944,1244.6
612834,863.7
613646,904.8
625616,2909.4
625911,2780.4
629148,1380.6
629557,1304.3
629786,1252.4
630003,1303.9
631314,1315.3
631655,1477.4
632355,4519.6
632382,4418.5
633038,917.4
633253,3037.2
633529,3035
633810,2863.9
634941,2946.8
635787,2852.9
635824,2848.9
636098,2925.2
636936,2864.6
638303,3356.2
639194,3420.6
639510,3453.2
640436,3430.3
641365,3599.2
642056,3071.5
642732,2984
642998,2707.1
643547,3012.5
643912,2717.1
644976,1359.7
644982,1352.8
645702,743.1
650319,1558.9
650903,1297
651356,1474.4
652147,3353.1
654615,3288.5
654693,2912.2
656776,2329.5
656913,2465.4
657996,1392
658255,1397.5
658459,1244.9
658518,1331.9
658724,1346.3
658787,1408.1
659185,1168.6
660615,1373.4
660885,1373
661263,1163.3
662839,1315.5
663069,1747.4
664036,1387.4
664348,1450
664638,1389.4
664804,1250.8
665270,1413.1
666780,850.4
666820,1000
667146,2529.7
669558,2614
669924,2520.1
670470,2331.7
671180,2640.2
671463,2593.6
671822,2497.6
672688,2895.5
672775,2285.5
672899,2858
673418,2483.9
673934,2337.1
674941,2498.6
676292,1785.2
679122,822.3
679970,1134
680572,459.4
680867,647.2
682304,2657.6
684212,1125.7
686830,1250
688013,1102.4
688395,1020.4
688742,1054.3
689456,1010.4
692249,1286.4
692663,900.2
692762,1294.9
692819,1316.3
693335,1396.7
694864,1310.8
695143,1648.2
695908,2908.7
696847,3025.9
696861,2445.9
696871,2419
697492,2478.2
697582,3284
697733,2648.8
701005,552.9
701013,608.6
702247,1478.4
702915,1211.3
703956,1124.8
704510,1349.5
704520,1325.5
704869,1278.7
707465,872.1
708689,3632.4
709044,818.4
709576,3170.1
709737,1658.4
710306,839.5
711896,766.4
712709,919.4
712965,1606.5
713213,1666.5
714090,1784.2
714739,1715.8
715454,1295.6
716008,1218.3
716456,1276.6
716479,1593.6
716519,1501.8
717226,1610.3
717541,1651.2
717593,894.8
718520,699.3
719811,1882.6
720243,2066.2
720314,1661.4
720500,1556.7
721178,1665.3
722686,1493.6
724416,2909.3
724708,3002.6
725424,913.5
726247,1726.9
726394,1316.7
726774,812.1
727569,860.7
729032,480.6
729659,1818.4
729840,1616.1
731856,1618
731892,1483.2
732196,1650.5
732979,284.9
733289,1715.8
733753,1594.6
734664,1780.7
734843,1660.8
734928,1895
735371,510.4
736120,519.3
736246,527.5
736844,429.7
737190,496
739152,1596.8
740249,284.8
740728,244.6
741139,3567.1
741246,1700.2
742088,1292.8
742677,1969.3
743206,2060.3
744233,1746
744270,1772.3
744536,2015.9
745164,1272
745933,1243.3
746380,1236.8
746912,1456.7
747057,1428.1
747105,1352.2
747189,1299.2
747283,1394.2
747457,1351.2
747874,1269.1
748077,1360.9
748089,1164.5
748717,1407.8
748855,1486.8
749001,1409.4
750891,1365.3
751778,1291.1
752433,1339.4
752716,1349.8
753622,1356.4
753630,1381.9
753964,1377.6
754480,1207.8
756080,1367.3
756509,1112.9
756534,1224.9
756766,1092
756829,1048
757004,1263
757815,1414.8
759319,1412.8
759537,1362.6
759683,1346.4
760037,1303.4
760352,1432.3
760624,1231.1
761366,1491.7
761764,1385.3
761829,1185.5
762010,1285.6
762121,1092.3
762865,937.5
762875,995.2
763687,2740.2
763714,3043.8
765079,1619.7
765837,1470.9
767061,1507.5
767244,3069.7
767257,3360.2
767357,2769
767724,3104.9
767833,2895.8
768223,3042.7
768241,3336.2
769117,2878.9
769350,2784.5
769457,2711.8
769849,2292
770071,2613.9
770213,2879.1
770376,3284.5
770849,966.7
771480,1022.6
772233,962.3
773291,1504.5
773485,1171.3
773770,1072.7
774996,2484
775179,2948.3
776434,1136.7
777120,1097.7
777431,1363.7
777556,1183.3
778146,718.9
778695,19505.8
779161,2527.8
782275,1134.5
782723,1216.3
782962,1074
783936,1044.2
784160,237
784178,218.3
784546,3137.1
785416,1151.4
785528,615.8
785658,818.6
786350,798.8
787457,3084.9
787578,2854.2
787956,2321.3
789070,1258.4
789682,1541.9
789738,1687.1
791160,3274.6
793164,3446.4
793502,1385
793651,1503
795330,3293
795453,3121.5
795743,379.4
795814,394.5
796257,829.8
797816,870.4
798100,882.7
798849,883.9
799331,786.9
799956,823
800381,784.4
801791,377.9
802180,618.6
802267,1708.7
802525,1885.1
802812,1306.3
804389,280.4
804665,174.4
805021,197.1
805153,843.1
805176,712.1
805666,482
806627,769.8
806787,802.1
809013,238.8
809524,400.2
811605,913.1
811712,1565.7
812403,1554.5
812512,3747.7
812831,1247.9
812946,1440.1
815212,271.2
815741,421.5
816260,1091.8
816533,1559.3
817122,924
817412,1178.8
818054,1253.9
818519,1186.3
818705,1291.2
819231,411.3
819481,543.6
819792,2413.4
820893,1612.7
821552,2760.4
822886,5806.9
822964,5790.2
823582,4920.9
825203,5154.1
825339,779.4
826254,1812
826706,1797.7
826898,1642.3
827715,1294.3
828488,393.7
828921,1600.6
830045,441.7
831607,1509
832140,1391.8
832468,1179.1
833182,1662.8
833635,1446.6
834263,1469.5
834749,1642.3
834890,1284.3
835017,1289.1
836175,1170.1
836197,1479.3
837552,1828.3
838968,461.8
839787,617.2
839910,974.4
840033,1262.6
840060,1118.4
841622,3893.3
842135,3624.2
842421,892.3
843457,1334.5
844725,1342.4
844785,1241.4
845467,1418.6
846152,1277.6
846224,1449.5
846256,1143.5
846606,1068.3
846794,1146.9
846920,1159
847851,1531.2
848192,1136.4
848655,1378.6
849080,1405.9
849195,3574.5
849694,928
850245,921.7
850247,921.8
851913,1603.1
853249,1139.1
853320,730
854926,947.6
856069,657.5
856470,1450
856513,1354.5
857014,1624.1
857049,1487
857236,1519.5
857481,1109.5
859326,1458.1
860402,1280.3
861164,1388.4
862189,1274
862724,947.5
863578,1264.5
863628,1097.1
863807,1142.6
864049,1214.5
864813,1005.9
865242,949.9
865385,1293.5
865857,1453.9
866833,1634.2
867334,1558.2
867442,1430.7
867695,1130.8
868307,1594
869254,1234.7
869623,1381.4
870034,1198.3
870377,1331.6
870624,1469.2
870716,1239.2
871473,1324.3
873335,1060.9
873468,1319.9
873533,866.7
873847,1535.9
874128,1344.2
874317,1582.8
874404,1335.8
874799,1474.5
875293,1422.9
875621,1468.5
876538,1478
876723,1268.3
876976,1774
878286,1491.9
878660,1458.5
878703,1459.2
879458,2633.2
879817,676.1
880315,2026.9
880358,2428.8
880752,1499.9
882031,644.9
882635,1652.3
882736,1394.5
883108,1804.5
883390,1383.3
883677,1710.8
884292,1984.9
884480,1641.3
884674,1169.9
885111,452.6
885489,449.8
886014,856.9
886164,942
889150,804.3
889245,938.7
890219,860.1
890423,716.7
890452,799.7
891066,939.9
891146,1423.5
891378,822.7
891936,832.8
891942,939.4
891977,701.8
892379,841.5
893458,926.1
893662,985.6
893916,938.5
894003,712.3
894032,856.8
894644,889.1
895541,770.5
896616,889.9
898251,833
899373,924.1
901398,681.7
901410,830.2
902491,680.2
903045,913.7
903495,827.8
903744,806.9
905465,1495.2
906331,1282.2
906805,1276.8
907009,1134.6
908552,1313.7
908807,1336.7
909352,1332.9
909903,1301.6
910115,1340.9
910446,1428.6
910723,1381.2
911137,1321.3
911457,1092.5
913129,304
913748,1428.2
915344,1139.5
915596,1305.7
915724,1258.4
915737,1863.3
917507,1367.2
918711,714.8
920514,1324.7
923527,885.1
924542,1100.1
924769,783.4
924845,1010
925145,936.1
925251,941.1
925459,881.2
925869,1023.4
927704,853.3
927823,784.2
928242,837.9
931126,728.8
931568,1056.5
931715,856
932038,883.8
932769,928
935324,966.9
935863,891.7
936746,914.8
937624,1611.2
938569,1800.6
939064,1434.2
940881,973.5
941139,1538.9
941299,1150.8
941587,1245.2
941938,939.1
944484,840.8
945158,1487.4
945789,1430.2
946628,1788.7
946696,1481
947149,1250.3
947405,1375.1
948276,1481.1
948310,1280.7
948927,1456
949947,986.3
950452,1142.6
951376,869
952504,909.7
952527,958.1
952591,889.4
954228,1739.4
954553,1583.1
955374,1293.2
955566,1476.8
956490,1528.7
956918,1447.6
957017,1440.9
957056,1233.9
957422,819
957430,963.3
958116,884.7
959284,715.6
959740,775.9
960432,1364
961177,1408.1
961253,1365.3
961370,1361.2
961847,924.6
963058,1464.4
963607,891.1
963735,1046.2
963908,1442
964650,822.9
964901,1008.6
964992,928.7
965203,950.7
965334,919
965546,728.8
965981,913.4
966546,1394
967117,1691.4
967150,1486.3
967558,1381.1
968757,1600.2
968786,1620.2
969051,1519.5
969473,1459.8
969996,2004.6
970261,1775
970752,1766
973325,1340.5
973371,1809.4
974105,1372.1
974742,1479
975151,1515.2
975334,1268.5
975427,1252.4
975518,1259.1
976293,1503.5
977291,1486.7
977779,1394
977978,1297.7
978179,1374.6
978266,1392
979397,1087
979444,1432
980012,1294.8
981271,1366.5
981351,1391.7
982622,1129.7
983211,1564.6
983854,1490.3
985056,1637.6
985199,1496.3
985236,1702.1
985504,1479.4
985906,1598.4
985963,1480.3
986040,1492.3
987308,1137.6
987763,1775.1
988079,1383.1
988553,1471.9
988689,1608
988741,1545.6
989252,859.7
994150,1075
995749,922.4
995966,936.3
996322,987.3
996458,780.9
996825,986.9
998621,1053.1
998639,861.9
999937,952.5
1000286,845.8
1000600,1047.4
1000621,1095.3
1001700,1411.5
1001843,1501
1002030,1485.6
1002160,1380
1003926,1588.5
1004029,1552.6
1004895,1520.9
1006071,1390.7
1006649,1446.2
1006890,1806.9
1007523,1128.7
1012032,1548.4
1012305,1580.9
1012348,1402.5
1015421,1052.2
1015427,1046.1
1016418,875.8
1017114,1419.4
1018035,1438
1018858,915.9
1019127,1169.1
1019487,1011.7
1020104,966.1
1020909,953
1021052,939.1
1022014,1263.4
1022620,1324.8
1022945,1333.9
1024383,1499.2
1024822,1117.1
1025229,1488
1025805,1700.4
1025845,1444
1027076,1543.4
1027324,1292.5
1027472,1406.4
1027688,1487.9
1030887,1267.3
1030964,1314.9
1031761,1419.7
1032238,1367.8
1033304,1355.2
1033455,1267.5
1033785,1319.2
1034898,1458
1036296,1387.2
1036701,1309
1036786,1566.5
1037267,1300.4
1037511,1267.6
1038331,1328.3
1039469,1513.1
1040047,1150.2
1041001,1349.5
1041375,1201.6
1041383,1578.3
1041519,1277.8
1042007,1354.6
1042342,1255.7
1043145,1700
1043920,595.9
1046034,834.9
1046763,911.6
1046840,805
1046892,862.8
1047446,938.2
1047449,937.3
1047471,977.8
1049002,1171.4
1049902,967.8
1050657,1153.7
1052277,1338.3
1052450,847
1052793,680.3
1053510,966.9
1053681,768.4
1053787,1000.1
1055943,1071
1055963,630.4
1056133,742.6
1056630,963.9
1057116,957.4
1059102,1108.7
1059652,1184.2
1060028,1268.2
1060624,1250.1
1060735,1359
1061356,1282.8
1062290,1354.5
1063222,1124.1
1063568,1088.5
1064836,1370.5
1065019,1413.8
1065362,1031.9
1066477,1552.1
1067770,1202.2
1068604,1329.9
1069649,1265.8
1069972,1291.9
1070284,1237.7
1070325,1369.8
1070829,1253.6
1071618,1348.1
1071970,1313.6
1072006,1383.4
1072999,1294.4
1073449,1398.6
1074003,1509.7
1075663,1058.1
1075985,1546.2
1076745,1085.1
1078031,3231.3
1078508,1080.2
1078976,1435.5
1079882,1107
1081025,1361.6
1081697,1150.8
1082379,1362.5
1082389,1132
1082897,1137.5
1082999,1135.5
1083973,1167.6
1084839,1364.5
1086608,1062.5
1086948,464.3
1087369,101.2
1087939,453
1088686,452.2
1088707,459.5
1089269,509.2
1089303,570
1091199,890.9
1091476,1425.1
1091505,1359.8
1091664,1339.1
1091790,1173
1092962,873.5
1093347,1413.5
1095788,761.7
1095881,906.6
1096599,767.6
1096606,802.4
1098323,1497.7
1098604,1216.2
1099913,1238.5
1100029,816.5
1101175,1076.2
1101550,1297.2
1101931,1557.5
1102285,1584.2
1102465,1539.4
1102807,1538.8
1102964,1536.5
1104879,338.9
1105980,951.6
1107128,350.2
1107421,462.2
1109345,1424.4
1109507,1163.4
1109559,1393.3
1109800,1294.7
1111795,1604.5
1112272,2000.7
1112508,1815.6
1112791,1701.4
1113193,1804.7
1114569,1131.9
1114824,1544
1114854,1572.4
1115560,1815.8
1115816,1388.1
1115825,1366.8
1116898,1605.4
1117348,1698.3
1117776,1593.9
1117995,3462.6
1121423,1688.8
1122853,1949.6
1123415,1395.4
1123947,1268.6
1124634,1309.5
1125443,1369.5
1125994,907.3
1126321,1544.2
1126462,1377.6
1128619,1493
1128895,1483.6
1129413,1256.8
1129633,1427.9
1130282,881.5
1131133,513.4
1131821,927
1132488,889.1
1132899,847.4
1133276,1242.1
1133922,309.5
1134951,3039.2
1134999,2590.9
1135495,2861.1
1137110,1061.7
1137455,784.9
1138573,875.1
1138868,930.1
1139663,880.9
1141685,1210.9
1143448,1479.7
1143628,1463.6
1144406,2337.1
1145477,1756.5
1145836,526.6
1146143,373.1
1146471,454
1146881,891.2
1147112,737.8
1148481,1087.8
1148625,1027.8
1149639,429.6
1149989,234.8
1150929,2007.5
1152117,1824
1152997,1975.5
1155406,798.3
1155967,445.9
1156403,400.5
1156852,873.7
1157082,1509.8
1158311,1886
1159204,1723.7
1159344,1903.5
1159384,1918.4
1159834,1839.9
1160568,797.2
1160677,1955.6
1160945,1620.4
1161141,880.3
1163647,1704.3
1164276,1695.9
1164449,1654.8
1164737,1755.3
1166168,718
1166382,1108.8
1167686,853.1
1168424,741.6
1168540,879
1169732,812.8
1170003,779.2
1171640,642.2
1172646,1777.3
1172951,1474.1
1172981,1712.1
1174357,3285.7
1175070,2992.8
1176719,3258.4
1176873,4012.7
1177154,3362.4
1177198,3619.9
1177263,4112.8
1177505,783.7
1179178,176.6
1180264,286.1
1181338,435.5
1182081,2358.8
1182498,2490.6
1182783,972.2
1183017,919.5
1183956,913.2
1184212,864.5
1184603,3119.3
1184719,773.2
1185413,1574.6
1186755,834.6
1187032,834.6
1187427,978.4
1187833,982.6
1187991,908.3
1188873,854.6
1190384,1021
1190410,1038.6
1190775,444.4
1190982,426.6
1191155,419.8
1191177,2875
1191999,407.1
1192550,811.5
1192938,1466.3
1194403,887.7
1194664,504.1
1195519,3501.4
1197080,2001.7
1197952,1698.3
1198978,1972.8
1200146,3624.5
1200244,1921.2
1200364,1769.7
1201310,2966.5
1201819,971
1201971,933.5
1202600,912.3
1204168,921.7
1205792,1532.4
1206374,1995.6
1206745,834.7
1207255,1017.6
1208523,252.8
1208702,226
1208911,209
1208973,269.6
1208985,269.6
1210714,1500.2
1213704,169
1214258,428.3
1215039,3521
1215379,4100.3
1215508,3788.5
1215731,1551.3
1215944,542.5
1215990,550
1216567,1068.9
1216713,958.7
1216784,1021.7
1216793,1087.2
1217386,1797.2
1217563,1816.1
1217588,1616.1
1217856,2012.9
1217867,2012.1
1218470,1468.8
1219932,251.5
1220952,1552.1
1221646,519.5
1221970,1091.1
1222146,1184.6
1222188,1111.1
1222301,1300.5
1222665,1222.1
1223051,1967.6
1223272,1849.5
1224689,471.7
1225826,1371.8
1225828,1291
1226131,1063.5
1226792,411.3
1228073,826.8
1229053,1408.8
1229256,880.1
1229288,820.9
1229593,386.9
1229719,438.8
1229776,428.1
1230143,406.2
1231075,1512.1
1231179,1508.6
1231355,1100.4
1231390,1335.2
1232125,1126.9
1232605,1375.2
1233012,1244
1233727,1392.7
1236146,1412.2
1236264,1233.6
1236295,1426.4
1236754,1176.3
1237367,1195.3
1237676,1429.6
1238493,1237.6
1238998,1249.6
1239780,1336.3
1239804,1465.8
1241007,1110.5
1242398,1092.9
1242994,1057.1
1243452,1268.6
1243584,1474.1
1243595,1258.2
1243638,1458.5
1244166,1099.2
1244291,1046.6
1245076,1051
1245191,1230.8
1245926,1384.3
1245997,1255.8
1246261,1338.5
1246276,1332.2
1250457,2453.8
1250706,1986.1
1252406,2576.7
1252515,3219.3
1252785,2314
1252819,2806.8
1255568,2804.8
1256153,2134.6
1257715,2577.7
1257929,2989.5
1259865,1788.3
1260979,1097
1261448,1409.2
1261634,1052.4
1261671,1275.6
1261854,1483.8
1263013,1326.4
1263165,1379.8
1263816,1083.4
1263879,1136.4
1264545,1193.6
1264737,1017.4
1265400,1429.2
1265885,1885.3
1267474,1595.5
1267686,1676.5
1267708,1689.9
1267960,1743
1268377,1803.8
1268564,1853.1
1269817,1951.9
1270258,1888.5
1271953,1827.5
1272329,1628.1
1272449,1735.4
1272494,1520.2
1273424,1796.9
1273929,1830.9
1274045,2204.5
1274566,1761.5
1274588,1838.8
1274691,1945.8
1274926,2211.3
1275179,1827.3
1275427,1679.8
1275587,1612.2
1276427,1749
1277578,1678.8
1278456,1876.4
1278810,1598.9
1280483,1319.6
1280791,1425.9
1281154,1448
1281878,1817.4
1282247,706.2
1282269,776.4
1282404,2021.7
1283297,609.1
1284440,406.3
1284704,1001.8
1286316,1766.9
1286567,768.6
1286751,622.4
1287414,638.8
1287902,372
1288297,1397.4
1288301,1398.1
1288618,1101.2
1289614,806.2
1289893,816.2
1290370,1605.2
1291112,1821.2
1291637,1465.9
1292904,1040.8
1293324,218.5
1294417,2586.6
1294462,2280.3
1294639,2469.3
1294682,2466.6
1294737,2560.1
1294820,3158.7
1294893,2593.8
1294918,2495.5
1296271,1573.7
1296808,1484.6
1297670,1588.1
1297985,1752.8
1298494,2082.9
1298823,1619.7
1300625,1288.7
1301154,1317.3
1302884,1598.6
1303944,859.2
1304001,890.1
1304761,942
1305019,906.3
1305091,1006.8
1305740,2599.1
1307867,2492.4
1308131,1445.8
1309236,1495.2
1309425,1473.2
1309522,1439.6
1309558,1245.5
1309589,1339.9
1310858,1647
1311473,1474.4
1311768,1454.7
1312579,1217.8
1312918,1499.2
1313406,1322.8
1313715,1234.1
1313957,1377.9
1314225,1216.2
1314455,1402.3
1315087,1324.7
1315184,1346.1
1315485,1291.1
1317021,1146
1317486,1279.6
1317582,1201.5
1318253,1262.9
1318579,1444.3
1318641,1558
1319613,1400.9
1320078,1163.2
1320278,1048.9
1320717,1254.5
1321125,1467.5
1323497,1501.6
1324999,1129
1325023,1232.4
1327181,1194.8
1327955,1420.8
1327994,1459
1328761,1342.9
1329582,1140.3
1330171,1373
1330412,1322.2
1330599,1262.1
1330994,1436.1
1331143,1392.5
1331178,1353.3
1331459,1148.6
1331597,1446.4
1332406,529
1332584,260.9
1333121,2732.2
1333775,1627.9
1333783,1492.8
1333828,1426.3
1334421,918.2
1334746,948.4
1335574,1182
1335921,1073.7
1336675,965.9
1336814,1113
1337024,982
1337289,1013.7
1338214,641.7
1338891,510.2
1339217,2836.9
1343396,268.6
1343876,610.3
1344058,1836.1
1344785,462.2
1344997,490.8
1346430,1217.8
1348468,2861.2
1350291,1181
1350971,1370.5
1351270,1459.1
1352313,1230.5
1353428,3309.2
1353571,198.1
1354018,1297
1354268,1324.3
1354334,1444.5
1355716,1354.9
1355800,1396.1
1356432,1478.7
1356464,1335.4
1357151,1440.2
1357293,1343.7
1357595,1149.2
1358510,1288
1359502,1326.4
1359936,1307.9
1360018,1346.5
1360323,1415.2
1360414,1426.9
1361283,1145.3
1362011,1119.2
1362285,1126.7
1362605,1013.2
1362819,974
1362949,987.7
1363162,1018.9
1363612,1024.6
1363618,1077.7
1364141,1048.2
1364944,1210.3
1365006,877.5
1365184,818
1366410,679.5
1366733,1131.6
1367661,934.8
1368250,1661.4
1368484,1367
1368830,1141.3
1369116,1110.6
1370071,1241.6
1370310,1308.3
1371034,1226.5
1371230,1086.6
1373079,485.3
1374625,1493.4
1374935,1200.9
1374991,1321.6
1375850,1026.3
1376045,1280.4
1376245,1272.5
1376803,1202.5
1377735,1216.2
1377963,1232.5
1378246,3058.3
1378286,2884.4
1379269,3320.6
1379335,3253.2
1380006,2378.5
1380553,2509.1
1381750,1249.7
1381903,1299.2
1381945,1505
1383143,1228.6
1383453,1257.6
1384128,1251.8
1384207,1416.8
1385082,1267.2
1385649,1063.1
1386101,1276.8
1386200,1346
1386385,1348.9
1387184,1221
1387363,1397.9
1387367,1397.9
1387752,1075.8
1388200,1203.2
1388667,3049
1388773,3210.5
1390271,1171.2
1393318,1404.1
1393638,1313
1394405,1377.5
1394655,1283.2
1394890,1127.8
1395343,1507
1395648,1283.4
1398277,1170
1399773,1236.4
1400196,1382.8
1401845,1500.3
1402478,1155.4
1403044,1297.9
1404120,1192.8
1404244,1087.7
1404618,943.9
1405820,1163.1
1406018,1065.9
1406490,1313.4
1407320,1224.9
1407360,1168.4
1408062,1221.1
1408472,1275.8
1409088,1134.8
1409369,1358
1409600,1340.5
1409615,1048.5
1410156,1305.2
1410188,1348.3
1410217,1325.4
1411265,1290
1411438,1258.2
1411472,1143.8
1412212,1212.2
1412475,1538.2
1412511,1197.4
1412878,1111.2
1415225,2357.9
1415725,2414.1
1415745,2391.5
1416068,2592.2
1417491,1128.3
1417881,1403.8
1418386,1323.9
1418795,1337.4
1419166,1391.6
1419217,1359.8
1419392,1177.6
1419468,1221.2
1420209,1345
1420512,1249.4
1422434,1078.6
1422443,1039.4
1422493,1074.9
1422950,1068.7
1424618,1255.6
1425519,1211.1
1425663,1348.2
1426188,1261.6
1426340,1149.1
1426366,1218.7
1426726,1401.4
1427357,1371.4
1427845,1222.3
1427911,1217.1
1428406,1547.3
1428434,1182.8
1429449,2298.8
1429990,1312.7
1430698,1472.7
1430715,1529.4
1430916,7400.2
1431347,1175.3
1431410,1291.1
1432920,1305.9
1433203,1294
1433219,1336.5
1434177,1288.2
1434315,1184.3
1434472,1311.2
1434964,1044.9
1435040,1099.4
1435963,1239.4
1436956,1119.4
1438651,1247.4
1440608,1363.3
1440622,1413.7
1442379,1317.5
1443082,2202.1
1443483,2585.7
1443597,1485.2
1444004,2772
1444068,2358
1444831,2173.6
1446006,1134.1
1446230,1376.2
1446677,1313.6
1446816,1447.2
1446836,1471.4
1446882,1430
1447074,1334.9
1447097,1438.6
1447535,2848.2
1447921,2845.5
1449290,2807
1449579,1287.3
1449680,1088.6
1449881,1332.1
1450005,1194.8
1450107,1208.7
1450856,1225.2
1451112,1284
1451514,1473.9
1451572,1320.3
1453679,1302.7
1454012,1430.2
1454788,1345.3
1454973,1401.7
1455093,1450.5
1455440,1415
1456854,1303.9
1457450,1422.9
1457615,1215.6
1457854,1259.5
1458439,1320.4
1459036,1215.7
1459291,1096.7
1459778,1560.2
1460861,1204.3
1461379,1585.7
1461600,1336.1
1461627,1413.6
1461842,1332.3
1463835,1261.1
1465485,2801.7
1466154,2032.6
1466202,1955.3
1466858,1969.9
1467271,2442.4
1467525,2600.8
1467698,3091
1467840,2492.1
1468628,2693.7
1468639,2590
1468734,2980.7
1468839,2948.2
1470297,2182.8
1470778,2330.1
1471382,2738.5
1472651,1072.9
1472657,1072.9
1472845,1139.5
1472901,1080.9
1472913,1051.7
1474577,1298.5
1474753,1058.8
1475118,1237.8
1475690,1148.2
1475714,1119.6
1475967,1360.5
1476031,1527.5
1476342,1074.3
1476353,1350
1476672,1142.3
1477258,1137.7
1478971,1132.6
1478993,1742.7
1479237,1324.2
1479314,1183.7
1480518,1264.3
1481052,1481
1481124,1489.7
1481216,1406.3
1482617,1144.8
1482672,1229.8
1483014,1197
1483175,1208.9
1483916,1491.7
1484086,1475.8
1485865,1047.6
1486307,1335.4
1486868,1398.9
1487319,1391.1
1487649,2881.9
1487660,2677.2
1487729,3148.6
1488233,1183.5
1488410,1474
1488482,1328.2
1488789,2937.3
1489251,2645.5
1489940,2853.9
1490354,2009
1491245,2439.3
1491468,1349.2
1491861,1401.1
1493148,1126.7
1493468,1363.9
1493907,1237.6
1495042,1232.7
1495645,1301.8
1495738,1237.6
1496601,1344.4
1497038,1148.7
1497355,1266.3
1497894,1337.5
1498096,1345.3
1498513,1398.3
1498538,1256.4
1499854,2721.4
1500454,2658.3
1501740,2493.2
1501769,1989.8
1502825,2315.8
1503244,2832.8
1503742,1294.7
1504186,1202.2
1504471,1145.9
1504472,1145.9
1504854,1282.4
1505028,985.2
1506031,1596.1
1507540,1302.6
1507571,1423.7
1508643,1252.7
1508790,1180.2
1509937,1276.7
1510198,1128
1510269,1032.5
1510937,1331
1511465,1193
1512070,1218
1512120,1313.3
1512358,1061
1512426,1218.4
1513562,1133.3
1513680,1271.8
1514768,1209.2
1515027,2734.9
1515290,2730.4
1522262,1692.9
1523077,1785.8
1523774,1860.8
1523787,1882.2
1523953,1416.5
1525170,2428.8
1526142,1983.4
1526178,1640.4
1526391,1679.8
1526481,1620.4
1526652,1894.2
1527926,1832.6
1529373,1773.9
1530397,1739.7
1530486,1722.9
1530662,1841.1
1530693,1553.9
1530971,1829
1531731,1733
1536514,1731.5
1536519,1559.1
1536978,1632.8
1537758,1679.7
1537921,1567.1
1538648,1754.7
1538661,1640.2
1539008,1731.8
1539524,1731.3
1539754,1785.2
1539904,1666.7
1539934,1772.4
1539967,1809.4
1540399,1760.4
1541673,1850.3
1541696,1713.2
1541891,1667.5
1543285,1618.2
1543407,1544.7
1543973,1783.3
1544318,1870.8
1544421,1433.7
1545014,1701.3
1546211,1752
1546980,1811
1547445,1626.7
1547560,1701.6
1548631,1671.6
1551942,2541.5
1552189,2545.7
1552814,2733.1
1553865,2626.9
1554073,2808.5
1555082,1148.3
1555199,1440.4
1555713,1216.7
1556165,1294.6
1556332,1427.7
1556933,1229.6
1557281,2719
1558230,2752.8
1565269,1172.6
1565574,1239.6
1567285,1039.7
1567403,1301.8
1567599,2746.6
1567973,2739.7
1568826,1642.8
1569203,1812.2
1569873,1174.8
1570293,1540.3
1570502,1364.6
1571153,1749.4
1571427,1887.2
1573317,1603.4
1574272,1740.6
1576423,1644.4
1576635,1961.2
1576766,1787.6
1578480,1683.8
1578663,1838.9
1578964,1754.4
1579786,1688.6
1580095,1831.4
1580147,1825.3
1580764,1803.2
1580911,1609.5
1581099,1870.3
1583096,1827.9
1583106,1701.9
1583512,1800.3
1583913,2132.4
1585553,1579.1
1586468,1711.3
1587126,1834.4
1588311,1826.3
1588549,1815.8
1589828,1718.6
1590501,1849.1
1590529,1818.8
1590628,1745.5
1590788,1748.4
1592163,1692.5
1592939,1572.7
1593693,1751.1
1593874,1715.2
1594017,1384.5
1594079,1600
1595309,1433.7
1601138,1874.3
1601801,1839.2
1602118,1852.5
1602424,1749.7
1602475,1797.9
1603172,1790.8
1603341,1764
1603345,1874.2
1603664,1781.1
1604923,1870.3
1605296,1750
1605512,1760.9
1607068,1674.8
1607486,1502.6
1607946,2015.2
1608634,1641.1
1609061,2742.8
1610065,2759
1610368,2637.5
1613750,1859.2
1615155,1856.2
1615525,1776
1618121,1965.4
1619490,651.4
1619524,651.1
1619545,651
1619907,629
1620110,667
1620654,515.5
1620798,758.4
1621255,629.5
1622073,1837.8
1622718,1845.8
1623401,1851.5
1623769,1847.1
1624033,1837.9
1624064,1828.5
1626719,1462.1
1627129,1418.8
1627140,1451.4
1627618,1900.7
1628777,1449.5
1628797,750.3
1629696,1194.8
1629735,1274.4
1630657,1093.1
2006930,1540.8
2025630,1278
2026216,1201.6
2046943,1829.2
2047510,1849.7
