"airp_id","film_roll","frame_number","media","nc","nr","mask_fraction","mask_fraction_interior","masked","reason"
1518662,"bc5312",1,"Film - BW IR",1250,1250,0.021496,0,TRUE,""
1518663,"bc5312",2,"Film - BW IR",1250,1250,0.014499,0,TRUE,""
1518664,"bc5312",3,"Film - BW IR",1250,1250,0.020282,0,TRUE,""
1518665,"bc5312",4,"Film - BW IR",1250,1250,0.021063,0,TRUE,""
1518666,"bc5312",5,"Film - BW IR",1250,1250,0.019001,0,TRUE,""
1518667,"bc5312",6,"Film - BW IR",1250,1250,0.021339,0,TRUE,""
1518668,"bc5312",7,"Film - BW IR",1250,1250,0.024694,0,TRUE,""
1518669,"bc5312",8,"Film - BW IR",1250,1250,0.022741,0,TRUE,""
1518670,"bc5312",9,"Film - BW IR",1250,1250,0.027609,0,TRUE,""
1518671,"bc5312",10,"Film - BW IR",1250,1250,0.02546,0,TRUE,""
1518672,"bc5312",11,"Film - BW IR",1250,1250,0.01919,0,TRUE,""
1518673,"bc5312",12,"Film - BW IR",1250,1250,0.017053,0,TRUE,""
1518674,"bc5312",13,"Film - BW IR",1250,1250,0.020237,0,TRUE,""
1518675,"bc5312",14,"Film - BW IR",1250,1250,0.016934,0,TRUE,""
1518676,"bc5312",15,"Film - BW IR",1250,1250,0.02865,0,TRUE,""
1518677,"bc5312",16,"Film - BW IR",1250,1250,0.031318,0,TRUE,""
1518678,"bc5312",17,"Film - BW IR",1250,1250,0.030353,0,TRUE,""
1518679,"bc5312",18,"Film - BW IR",1250,1250,0.014025,0,TRUE,""
1518680,"bc5312",19,"Film - BW IR",1250,1250,0.016837,0,TRUE,""
1518681,"bc5312",20,"Film - BW IR",1250,1250,0.02268,0,TRUE,""
1518682,"bc5312",21,"Film - BW IR",1250,1250,0.021255,0,TRUE,""
1518683,"bc5312",22,"Film - BW IR",1250,1250,0.026319,0,TRUE,""
1518684,"bc5312",23,"Film - BW IR",1250,1250,0.030596,0,TRUE,""
1518685,"bc5312",24,"Film - BW IR",1250,1250,0.022297,0,TRUE,""
1518686,"bc5312",25,"Film - BW IR",1250,1250,0.019832,0,TRUE,""
1518687,"bc5312",26,"Film - BW IR",1250,1250,0.02799,0,TRUE,""
1518688,"bc5312",27,"Film - BW IR",1250,1250,0.022908,0,TRUE,""
1518689,"bc5312",28,"Film - BW IR",1250,1250,0.01144,0,TRUE,""
1518690,"bc5312",29,"Film - BW IR",1250,1250,0.012601,0,TRUE,""
1518691,"bc5312",30,"Film - BW IR",1250,1250,0.016417,0,TRUE,""
1518692,"bc5312",31,"Film - BW IR",1250,1250,0.015465,0,TRUE,""
1518693,"bc5312",32,"Film - BW IR",1250,1250,0.025064,0,TRUE,""
1518694,"bc5312",33,"Film - BW IR",1250,1250,0.032649,0,TRUE,""
1518695,"bc5312",34,"Film - BW IR",1250,1250,0.017956,0,TRUE,""
1518696,"bc5312",35,"Film - BW IR",1250,1250,0.021587,0,TRUE,""
1518697,"bc5312",36,"Film - BW IR",1250,1250,0.024284,0,TRUE,""
1518698,"bc5312",37,"Film - BW IR",1250,1250,0.028926,0,TRUE,""
1518699,"bc5312",38,"Film - BW IR",1250,1250,0.030134,0,TRUE,""
1518700,"bc5312",39,"Film - BW IR",1250,1250,0.017491,0,TRUE,""
1518701,"bc5312",40,"Film - BW IR",1250,1250,0.027048,0,TRUE,""
1518702,"bc5312",41,"Film - BW IR",1250,1250,0.027801,0,TRUE,""
1518703,"bc5312",42,"Film - BW IR",1250,1250,0.025852,0,TRUE,""
1518704,"bc5312",43,"Film - BW IR",1250,1250,0.01839,0,TRUE,""
1518705,"bc5312",44,"Film - BW IR",1250,1250,0.012959,0,TRUE,""
1518706,"bc5312",45,"Film - BW IR",1250,1250,0.016623,0,TRUE,""
1518645,"bc5312",46,"Film - BW IR",1250,1250,0.022518,0,TRUE,""
1518646,"bc5312",47,"Film - BW IR",1250,1250,0.026626,0,TRUE,""
1518647,"bc5312",48,"Film - BW IR",1250,1250,0.032145,0,TRUE,""
1518648,"bc5312",49,"Film - BW IR",1250,1250,0.037109,0,TRUE,""
1518649,"bc5312",50,"Film - BW IR",1250,1250,0.029046,0,TRUE,""
1518650,"bc5312",51,"Film - BW IR",1250,1250,0.026976,0,TRUE,""
1518651,"bc5312",52,"Film - BW IR",1250,1250,0.018492,0,TRUE,""
1518652,"bc5312",53,"Film - BW IR",1250,1250,0.020376,0,TRUE,""
1518653,"bc5312",54,"Film - BW IR",1250,1250,0.029662,0,TRUE,""
1518654,"bc5312",55,"Film - BW IR",1250,1250,0.033103,0,TRUE,""
1518655,"bc5312",56,"Film - BW IR",1250,1250,0.03393,0,TRUE,""
1518656,"bc5312",57,"Film - BW IR",1250,1250,0.025377,0,TRUE,""
1518657,"bc5312",58,"Film - BW IR",1250,1250,0.023317,0,TRUE,""
1518658,"bc5312",59,"Film - BW IR",1250,1250,0.025861,0,TRUE,""
1518659,"bc5312",60,"Film - BW IR",1250,1250,0.026653,0,TRUE,""
1518660,"bc5312",61,"Film - BW IR",1250,1250,0.0296,0,TRUE,""
1518661,"bc5312",62,"Film - BW IR",1250,1250,0.035254,0,TRUE,""
1518707,"bc5367",1,"Film - BW IR",1250,1250,0.003552,0,TRUE,""
1518708,"bc5367",2,"Film - BW IR",1250,1250,0.006635,0,TRUE,""
1518709,"bc5367",3,"Film - BW IR",1250,1250,0.00142,0,TRUE,""
1518710,"bc5367",4,"Film - BW IR",1250,1250,0.005305,0,TRUE,""
1518711,"bc5367",5,"Film - BW IR",1250,1250,0.002527,0,TRUE,""
1518712,"bc5367",6,"Film - BW IR",1250,1250,0.001039,0,TRUE,""
1518713,"bc5367",7,"Film - BW IR",1250,1250,0.003407,0,TRUE,""
1518714,"bc5367",8,"Film - BW IR",1250,1250,0.004133,0,TRUE,""
1518715,"bc5367",9,"Film - BW IR",1250,1250,0.000353,0,TRUE,""
1518716,"bc5367",10,"Film - BW IR",1250,1250,0.000119,0,TRUE,""
1518717,"bc5367",11,"Film - BW IR",1250,1250,6.7e-05,0,TRUE,""
1518718,"bc5367",12,"Film - BW IR",1250,1250,4.6e-05,0,TRUE,""
1518719,"bc5367",13,"Film - BW IR",1250,1250,0.002775,0,TRUE,""
1518720,"bc5367",14,"Film - BW IR",1250,1250,0.001432,0,TRUE,""
1518721,"bc5367",15,"Film - BW IR",1250,1250,0.00114,0,TRUE,""
1518722,"bc5367",16,"Film - BW IR",1250,1250,0.001158,0,TRUE,""
1518723,"bc5367",17,"Film - BW IR",1250,1250,0.000726,0,TRUE,""
1518724,"bc5367",18,"Film - BW IR",1250,1250,0.000657,0,TRUE,""
1518725,"bc5367",19,"Film - BW IR",1250,1250,4.9e-05,0,TRUE,""
1518726,"bc5367",20,"Film - BW IR",1250,1250,0.000432,0,TRUE,""
1518727,"bc5367",21,"Film - BW IR",1250,1250,0.003086,0,TRUE,""
1518728,"bc5367",22,"Film - BW IR",1250,1250,0.000723,0,TRUE,""
1518729,"bc5367",23,"Film - BW IR",1250,1250,0.001256,0,TRUE,""
1518730,"bc5367",24,"Film - BW IR",1250,1250,0.003169,0,TRUE,""
1518731,"bc5367",25,"Film - BW IR",1250,1250,0.002836,0,TRUE,""
1518732,"bc5367",26,"Film - BW IR",1250,1250,0.003279,0,TRUE,""
1518733,"bc5367",27,"Film - BW IR",1250,1250,2.9e-05,0,TRUE,""
1518734,"bc5367",28,"Film - BW IR",1250,1250,0.000266,0,TRUE,""
1518735,"bc5367",29,"Film - BW IR",1250,1250,0.000225,0,TRUE,""
1518736,"bc5367",30,"Film - BW IR",1250,1250,0.000367,0,TRUE,""
1518737,"bc5367",31,"Film - BW IR",1250,1250,0.000464,0,TRUE,""
1518738,"bc5367",32,"Film - BW IR",1250,1250,0.000253,0,TRUE,""
1518739,"bc5367",33,"Film - BW IR",1250,1250,0.000111,0,TRUE,""
1518740,"bc5367",34,"Film - BW IR",1250,1250,0.000607,0,TRUE,""
1518741,"bc5367",35,"Film - BW IR",1250,1250,0.000102,0,TRUE,""
1518742,"bc5367",36,"Film - BW IR",1250,1250,0.00248,0,TRUE,""
1518743,"bc5367",37,"Film - BW IR",1250,1250,0.002538,0,TRUE,""
1518744,"bc5367",38,"Film - BW IR",1250,1250,0.000147,0,TRUE,""
1518745,"bc5367",39,"Film - BW IR",1250,1250,0.000993,0,TRUE,""
1518746,"bc5367",40,"Film - BW IR",1250,1250,0.000334,0,TRUE,""
1518747,"bc5367",41,"Film - BW IR",1250,1250,0.003501,0,TRUE,""
1518748,"bc5367",42,"Film - BW IR",1250,1250,0.002838,0,TRUE,""
1518749,"bc5367",43,"Film - BW IR",1250,1250,0.003172,0,TRUE,""
1518750,"bc5367",44,"Film - BW IR",1250,1250,9.1e-05,0,TRUE,""
1518751,"bc5367",45,"Film - BW IR",1250,1250,0.000253,0,TRUE,""
1518752,"bc5367",46,"Film - BW IR",1250,1250,4.1e-05,0,TRUE,""
1518753,"bc5367",47,"Film - BW IR",1250,1250,0.000131,0,TRUE,""
1518754,"bc5367",48,"Film - BW IR",1250,1250,0.004346,0,TRUE,""
1518755,"bc5367",49,"Film - BW IR",1250,1250,0.003708,0,TRUE,""
1518756,"bc5367",50,"Film - BW IR",1250,1250,0.002698,0,TRUE,""
1518757,"bc5367",51,"Film - BW IR",1250,1250,0.000502,0,TRUE,""
1518758,"bc5367",52,"Film - BW IR",1250,1250,0.000349,0,TRUE,""
1518759,"bc5367",53,"Film - BW IR",1250,1250,0.004163,0,TRUE,""
1518760,"bc5367",54,"Film - BW IR",1250,1250,0.000904,0,TRUE,""
1518761,"bc5367",55,"Film - BW IR",1250,1250,0.000329,0,TRUE,""
1518762,"bc5367",56,"Film - BW IR",1250,1250,0.000391,0,TRUE,""
1518763,"bc5367",57,"Film - BW IR",1250,1250,0.000979,0,TRUE,""
1518764,"bc5367",58,"Film - BW IR",1250,1250,0.002938,0,TRUE,""
1518765,"bc5367",59,"Film - BW IR",1250,1250,0.002513,0,TRUE,""
1518766,"bc5367",60,"Film - BW IR",1250,1250,0.000274,0,TRUE,""
1518767,"bc5367",61,"Film - BW IR",1250,1250,0.002595,0,TRUE,""
1518768,"bc5367",62,"Film - BW IR",1250,1250,0.002701,0,TRUE,""
1518769,"bc5367",63,"Film - BW IR",1250,1250,5.5e-05,0,TRUE,""
1518770,"bc5367",64,"Film - BW IR",1250,1250,3.8e-05,0,TRUE,""
1518771,"bc5367",65,"Film - BW IR",1250,1250,0.002886,0,TRUE,""
1518772,"bc5367",66,"Film - BW IR",1250,1250,0.003265,0,TRUE,""
1518773,"bc5367",67,"Film - BW IR",1250,1250,0.000259,0,TRUE,""
1518774,"bc5367",68,"Film - BW IR",1250,1250,2.2e-05,0,TRUE,""
1518775,"bc5367",69,"Film - BW IR",1250,1250,6.4e-05,0,TRUE,""
1518776,"bc5367",70,"Film - BW IR",1250,1250,0.003555,0,TRUE,""
1518777,"bc5367",71,"Film - BW IR",1250,1250,0.002551,0,TRUE,""
1518778,"bc5367",72,"Film - BW IR",1250,1250,0.00044,0,TRUE,""
1518779,"bc5367",73,"Film - BW IR",1250,1250,0.000221,0,TRUE,""
1518780,"bc5367",74,"Film - BW IR",1250,1250,0.000579,0,TRUE,""
1518781,"bc5367",75,"Film - BW IR",1250,1250,0.002495,0,TRUE,""
784933,"bcc23",1,"Film - Colour IR",1250,1250,0,0,TRUE,""
784934,"bcc23",2,"Film - Colour IR",1250,1250,0,0,TRUE,""
784935,"bcc23",3,"Film - Colour IR",1250,1250,0.002193,0,TRUE,""
784936,"bcc23",4,"Film - Colour IR",1250,1250,0.0024,0,TRUE,""
784937,"bcc23",5,"Film - Colour IR",1250,1250,0.0024,0,TRUE,""
784938,"bcc23",6,"Film - Colour IR",1250,1250,0,0,TRUE,""
784939,"bcc23",7,"Film - Colour IR",1250,1250,0.002189,0,TRUE,""
784940,"bcc23",8,"Film - Colour IR",1250,1250,0.002204,0,TRUE,""
784941,"bcc23",9,"Film - Colour IR",1250,1250,0,0,TRUE,""
784942,"bcc23",10,"Film - Colour IR",1250,1250,0.002179,0,TRUE,""
784943,"bcc23",11,"Film - Colour IR",1250,1250,0.0024,0,TRUE,""
784944,"bcc23",12,"Film - Colour IR",1250,1250,0.0024,0,TRUE,""
784945,"bcc23",13,"Film - Colour IR",1250,1250,0.00271,0,TRUE,""
784946,"bcc23",14,"Film - Colour IR",1250,1250,0.0024,0,TRUE,""
784947,"bcc23",15,"Film - Colour IR",1250,1250,0.0024,0,TRUE,""
784948,"bcc23",16,"Film - Colour IR",1250,1250,0.0024,0,TRUE,""
784949,"bcc23",17,"Film - Colour IR",1250,1250,0.0024,0,TRUE,""
784950,"bcc23",18,"Film - Colour IR",1250,1250,0.0024,0,TRUE,""
784951,"bcc23",19,"Film - Colour IR",1250,1250,0,0,TRUE,""
784952,"bcc23",20,"Film - Colour IR",1250,1250,0.002177,0,TRUE,""
784953,"bcc23",21,"Film - Colour IR",1250,1250,0.0024,0,TRUE,""
784954,"bcc23",22,"Film - Colour IR",1250,1250,0.0024,0,TRUE,""
784955,"bcc23",23,"Film - Colour IR",1250,1250,0.0024,0,TRUE,""
784956,"bcc23",24,"Film - Colour IR",1250,1250,0.0024,0,TRUE,""
784957,"bcc23",25,"Film - Colour IR",1250,1250,0.0024,0,TRUE,""
784958,"bcc23",26,"Film - Colour IR",1250,1250,0,0,TRUE,""
784959,"bcc23",27,"Film - Colour IR",1250,1250,0,0,TRUE,""
784960,"bcc23",28,"Film - Colour IR",1250,1250,0.002204,0,TRUE,""
784961,"bcc23",29,"Film - Colour IR",1250,1250,0.0024,0,TRUE,""
784962,"bcc23",30,"Film - Colour IR",1250,1250,0.0024,0,TRUE,""
784963,"bcc23",31,"Film - Colour IR",1250,1250,0,0,TRUE,""
784964,"bcc23",32,"Film - Colour IR",1250,1250,0,0,TRUE,""
1518817,"bcc23",34,"Film - Colour IR",1250,1250,0,0,TRUE,""
1518818,"bcc23",35,"Film - Colour IR",1250,1250,0,0,TRUE,""
1518819,"bcc23",36,"Film - Colour IR",1250,1250,0.002202,0,TRUE,""
1518820,"bcc23",37,"Film - Colour IR",1250,1250,0,0,TRUE,""
1518821,"bcc23",38,"Film - Colour IR",1250,1250,0.002189,0,TRUE,""
1518822,"bcc23",39,"Film - Colour IR",1250,1250,0,0,TRUE,""
1601400,"bcf07060",1,"Film - Colour IR",1250,1250,0.048461,0,TRUE,""
1601401,"bcf07060",2,"Film - Colour IR",1250,1250,0.050163,0,TRUE,""
1601402,"bcf07060",3,"Film - Colour IR",1250,1250,0.048705,0,TRUE,""
1601403,"bcf07060",4,"Film - Colour IR",1250,1250,0.048405,0,TRUE,""
1601404,"bcf07060",5,"Film - Colour IR",1250,1250,0.04782,0,TRUE,""
1601405,"bcf07060",6,"Film - Colour IR",1250,1250,0.048787,0,TRUE,""
1601406,"bcf07060",7,"Film - Colour IR",1250,1250,0.049054,0,TRUE,""
1601407,"bcf07060",8,"Film - Colour IR",1250,1250,0.048546,0,TRUE,""
1601408,"bcf07060",9,"Film - Colour IR",1250,1250,0.048488,0,TRUE,""
1601409,"bcf07060",10,"Film - Colour IR",1250,1250,0.048335,0,TRUE,""
1601410,"bcf07060",11,"Film - Colour IR",1250,1250,0.048755,0,TRUE,""
1601411,"bcf07060",12,"Film - Colour IR",1250,1250,0.048313,0,TRUE,""
1601412,"bcf07060",13,"Film - Colour IR",1250,1250,0.048711,0,TRUE,""
1601413,"bcf07060",14,"Film - Colour IR",1250,1250,0.047969,0,TRUE,""
1601414,"bcf07060",15,"Film - Colour IR",1250,1250,0.047838,0,TRUE,""
1601415,"bcf07060",16,"Film - Colour IR",1250,1250,0.047638,0,TRUE,""
1601416,"bcf07060",17,"Film - Colour IR",1250,1250,0.04747,0,TRUE,""
1601417,"bcf07060",18,"Film - Colour IR",1250,1250,0.047358,0,TRUE,""
1601418,"bcf07060",19,"Film - Colour IR",1250,1250,0.047268,0,TRUE,""
1601419,"bcf07060",20,"Film - Colour IR",1250,1250,0.047232,0,TRUE,""
1601420,"bcf07060",21,"Film - Colour IR",1250,1250,0.047877,0,TRUE,""
1601421,"bcf07060",22,"Film - Colour IR",1250,1250,0.047041,0,TRUE,""
1601422,"bcf07060",23,"Film - Colour IR",1250,1250,0.046247,0,TRUE,""
1601423,"bcf07060",24,"Film - Colour IR",1250,1250,0.04754,0,TRUE,""
1601424,"bcf07060",25,"Film - Colour IR",1250,1250,0.04805,0,TRUE,""
1601425,"bcf07060",26,"Film - Colour IR",1250,1250,0.047922,0,TRUE,""
1601426,"bcf07060",27,"Film - Colour IR",1250,1250,0.047958,0,TRUE,""
1601427,"bcf07060",28,"Film - Colour IR",1250,1250,0.047745,0,TRUE,""
1601428,"bcf07060",29,"Film - Colour IR",1250,1250,0.047634,0,TRUE,""
1601429,"bcf07060",30,"Film - Colour IR",1250,1250,0.047533,0,TRUE,""
1601430,"bcf07060",31,"Film - Colour IR",1250,1250,0.047827,0,TRUE,""
1601431,"bcf07060",32,"Film - Colour IR",1250,1250,0.047994,0,TRUE,""
1601432,"bcf07060",33,"Film - Colour IR",1250,1250,0.047581,0,TRUE,""
1601433,"bcf07060",34,"Film - Colour IR",1250,1250,0.047185,0,TRUE,""
1601434,"bcf07060",35,"Film - Colour IR",1250,1250,0.047247,0,TRUE,""
1601435,"bcf07060",36,"Film - Colour IR",1250,1250,0.047244,0,TRUE,""
1601436,"bcf07060",37,"Film - Colour IR",1250,1250,0.047249,0,TRUE,""
1601437,"bcf07060",38,"Film - Colour IR",1250,1250,0.047307,0,TRUE,""
1601438,"bcf07060",39,"Film - Colour IR",1250,1250,0.04731,0,TRUE,""
1601439,"bcf07060",40,"Film - Colour IR",1250,1250,0.04713,0,TRUE,""
1601440,"bcf07060",41,"Film - Colour IR",1250,1250,0.047846,0,TRUE,""
1601441,"bcf07060",42,"Film - Colour IR",1250,1250,0.047608,0,TRUE,""
1601442,"bcf07060",43,"Film - Colour IR",1250,1250,0.047485,0,TRUE,""
1601443,"bcf07060",44,"Film - Colour IR",1250,1250,0.047387,0,TRUE,""
1601444,"bcf07060",45,"Film - Colour IR",1250,1250,0.04708,0,TRUE,""
1601445,"bcf07060",46,"Film - Colour IR",1250,1250,0.046781,0,TRUE,""
1601446,"bcf07060",47,"Film - Colour IR",1250,1250,0.047456,0,TRUE,""
1601447,"bcf07060",48,"Film - Colour IR",1250,1250,0.047092,0,TRUE,""
1601448,"bcf07060",49,"Film - Colour IR",1250,1250,0.047308,0,TRUE,""
1601449,"bcf07060",50,"Film - Colour IR",1250,1250,0.047325,0,TRUE,""
1601450,"bcf07060",51,"Film - Colour IR",1250,1250,0.047153,0,TRUE,""
1601451,"bcf07060",52,"Film - Colour IR",1250,1250,0.047116,0,TRUE,""
1601452,"bcf07060",53,"Film - Colour IR",1250,1250,0.046904,0,TRUE,""
1601453,"bcf07060",54,"Film - Colour IR",1250,1250,0.04745,0,TRUE,""
1601454,"bcf07060",55,"Film - Colour IR",1250,1250,0.047073,0,TRUE,""
1601455,"bcf07060",56,"Film - Colour IR",1250,1250,0.046913,0,TRUE,""
1601456,"bcf07060",57,"Film - Colour IR",1250,1250,0.047044,0,TRUE,""
1601457,"bcf07060",58,"Film - Colour IR",1250,1250,0.047378,0,TRUE,""
1601458,"bcf07060",59,"Film - Colour IR",1250,1250,0.047,0,TRUE,""
1601459,"bcf07060",60,"Film - Colour IR",1250,1250,0.047459,0,TRUE,""
1601460,"bcf07060",61,"Film - Colour IR",1250,1250,0.048152,0,TRUE,""
1601461,"bcf07060",62,"Film - Colour IR",1250,1250,0.047583,0,TRUE,""
1601462,"bcf07060",63,"Film - Colour IR",1250,1250,0.047247,0,TRUE,""
1601463,"bcf07060",64,"Film - Colour IR",1250,1250,0.047356,0,TRUE,""
1601464,"bcf07060",65,"Film - Colour IR",1250,1250,0.047924,0,TRUE,""
1601465,"bcf07060",66,"Film - Colour IR",1250,1250,0.048475,0,TRUE,""
1601466,"bcf07060",67,"Film - Colour IR",1250,1250,0.047892,0,TRUE,""
1601467,"bcf07060",68,"Film - Colour IR",1250,1250,0.047101,0,TRUE,""
1601468,"bcf07060",69,"Film - Colour IR",1250,1250,0.048474,0,TRUE,""
1601469,"bcf07060",70,"Film - Colour IR",1250,1250,0.048118,0,TRUE,""
1601470,"bcf07060",71,"Film - Colour IR",1250,1250,0.046643,0,TRUE,""
1601471,"bcf07060",72,"Film - Colour IR",1250,1250,0.046721,0,TRUE,""
1601472,"bcf07060",73,"Film - Colour IR",1250,1250,0.046939,0,TRUE,""
1601473,"bcf07060",74,"Film - Colour IR",1250,1250,0.047292,0,TRUE,""
1601474,"bcf07060",75,"Film - Colour IR",1250,1250,0.04678,0,TRUE,""
1601475,"bcf07060",76,"Film - Colour IR",1250,1250,0.046805,0,TRUE,""
1601476,"bcf07060",77,"Film - Colour IR",1250,1250,0.046797,0,TRUE,""
1601477,"bcf07060",78,"Film - Colour IR",1250,1250,0.046758,0,TRUE,""
1601478,"bcf07060",79,"Film - Colour IR",1250,1250,0.046673,0,TRUE,""
1601479,"bcf07060",80,"Film - Colour IR",1250,1250,0.046333,0,TRUE,""
1601480,"bcf07060",81,"Film - Colour IR",1250,1250,0.046645,0,TRUE,""
1601481,"bcf07060",82,"Film - Colour IR",1250,1250,0.04679,0,TRUE,""
1601482,"bcf07060",83,"Film - Colour IR",1250,1250,0.046849,0,TRUE,""
1601483,"bcf07060",84,"Film - Colour IR",1250,1250,0.046968,0,TRUE,""
1601484,"bcf07060",85,"Film - Colour IR",1250,1250,0.046628,0,TRUE,""
1601485,"bcf07060",86,"Film - Colour IR",1250,1250,0.047089,0,TRUE,""
1601486,"bcf07060",87,"Film - Colour IR",1250,1250,0.046523,0,TRUE,""
1601487,"bcf07060",88,"Film - Colour IR",1250,1250,0.04642,0,TRUE,""
1601488,"bcf07060",89,"Film - Colour IR",1250,1250,0.046143,0,TRUE,""
1601489,"bcf07060",90,"Film - Colour IR",1250,1250,0.047226,0,TRUE,""
1601490,"bcf07060",91,"Film - Colour IR",1250,1250,0.047563,0,TRUE,""
1601491,"bcf07060",92,"Film - Colour IR",1250,1250,0.047468,0,TRUE,""
1601492,"bcf07060",93,"Film - Colour IR",1250,1250,0.04721,0,TRUE,""
1601493,"bcf07060",94,"Film - Colour IR",1250,1250,0.061654,0,TRUE,""
1601494,"bcf07060",95,"Film - Colour IR",1250,1250,0.046764,0,TRUE,""
1601495,"bcf07060",96,"Film - Colour IR",1250,1250,0.047286,0,TRUE,""
1601496,"bcf07060",97,"Film - Colour IR",1250,1250,0.047249,0,TRUE,""
1601497,"bcf07060",98,"Film - Colour IR",1250,1250,0.047068,0,TRUE,""
1601498,"bcf07060",99,"Film - Colour IR",1250,1250,0.046854,0,TRUE,""
1601499,"bcf07060",100,"Film - Colour IR",1250,1250,0.047474,0,TRUE,""
1601500,"bcf07060",101,"Film - Colour IR",1250,1250,0.04855,0,TRUE,""
1601501,"bcf07060",102,"Film - Colour IR",1250,1250,0.04858,0,TRUE,""
1601502,"bcf07060",103,"Film - Colour IR",1250,1250,0.048604,0,TRUE,""
1601503,"bcf07060",104,"Film - Colour IR",1250,1250,0.04743,0,TRUE,""
1601504,"bcf07060",105,"Film - Colour IR",1250,1250,0.047556,0,TRUE,""
1601505,"bcf07060",106,"Film - Colour IR",1250,1250,0.046645,0,TRUE,""
1601506,"bcf07060",107,"Film - Colour IR",1250,1250,0.047271,0,TRUE,""
1601507,"bcf07060",108,"Film - Colour IR",1250,1250,0.047672,0,TRUE,""
1601508,"bcf07060",109,"Film - Colour IR",1250,1250,0.047549,0,TRUE,""
1601509,"bcf07060",110,"Film - Colour IR",1250,1250,0.047672,0,TRUE,""
1601510,"bcf07060",111,"Film - Colour IR",1250,1250,0.047977,0,TRUE,""
1601511,"bcf07060",112,"Film - Colour IR",1250,1250,0.047969,0,TRUE,""
1601512,"bcf07060",113,"Film - Colour IR",1250,1250,0.047855,0,TRUE,""
1601513,"bcf07060",114,"Film - Colour IR",1250,1250,0.047997,0,TRUE,""
1601514,"bcf07060",115,"Film - Colour IR",1250,1250,0.04734,0,TRUE,""
1601515,"bcf07060",116,"Film - Colour IR",1250,1250,0.047608,0,TRUE,""
1601516,"bcf07060",117,"Film - Colour IR",1250,1250,0.047568,0,TRUE,""
1601517,"bcf07060",118,"Film - Colour IR",1250,1250,0.047715,0,TRUE,""
1601518,"bcf07060",119,"Film - Colour IR",1250,1250,0.047578,0,TRUE,""
1601519,"bcf07060",120,"Film - Colour IR",1250,1250,0.048356,0,TRUE,""
1601520,"bcf07060",121,"Film - Colour IR",1250,1250,0.04819,0,TRUE,""
1601521,"bcf07060",122,"Film - Colour IR",1250,1250,0.048787,0,TRUE,""
1601522,"bcf07060",123,"Film - Colour IR",1250,1250,0.048554,0,TRUE,""
1601523,"bcf07060",124,"Film - Colour IR",1250,1250,0.048394,0,TRUE,""
1601524,"bcf07060",125,"Film - Colour IR",1250,1250,0.047828,0,TRUE,""
1601525,"bcf07060",126,"Film - Colour IR",1250,1250,0.048617,0,TRUE,""
1601526,"bcf07060",127,"Film - Colour IR",1250,1250,0.048828,0,TRUE,""
1601527,"bcf07060",128,"Film - Colour IR",1250,1250,0.048422,0,TRUE,""
1601528,"bcf07060",129,"Film - Colour IR",1250,1250,0.048032,0,TRUE,""
1601529,"bcf07060",130,"Film - Colour IR",1250,1250,0.048388,0,TRUE,""
1601530,"bcf07060",131,"Film - Colour IR",1250,1250,0.049342,0,TRUE,""
1601531,"bcf07060",132,"Film - Colour IR",1250,1250,0.049152,0,TRUE,""
1601532,"bcf07060",133,"Film - Colour IR",1250,1250,0.049043,0,TRUE,""
1601533,"bcf07060",134,"Film - Colour IR",1250,1250,0.049012,0,TRUE,""
1601534,"bcf07060",135,"Film - Colour IR",1250,1250,0.048675,0,TRUE,""
1601535,"bcf07060",136,"Film - Colour IR",1250,1250,0.049024,0,TRUE,""
1601536,"bcf07060",137,"Film - Colour IR",1250,1250,0.049923,0,TRUE,""
1601537,"bcf07060",138,"Film - Colour IR",1250,1250,0.049327,0,TRUE,""
1601538,"bcf07060",139,"Film - Colour IR",1250,1250,0.049512,0,TRUE,""
1601539,"bcf07060",140,"Film - Colour IR",1250,1250,0.049255,0,TRUE,""
1601540,"bcf07060",141,"Film - Colour IR",1250,1250,0.049468,0,TRUE,""
1601541,"bcf07060",142,"Film - Colour IR",1250,1250,0.049611,0,TRUE,""
1601542,"bcf07060",143,"Film - Colour IR",1250,1250,0.049304,0,TRUE,""
1601543,"bcf07060",144,"Film - Colour IR",1250,1250,0.048538,0,TRUE,""
1601544,"bcf07060",145,"Film - Colour IR",1250,1250,0.048164,0,TRUE,""
1601545,"bcf07060",146,"Film - Colour IR",1250,1250,0.048139,0,TRUE,""
1601546,"bcf07060",147,"Film - Colour IR",1250,1250,0.04759,0,TRUE,""
1601547,"bcf07060",148,"Film - Colour IR",1250,1250,0.048176,0,TRUE,""
1601548,"bcf07060",149,"Film - Colour IR",1250,1250,0.048707,0,TRUE,""
1601549,"bcf07060",150,"Film - Colour IR",1250,1250,0.049033,0,TRUE,""
1601550,"bcf07060",151,"Film - Colour IR",1250,1250,0.048564,0,TRUE,""
1601551,"bcf07060",152,"Film - Colour IR",1250,1250,0.049105,0,TRUE,""
1601552,"bcf07060",153,"Film - Colour IR",1250,1250,0.049465,0,TRUE,""
1601553,"bcf07060",154,"Film - Colour IR",1250,1250,0.049303,0,TRUE,""
1601554,"bcf07060",155,"Film - Colour IR",1250,1250,0.049256,0,TRUE,""
1601555,"bcf07060",156,"Film - Colour IR",1250,1250,0.049267,0,TRUE,""
1601556,"bcf07060",157,"Film - Colour IR",1250,1250,0.048984,0,TRUE,""
1601557,"bcf07060",158,"Film - Colour IR",1250,1250,0.049123,0,TRUE,""
1601558,"bcf07060",159,"Film - Colour IR",1250,1250,0.048899,0,TRUE,""
1601559,"bcf07060",160,"Film - Colour IR",1250,1250,0.048936,0,TRUE,""
1601560,"bcf07060",161,"Film - Colour IR",1250,1250,0.049974,0,TRUE,""
1601561,"bcf07060",162,"Film - Colour IR",1250,1250,0.049177,0,TRUE,""
1601562,"bcf07060",163,"Film - Colour IR",1250,1250,0.049485,0,TRUE,""
1601563,"bcf07060",164,"Film - Colour IR",1250,1250,0.049524,0,TRUE,""
1601564,"bcf07060",165,"Film - Colour IR",1250,1250,0.050198,0,TRUE,""
1601565,"bcf07060",166,"Film - Colour IR",1250,1250,0.050562,0,TRUE,""
1601566,"bcf07060",167,"Film - Colour IR",1250,1250,0.050695,0,TRUE,""
1601567,"bcf07060",168,"Film - Colour IR",1250,1250,0.052858,0,TRUE,""
1601568,"bcf07060",169,"Film - Colour IR",1250,1250,0.051906,0,TRUE,""
1601569,"bcf07060",170,"Film - Colour IR",1250,1250,0.050937,0,TRUE,""
1601570,"bcf07060",171,"Film - Colour IR",1250,1250,0.049748,0,TRUE,""
1601571,"bcf07060",172,"Film - Colour IR",1250,1250,0.049898,0,TRUE,""
1601572,"bcf07060",173,"Film - Colour IR",1250,1250,0.050314,0,TRUE,""
1601573,"bcf07060",174,"Film - Colour IR",1250,1250,0.050371,0,TRUE,""
1601574,"bcf07060",175,"Film - Colour IR",1250,1250,0.0507,0,TRUE,""
1601575,"bcf07060",176,"Film - Colour IR",1250,1250,0.050276,0,TRUE,""
1601576,"bcf07060",177,"Film - Colour IR",1250,1250,0.049078,0,TRUE,""
1601577,"bcf07060",178,"Film - Colour IR",1250,1250,0.048172,0,TRUE,""
1601578,"bcf07060",179,"Film - Colour IR",1250,1250,0.048525,0,TRUE,""
1601579,"bcf07060",180,"Film - Colour IR",1250,1250,0.048689,0,TRUE,""
1601580,"bcf07060",181,"Film - Colour IR",1250,1250,0.049235,0,TRUE,""
1601581,"bcf07060",182,"Film - Colour IR",1250,1250,0.050169,0,TRUE,""
1601582,"bcf07060",183,"Film - Colour IR",1250,1250,0.050429,0,TRUE,""
1601583,"bcf07060",184,"Film - Colour IR",1250,1250,0.050239,0,TRUE,""
1601584,"bcf07060",185,"Film - Colour IR",1250,1250,0.050188,0,TRUE,""
1601585,"bcf07060",186,"Film - Colour IR",1250,1250,0.049569,0,TRUE,""
1601586,"bcf07060",187,"Film - Colour IR",1250,1250,0.049663,0,TRUE,""
1601587,"bcf07060",188,"Film - Colour IR",1250,1250,0.049961,0,TRUE,""
1601588,"bcf07060",189,"Film - Colour IR",1250,1250,0.05015,0,TRUE,""
1601589,"bcf07060",190,"Film - Colour IR",1250,1250,0.050652,0,TRUE,""
1601590,"bcf07060",191,"Film - Colour IR",1250,1250,0.050836,0,TRUE,""
1601591,"bcf07060",192,"Film - Colour IR",1250,1250,0.050163,0,TRUE,""
1601592,"bcf07060",193,"Film - Colour IR",1250,1250,0.048831,0,TRUE,""
1601593,"bcf07060",194,"Film - Colour IR",1250,1250,0.048964,0,TRUE,""
1601594,"bcf07060",195,"Film - Colour IR",1245,1250,0.05009,0,TRUE,""
1601595,"bcf07060",196,"Film - Colour IR",1245,1250,0.05082,0,TRUE,""
1601596,"bcf07060",197,"Film - Colour IR",1245,1250,0.050953,0,TRUE,""
1601597,"bcf07060",198,"Film - Colour IR",1245,1250,0.05059,0,TRUE,""
1601598,"bcf07060",199,"Film - Colour IR",1245,1250,0.050124,0,TRUE,""
1601599,"bcf07060",200,"Film - Colour IR",1245,1250,0.050659,0,TRUE,""
1601600,"bcf07060",201,"Film - Colour IR",1245,1250,0.050887,0,TRUE,""
1601601,"bcf07060",202,"Film - Colour IR",1245,1250,0.050937,0,TRUE,""
1601602,"bcf07060",203,"Film - Colour IR",1245,1250,0.050635,0,TRUE,""
1601603,"bcf07060",204,"Film - Colour IR",1245,1250,0.051489,0,TRUE,""
1601604,"bcf07060",205,"Film - Colour IR",1245,1250,0.051614,0,TRUE,""
1601605,"bcf07060",206,"Film - Colour IR",1245,1250,0.051348,0,TRUE,""
1601606,"bcf07060",207,"Film - Colour IR",1245,1250,0.051303,0,TRUE,""
1601607,"bcf07060",208,"Film - Colour IR",1245,1250,0.051319,0,TRUE,""
1601608,"bcf07060",209,"Film - Colour IR",1245,1250,0.05063,0,TRUE,""
1601609,"bcf07060",210,"Film - Colour IR",1245,1250,0.051588,0,TRUE,""
1601610,"bcf07060",211,"Film - Colour IR",1245,1250,0.050617,0,TRUE,""
1601611,"bcf07060",212,"Film - Colour IR",1245,1250,0.049592,0,TRUE,""
1601612,"bcf07060",213,"Film - Colour IR",1245,1250,0.050613,0,TRUE,""
1601613,"bcf07060",214,"Film - Colour IR",1245,1250,0.050324,0,TRUE,""
1601614,"bcf07060",215,"Film - Colour IR",1245,1250,0.050122,0,TRUE,""
1601615,"bcf07060",216,"Film - Colour IR",1245,1250,0.051555,0,TRUE,""
1601616,"bcf07060",217,"Film - Colour IR",1245,1250,0.052001,0,TRUE,""
1601617,"bcf07060",218,"Film - Colour IR",1245,1250,0.05116,0,TRUE,""
1601618,"bcf07060",219,"Film - Colour IR",1245,1250,0.051292,0,TRUE,""
1601619,"bcf07060",220,"Film - Colour IR",1245,1250,0.051436,0,TRUE,""
1601620,"bcf07060",221,"Film - Colour IR",1245,1250,0.050451,0,TRUE,""
1601621,"bcf07060",222,"Film - Colour IR",1245,1250,0.050053,0,TRUE,""
1601622,"bcf07060",223,"Film - Colour IR",1245,1250,0.050663,0,TRUE,""
1601623,"bcf07060",224,"Film - Colour IR",1245,1250,0.051173,0,TRUE,""
1601624,"bcf07060",225,"Film - Colour IR",1245,1250,0.051518,0,TRUE,""
1601625,"bcf07060",226,"Film - Colour IR",1245,1250,0.051744,0,TRUE,""
1601626,"bcf07060",227,"Film - Colour IR",1245,1250,0.051895,0,TRUE,""
1601627,"bcf07060",228,"Film - Colour IR",1245,1250,0.051073,0,TRUE,""
1601628,"bcf07060",229,"Film - Colour IR",1245,1250,0.051381,0,TRUE,""
1601629,"bcf07060",230,"Film - Colour IR",1245,1250,0.051149,0,TRUE,""
1601630,"bcf07060",231,"Film - Colour IR",1245,1250,0.051141,0,TRUE,""
1601631,"bcf07060",232,"Film - Colour IR",1245,1250,0.051676,0,TRUE,""
1601632,"bcf07060",233,"Film - Colour IR",1245,1250,0.052111,0,TRUE,""
1601633,"bcf07060",234,"Film - Colour IR",1245,1250,0.052091,0,TRUE,""
1601634,"bcf07060",235,"Film - Colour IR",1245,1250,0.052147,0,TRUE,""
1601635,"bcf07060",236,"Film - Colour IR",1245,1250,0.050895,0,TRUE,""
1601636,"bcf07060",237,"Film - Colour IR",1245,1250,0.050462,0,TRUE,""
1601637,"bcf07060",238,"Film - Colour IR",1245,1250,0.051199,0,TRUE,""
1601638,"bcf07060",239,"Film - Colour IR",1245,1250,0.051886,0,TRUE,""
1601639,"bcf07060",240,"Film - Colour IR",1245,1250,0.05201,0,TRUE,""
1601640,"bcf07060",241,"Film - Colour IR",1245,1250,0.052107,0,TRUE,""
1601641,"bcf07060",242,"Film - Colour IR",1245,1250,0.052212,0,TRUE,""
1601642,"bcf07060",243,"Film - Colour IR",1245,1250,0.052209,0,TRUE,""
1601643,"bcf07060",244,"Film - Colour IR",1245,1250,0.052136,0,TRUE,""
1601644,"bcf07060",245,"Film - Colour IR",1245,1250,0.052306,0,TRUE,""
1601645,"bcf07060",246,"Film - Colour IR",1245,1250,0.051192,0,TRUE,""
1601646,"bcf07060",247,"Film - Colour IR",1245,1250,0.050786,0,TRUE,""
