"file","control","film_roll","page_rolls","frames_final","frame_from","frame_to","height_as_written","height_header","height_ft_interpreted","focal_as_written","focal_mm","scale_as_written","legibility","note"
"bc5097__bc5097_1.jpg",FALSE,"bc5097","BC 5097","1-90",1,90,"18.0","M'/M.S.L.","18000","6""","153","","clear","typed form; sheet 1 of 4; camera RC8 355; 18.0 on every row"
"bc5097__bc5097_4.jpg",FALSE,"bc5097","BC 5097","140-195",140,195,"16.0","M'/M.S.L.","16000","6""","153","","clear","sheet 4 of 4; camera RC8 355"
"bc5097__bc5097_4.jpg",FALSE,"bc5097","BC 5097","196",196,196,"6.6","M'/M.S.L.","6600","6""","153","","clear","strip 6 start (Pitt Lake)"
"bc5097__bc5097_4.jpg",FALSE,"bc5097","BC 5097","211",211,211,"6.3","M'/M.S.L.","6300","6""","153","","partial","strip 6 end row; digit after decimal read as 3, could be 6 or 8"
"bc5097__bc5097_4.jpg",FALSE,"bc5097","BC 5097","",,,"6.0","M'/M.S.L.","6000","6""","153","","clear","field 228/232 rows, no final number; marked DO NOT USE"
"bc5224__bc5224_1.jpg",FALSE,"bc5224","5224","1-15",1,15,"6550","M'/M.S.L.","6550","6""","153","","clear","Typed form; heights written as full figures (not thousands), read as feet; camera RC8; frames 26/28 do not use (off line)"
"bc5224__bc5224_1.jpg",FALSE,"bc5224","5224","16-61",16,61,"3550","M'/M.S.L.","3550","6""","153","","clear","Typed; strips E/D/F; full-figure height read as feet"
"bc5224__bc5224_1.jpg",FALSE,"bc5224","5224","62-93",62,93,"6250","M'/M.S.L.","6250","6""","153","","clear","Typed; strip 1A near Courtenay; full-figure height read as feet"
"bc5280__bc5280_1.jpg",FALSE,"bc5280","5280","1-90",1,90,"6.0","TRUE HEIGHT (M'/M.S.L.)","6000","6""","153","","clear","typed form, sheet 1 of 4; Chilliwack-Vedder OP 23/68; camera RC8 502"
"bc5280__bc5280_2.jpg",FALSE,"bc5280","5280","91-99",91,99,"3.0","TRUE HEIGHT (M'/M.S.L.)","3000","6""","153","","clear","sheet 2 of 4; BC Institute of Technology OP 31/68; field remark: LOW LEVEL RUN HAND FIRED"
"bc5280__bc5280_2.jpg",FALSE,"bc5280","5280","100-102",100,102,"1.5","TRUE HEIGHT (M'/M.S.L.)","1500","6""","153","","clear","sheet 2 of 4; same low level hand-fired run"
"bc5280__bc5280_3.jpg",FALSE,"bc5280","5280","103-156",103,156,"8.0","TRUE HEIGHT (M'/M.S.L.)","8000","6""","153","","clear","sheet 3 of 4; booming grounds OPs 48-54/68; remark: exposure counter may be out of sync with film record"
"bc5280__bc5280_4.jpg",FALSE,"bc5280","5280","157-266",157,266,"8.5","TRUE HEIGHT (M'/M.S.L.)","8500","6""","153","","clear","sheet 4 of 4; Harrison-Lillooet Lakes OP 57/68; remark: unable to hold constant interval or level due to heavy turbulence"
"bc5449__bc5449_1.jpg",FALSE,"bc5449","BC 5449","1-3",1,3,"2.0","M1/M.S.L.","2000","","","","clear","sheet 1 of 4; camera RC8-502, focal not written; LOW LEVEL remark; frames are pre-selected photo centres"
"bc5449__bc5449_1.jpg",FALSE,"bc5449","BC 5449","4-7",4,7,"8.0","M1/M.S.L.","8000","","","","partial","8.0 written on field-7 row struck out and rewritten on field-9 row; applies to finals 4-7 by dittos; test exposures (no finals) at 6.0"
"bc5449__bc5449_2.jpg",FALSE,"bc5449","BC 5449","8-46",8,46,"2.50","M1/M.S.L.","2500","","","","clear","sheet 2; camera RC8-502; LOW LEVEL remark (camera unable to give 80% on hillsides)"
"bc5449__bc5449_3.jpg",FALSE,"bc5449","BC 5449","72-87",72,87,"2.50","M1/M.S.L.","2500","","","","clear","sheet 3; camera RC8-502; field 1-10 and 27-33 rows have no final numbers; LOW LEVEL remark"
"bc5524__bc5524_1.jpg",FALSE,"bc5524","5524","1-16",1,16,"6.6","M'/M.S.L.","6600","RC8 502 (no focal written)","153","","clear","Focal not written, camera RC 8 502 (RC8 assumed 6""); 6.6 ditto'd to frame 16"
"bc5524__bc5524_1.jpg",FALSE,"bc5524","5524","17-37",17,37,"1,000","M'/M.S.L.","","RC8 502 (no focal written)","153","","clear","Written ""1,000"" - units ambiguous (not thousands convention; could be feet or metres); left blank; remarks: ""I think you should note the difference in height and exposure on this film"""
"bc5524__bc5524_1.jpg",FALSE,"bc5524","5524","38-55",38,55,"900","M'/M.S.L.","","RC8 502 (no focal written)","153","","clear","900 written on END row (field 56/final 55) of strip starting final 38; units ambiguous (feet or metres?); frames 56-57 later noted as vertical of route to hangar"
"bc5524__bc5524_3.jpg",FALSE,"bc5524","5524","59-60",59,60,"6.6","M'/M.S.L.","6600","RC8 502 (no focal written)","153","","clear","Preselected photo centres; frame 4 field blank"
"bc5524__bc5524_6.jpg",FALSE,"bc5524","5524","184",184,184,"6.6","M'/M.S.L.","6600","RC 8 502 (no focal written)","153","","clear","Single frame 184 (start and end both 184)"
"bc5524__bc5524_6.jpg",FALSE,"bc5524","5524","185-220",185,220,"600","M'/M.S.L.","","RC 8 502 (no focal written)","153","","partial","""600"" written; units ambiguous (feet or metres?); ""Low level of targets""; speed 1/300 over struck value; date written 28 MAR 72 (other sheets 73)"
"bc5536__bc5536_3.jpg",FALSE,"bc5536","5536","226-234",226,234,"2.4","TRUE HEIGHT (M'/M.S.L.)","2400","ZE 21162 (6"")","153","","clear","handwritten, sheet 3 of 3; Blanshard Street Ext OP 150"
"bc5593__bc5593_1.jpg",FALSE,"bc5593","BC 5593","1-22",1,22,"6.60","M1/M.S.L.","6600","RC8-502 (6"")","153","","clear","final end read as 22 (overwritten digit)"
"bc5593__bc5593_1.jpg",FALSE,"bc5593","BC 5593","23-34",23,34,"6.4","M1/M.S.L.","6400","RC8-502 (6"")","153","","clear",""
"bc5593__bc5593_1.jpg",FALSE,"bc5593","BC 5593","35-45",35,45,"6.2","M1/M.S.L.","6200","RC8-502 (6"")","153","","clear",""
"bc5593__bc5593_1.jpg",FALSE,"bc5593","BC 5593","46-57",46,57,"6.6","M1/M.S.L.","6600","RC8-502 (6"")","153","","clear",""
"bc5593__bc5593_2.jpg",FALSE,"bc5593","BC 5593","58-193",58,193,"11.70","M1/M.S.L.","11700","RC8 502 (6"")","153","","clear",""
"bc5593__bc5593_2.jpg",FALSE,"bc5593","BC 5593","194-233",194,233,"11.00","M1/M.S.L.","11000","RC8 502 (6"")","153","","clear",""
"bc5593__bc5593_2.jpg",FALSE,"bc5593","BC 5593","234-248",234,248,"10.40","M1/M.S.L.","10400","RC8 502 (6"")","153","","clear",""
"bc5593__bc5593_3.jpg",FALSE,"bc5593","BC 5593","249-284",249,284,"20.0","M1/M.S.L.","20000","RC8 502 (6"")","153","","partial","focal in camera line faint, read as (6"")"
"bc5593__bc5593_4.jpg",FALSE,"bc5593","BC 5593","285-292",285,292,"2.5","M1/M.S.L.","2500","RC8 502 (6"")","153","","partial","end final read as 292, uncertain; height written 2.5 (faint)"
"bc5597__bc5596_5597_3.jpg",FALSE,"bc5596","5596","212-227",212,227,"8.0","M'/M.S.L.","8000","6""","153","","clear","Camera ZE 21162 (6)"
"bc5597__bc5596_5597_3.jpg",FALSE,"bc5596","5596","228-243",228,243,"7.9","M'/M.S.L.","7900","6""","153","","clear",""
"bc5597__bc5596_5597_3.jpg",FALSE,"bc5596","5596","244-259",244,259,"7.8","M'/M.S.L.","7800","6""","153","","clear",""
"bc5597__bc5596_5597_3.jpg",FALSE,"bc5596","5596","260-271",260,271,"7.7","M'/M.S.L.","7700","6""","153","","partial","final 260 written as '260' / 271 unclear"
"bc5597__bc5596_5597_3.jpg",FALSE,"bc5596","5596","272-283",272,283,"7.6","M'/M.S.L.","7600","6""","153","","partial","final end digit unclear (283 inferred from field 145)"
"bc5597__bc5596_5597_3.jpg",FALSE,"bc5596","5596","284-294",284,294,"7.5","M'/M.S.L.","7500","6""","153","","clear",""
"bc5597__bc5596_5597_3.jpg",FALSE,"bc5597","5597","1-33",1,33,"7.4","M'/M.S.L.","7400","6""","153","","clear","Centre of roll at field 157 = 5597 final 1; strips 1 (1-24) and A (25-33) ditto 7.4; remark step wedge at end of 5597"
"bc5597__bc5596_5597_4.jpg",FALSE,"bc5597","5597","34-118",34,118,"6.3","M'/M.S.L.","6300","6""","153","","clear","Strips 1-7 all ditto 6.3"
"bc5597__bc5596_5597_5.jpg",FALSE,"bc5597","5597","119-223",119,223,"7.5","M'/M.S.L.","7500","6""","153","","clear","Strips 1-9 ditto 7.5"
"bc5597__bc5596_5597_5.jpg",FALSE,"bc5597","5597","224-241",224,241,"2550","M'/M.S.L.","2550","6""","153","","clear","Written ""2550"" in full (Falls area strip); read as feet"
"bc5597__bc5596_5597_6.jpg",FALSE,"bc5597","5597","242-248",242,248,"10.5","M'/M.S.L.","10500","6""","153","","clear","Blue River OP93/74"
"bc5597__bc5596_5597_6.jpg",FALSE,"bc5597","5597","249-257",249,257,"9.5","M'/M.S.L.","9500","6""","153","","clear","Clearwater OP94/74"
"bc5597__bc5596_5597_6.jpg",FALSE,"bc5597","5597","258-264",258,264,"9.2","M'/M.S.L.","9200","6""","153","","clear","Ashcroft OP88/74"
"bc5597__bc5596_5597_6.jpg",FALSE,"bc5597","5597","265-270",265,270,"9.8","M'/M.S.L.","9800","6""","153","","clear","Cache Cr. OP89/74"
"bc5598__bc5598_1.jpg",FALSE,"bc5598","5598","1-25",1,25,"8.000","TRUE HEIGHT (M'/M.S.L.)","8000","RC8-502 (6"")","153","","clear","sheet 1 of 5; written as 8.000 (three decimals); interpreted as 8.0 thousand ft; 80% forward overlap"
"bc5598__bc5598_2.jpg",FALSE,"bc5598","5598","26-30",26,30,"11.0","TRUE HEIGHT (M'/M.S.L.)","11000","RC8-502 (6"")","153","","clear","sheet 2 of 5; OP 48/74"
"bc5598__bc5598_3.jpg",FALSE,"bc5598","5598","31-100",31,100,"7.4","TRUE HEIGHT (M'/M.S.L.)","7400","RC8 502 (6"")","153","","clear","sheet 3 of 5; 7.4 restated at final 46; several OPs (127-130,124)"
"bc5598__bc5598_3.jpg",FALSE,"bc5598","5598","101-109",101,109,"4.5","TRUE HEIGHT (M'/M.S.L.)","4500","RC8 502 (6"")","153","","clear","sheet 3 of 5; OP 126"
"bc5598__bc5598_4.jpg",FALSE,"bc5598","5598","110-196",110,196,"7.5","TRUE HEIGHT (M'/M.S.L.)","7500","RC8 502 (6"")","153","","partial","sheet 4 of 5; second digit could be 5 or 3 (7.5 most likely); finals 154-251 said to be on sheet 5"
"bc5598__bc5598_4.jpg",FALSE,"bc5598","5598","238-284",238,284,"6.8","TRUE HEIGHT (M'/M.S.L.)","6800","RC8 502 (6"")","153","","clear","sheet 4 of 5; Salmon River OP 243; end of roll at 284"
"bc5598__bc5598_5.jpg",FALSE,"bc5598","5598","147-152",147,152,"8.6","TRUE HEIGHT (M'/M.S.L.)","8600","RC8 502 (6"")","153","","partial","sheet 5 of 5; Pitin Lake OP 158; first digit after decimal read as 6"
"bc5598__bc5598_5.jpg",FALSE,"bc5598","5598","153-181",153,181,"8.5","TRUE HEIGHT (M'/M.S.L.)","8500","RC8 502 (6"")","153","","clear","sheet 5 of 5; Brenda Lake OP 113"
"bc5598__bc5598_5.jpg",FALSE,"bc5598","5598","182-212",182,212,"7.7","TRUE HEIGHT (M'/M.S.L.)","7700","RC8 502 (6"")","153","","partial","sheet 5 of 5; refly strip; digit read as 7.7, could be 7.2"
"bc5598__bc5598_5.jpg",FALSE,"bc5598","5598","213-237",213,237,"7.5","TRUE HEIGHT (M'/M.S.L.)","7500","RC8 502 (6"")","153","","clear","sheet 5 of 5; OP 124"
"bc5598__bc5598_5.jpg",FALSE,"bc5598","5598","",,,"7.5","TRUE HEIGHT (M'/M.S.L.)","7500","RC8 502 (6"")","153","","clear","sheet 5 of 5; field 189-195 Scotty Creek marked DO NOT USE, no final numbers"
"bc5628__bc5628_1.jpg",FALSE,"bc5628","BC 5628","1-35",1,35,"45.00","M1/M.S.L.","45000","","","","partial","written 4500 with decimal unclear/overwritten, read as 45.00; camera R.C.8 355, focal not written; aircraft Lear Jet"
"bc5628__bc5628_1.jpg",FALSE,"bc5628","BC 5628","36-73",36,73,"27.5","M1/M.S.L.","27500","","","","clear","camera R.C.8 355; focal not written"
"bc5651__bc5651_1.jpg",FALSE,"bc5651","5651","1-11",1,11,"6350","M'/M.S.L.","6350","6""","153","","clear","Written in full 6350; read as feet"
"bc5651__bc5651_2.jpg",FALSE,"bc5651","5651","12-40",12,40,"16.5","M'/M.S.L.","16500","6""","153","","clear",""
"bc5651__bc5651_3.jpg",FALSE,"bc5651","5651","41-81",41,81,"23.0","M'/M.S.L.","23000","6""","153","","clear",""
"bc5651__bc5651_4.jpg",FALSE,"bc5651","5651","82-93",82,93,"9.5","M'/M.S.L.","9500","6""","153","","clear","Remark: pictures 13-20 (field) do not exist - strip 2 to be reflown"
"bc5655__bc5655_1.jpg",FALSE,"bc5655","5655","1-3",1,3,"3.7","TRUE HEIGHT (M'/M.S.L.)","3700","RC8 502 (6"")","153","","clear","sheet 1 of 3; three selected photo centres OP 282/75"
"bc5655__bc5655_1.jpg",FALSE,"bc5655","5655","4-36",4,36,"3.8","TRUE HEIGHT (M'/M.S.L.)","3800","RC8 502 (6"")","153","","clear","sheet 1 of 3; 3.8 restated at finals 12 and 28; OPs 274,273,266/75"
"bc5655__bc5655_1.jpg",FALSE,"bc5655","5655","37-48",37,48,"3.6","TRUE HEIGHT (M'/M.S.L.)","3600","RC8 502 (6"")","153","","clear","sheet 1 of 3; OPs 267,268/75"
"bc5655__bc5655_2.jpg",FALSE,"bc5655","5655","49-63",49,63,"6.0","TRUE HEIGHT (M'/M.S.L.)","6000","RC8 502 '6""'","153","","clear","sheet 2 of 3; Highway 99 OP 62/75; field 100-109 (no finals) ditto 6.0 but noted DO NOT USE flown at wrong height"
"bc5655__bc5655_2.jpg",FALSE,"bc5655","5655","64-69",64,69,"5.2","TRUE HEIGHT (M'/M.S.L.)","5200","RC8 502 '6""'","153","","partial","sheet 2 of 3; 5.2 written at field 110-114 (DO NOT USE, no finals); finals 64-69 carry ditto from that row"
"bc5655__bc5655_2.jpg",FALSE,"bc5655","5655","70-95",70,95,"5.0","TRUE HEIGHT (M'/M.S.L.)","5000","RC8 502 '6""'","153","","clear","sheet 2 of 3"
"bc5655__bc5655_2.jpg",FALSE,"bc5655","5655","96-106",96,106,"5.5","TRUE HEIGHT (M'/M.S.L.)","5500","RC8 502 '6""'","153","","clear","sheet 2 of 3; refly strip 3"
"bc5655__bc5655_3.jpg",FALSE,"bc5655","5655","107-209",107,209,"5.0","TRUE HEIGHT (M'/M.S.L.)","5000","RC8 502 6""","153","","clear","sheet 3 of 3; Okanagan Flood Plain OP 127/75; one strip (field 196-205) DO NOT USE"
"bc5697__bc5697_1.jpg",FALSE,"bc5697","BC 5697","1-52",1,52,"2.5","M1/M.S.L.","2500","RC8-502 (6"")","153","","partial","2.5 written above a struck-out value; first final overwritten"
"bc5697__bc5697_1.jpg",FALSE,"bc5697","BC 5697","53-154",53,154,"1.5","M1/M.S.L.","1500","RC8-502 (6"")","153","","partial","written 1.5 with trailing mark/strike (1.5x?)"
"bc5697__bc5697_1.jpg",FALSE,"bc5697","BC 5697","155-189",155,189,"5.0","M1/M.S.L.","5000","RC8-502 (6"")","153","","clear",""
"bc5697__bc5697_1.jpg",FALSE,"bc5697","BC 5697","190-219",190,219,"5.0","M1/M.S.L.","5000","RC8-502 (6"")","153","","clear","5.0 restated at field 196"
"bc7211__bc7211_1.jpg",FALSE,"bc7211","7211","1-75",1,75,"11.5","M'/M.S.L.","11500","12""","305","","clear","Typed form; 11.5 on every row"
"bc7211__bc7211_2.jpg",FALSE,"bc7211","7211","76-93",76,93,"16000","M'/M.S.L.","16000","12""","305","","clear","Typed; 16000 on first row only; following rows blank"
"bc7280__bc7280_7281_1.jpg",FALSE,"bc7280","7280","1-136",1,136,"20.0","TRUE HEIGHT (M'/M.S.L.)","20000","Zeiss #2/3 110398","","","clear","sheet 1 of 2; focal length not written (camera serial 110398 only); Eagle PSYU forest inventory OP 8/70"
"bc7280__bc7280_7281_2.jpg",FALSE,"bc7280","7280","137-288",137,288,"20.00","TRUE HEIGHT (M'/M.S.L.)","20000","ZE 2/6 110398","","","clear","sheet 2 of 2; focal not written; Longworth PSYU OP 6/70; centre of roll at 288"
"bc7280__bc7280_7281_2.jpg",FALSE,"bc7281","7281","1-229",1,229,"20.00","TRUE HEIGHT (M'/M.S.L.)","20000","ZE 2/6 110398","","","clear","continuation onto roll 7281 by ditto; test strip field 561-568 also 20.0 (no finals)"
"bc7584__bc7583_7584_1.jpg",FALSE,"bc7583","7583","1-285",1,285,"20.0","M'/M.S.L.","20000","12""","305","","clear","Camera ZE 110 398 (12); 20.0 ditto'd"
"bc7584__bc7583_7584_1.jpg",FALSE,"bc7584","7584","1-288",1,288,"20.0","M'/M.S.L.","20000","12""","305","","clear","Continuation after centre of roll; ditto marks"
"bc7675__bc7674_7675_1.jpg",FALSE,"bc7674","7674","1-268",1,268,"20.0","TRUE HEIGHT (M'/M.S.L.)","20000","ZE 122520","","","clear","page covers 7674/7675; focal not written; low level map, Okanagan PSYU OP 15"
"bc7675__bc7674_7675_1.jpg",FALSE,"bc7675","7675","1-118",1,118,"20.0","TRUE HEIGHT (M'/M.S.L.)","20000","ZE 122520","","","clear","focal not written; low level map continues after centre of roll"
"bc7675__bc7674_7675_1.jpg",FALSE,"bc7675","7675","113-248",113,248,"20.2","TRUE HEIGHT (M'/M.S.L.)","20200","ZE 122520","","","partial","Okanagan Kamloops HIGH LEVEL MAP; first final written looks like 113 (possibly 119); strip 62 partly do not use; remark says low-level/high-level instruments"
"bc7692__bc7691_7692_10.jpg",FALSE,"bc7692","BC 7692","231-279",231,279,"14.6","M1/M.S.L.","14600","ZE 122520 (12"")","305","","clear",""
"bc7692__bc7691_7692_11.jpg",FALSE,"bc7692","BC 7692","280-300",280,300,"7.60","M1/M.S.L.","7600","ZE 122520 (12"")","305","","clear",""
"bc7692__bc7691_7692_3.jpg",FALSE,"bc7692","BC 7692","1-80",1,80,"7.3","M1/M.S.L.","7300","ZE 122520 12""","305","","clear","sheet 3 of 11; ticks used as dittos"
"bc7692__bc7691_7692_4.jpg",FALSE,"bc7692","BC 7692","81-90",81,90,"7.4","M1/M.S.L.","7400","","","","clear","sheet 4; camera ZE 122520, focal not written; remark: Kelowna flown 100 ft low because of smoke"
"bc7692__bc7691_7692_4.jpg",FALSE,"bc7692","BC 7692","91-98",91,98,"7.1","M1/M.S.L.","7100","","","","clear","Penticton airport"
"bc7692__bc7691_7692_5.jpg",FALSE,"bc7692","BC 7692","99-129",99,129,"14.8","M1/M.S.L.","14800","ZE 122520 ""12""","305","","partial","14.8 written above a struck-out value (possibly 20.0)"
"bc7692__bc7691_7692_6.jpg",FALSE,"bc7692","BC 7692","130-193",130,193,"18.5","M1/M.S.L.","18500","ZE 122520 (12"")","305","","clear","end final read as 193"
"bc7692__bc7691_7692_7.jpg",FALSE,"bc7692","BC 7692","194-221",194,221,"21.0","M1/M.S.L.","21000","ZE 122520 (12"")","305","","clear",""
"bc7692__bc7691_7692_8.jpg",FALSE,"bc7692","BC 7692","222-227",222,227,"12.0","M1/M.S.L.","12000","ZE 122520 (12"")","305","","clear","pre-selected photo centres"
"bc77014__bc77014_1.jpg",FALSE,"bc77014","77014","1-7",1,7,"23.0","M'/M.S.L.","23000","ZE 124223 (6""), f 153","153","","clear",""
"bc77014__bc77014_3.jpg",FALSE,"bc77014","77014","43-79",43,79,"7.6","M'/M.S.L.","7600","(6""), f 153","153","","clear",""
"bc77014__bc77014_4.jpg",FALSE,"bc77014","77014","80-86",80,86,"7.1","M'/M.S.L.","7100","(6""), f 153","153","","clear","King Edward Lake OP41/77"
"bc77014__bc77014_4.jpg",FALSE,"bc77014","77014","87-115",87,115,"7.3","M'/M.S.L.","7300","(6""), f 153","153","","clear","Nicklen Lake OP42/77"
"bc77014__bc77014_5.jpg",FALSE,"bc77014","77014","116-125",116,125,"27.5","M'/M.S.L.","27500","(6""), f 153","153","","clear","First row 23.0 struck through and 27.5 written below (do-not-use off strip, no final); restart 27.5"
"bc77014__bc77014_5.jpg",FALSE,"bc77014","77014","126-155",126,155,"28.0","M'/M.S.L.","28000","(6""), f 153","153","","clear",""
"bc77014__bc77014_6.jpg",FALSE,"bc77014","77014","156-195",156,195,"12.0","M'/M.S.L.","12000","(6""), f 153","153","","clear",""
"bc7703__bc7703_1.jpg",FALSE,"bc7703","7703","1-49",1,49,"21.3","TRUE HEIGHT (M'/M.S.L.)","21300","Zeiss #2 110398 12""","305","","clear","sheet 1 of 1; Kamloops orthophoto OP 126/75"
"bc7703__bc7703_1.jpg",FALSE,"bc7703","7703","50-59",50,59,"5.12","TRUE HEIGHT (M'/M.S.L.)","5120","Zeiss #2 110398 12""","305","","partial","written 5.12 (two decimals); line 4 low section; remark: nav sight fogged on low level section (line 4)"
"bc77032__bc77032_1.jpg",FALSE,"bc77032","BC 77-32","1-129",1,129,"24.0","M1/M.S.L.","24000","f 610 mm (24"")","610","","clear","camera 125998"
"bc77032__bc77032_1.jpg",FALSE,"bc77032","BC 77-32","130-183",130,183,"23.5","M1/M.S.L.","23500","f 610 mm (24"")","610","","clear",""
"bc77032__bc77032_1.jpg",FALSE,"bc77032","BC 77-32","184-287",184,287,"23.0","M1/M.S.L.","23000","f 610 mm (24"")","610","","clear",""
"bc7717__bc7717_7718_2.jpg",FALSE,"bc7717","7717","99-182",99,182,"5.50","M'/M.S.L.","5500","ZE 110399 (12"")","305","","clear",""
"bc7717__bc7717_7718_2.jpg",FALSE,"bc7717","7717","183-225",183,225,"6.00","M'/M.S.L.","6000","ZE 110399 (12"")","305","","clear",""
"bc7717__bc7717_7718_3.jpg",FALSE,"bc7717","7717","1-98",1,98,"5.40","M'/M.S.L.","5400","ZE 110399 (12"")","305","","clear","Port Alberni OP129"
"bc78104__bc78104_1.jpg",FALSE,"bc78104","BC 78-104","1-42",1,42,"25.0","M1/M.S.L.","25000","f 153 mm","153","","clear","camera 21162; sheet 1 of 4"
"bc78104__bc78104_2.jpg",FALSE,"bc78104","BC 78-104","43-76",43,76,"27.5","M1/M.S.L.","27500","f 153 mm","153","","clear","sheet 2"
"bc78104__bc78104_3.jpg",FALSE,"bc78104","BC 78-104","77-201",77,201,"8.0","M1/M.S.L.","8000","f 153 mm","153","","clear","sheet 3; camera 21163; first final overwritten, read as 77"
"bc78105__bc78105_1.jpg",FALSE,"bc78105","78105","1-17",1,17,"4.25","M'/M.S.L.","4250","f 153","153","","clear","""1.4 A.U. only"""
"bc78105__bc78105_1.jpg",FALSE,"bc78105","78105","18-43",18,43,"13.0","M'/M.S.L.","13000","f 153","153","","clear",""
"bc78105__bc78105_2.jpg",FALSE,"bc78105","78105","44-187",44,187,"14.0","M'/M.S.L.","14000","f 153","153","","clear","Last final '187' overwritten (187 or 188); two do-not-use off strips"
"bc78105__bc78105_3.jpg",FALSE,"bc78105","78105","188-192",188,192,"27.0","M'/M.S.L.","27000","f 153","153","remark: ""not requested at 1:40,000""","partial","Final digits overwritten (188/192 uncertain); remark ""This strip not requested at 1:40,000 but flown to complete coverage"""
"bc78151__bc78151_1.jpg",FALSE,"bc78151","78151","1-10",1,10,"20.0","True Height (M'/M.S.L.)","20000","f 153 mm","153","","clear","sheet 1 of 5; Whistler-Blackcomb refly OP 322/78; camera 21162"
"bc78151__bc78151_1.jpg",FALSE,"bc78151","78151","11-17",11,17,"17.0","True Height (M'/M.S.L.)","17000","f 153 mm","153","","clear","sheet 1 of 5"
"bc78151__bc78151_2.jpg",FALSE,"bc78151","78151","18-115",18,115,"7.0","True Height (M'/M.S.L.)","7000","f 153 mm","153","","clear","sheet 2 of 5; OP 98/78; camera 124223"
"bc78151__bc78151_3.jpg",FALSE,"bc78151","78151","116-153",116,153,"5.0","True Height (M'/M.S.L.)","5000","f 153 mm","153","","clear","sheet 3 of 5; Williams Lake Arterial OP 384/78; one strip DO NOT USE"
"bc78151__bc78151_4.jpg",FALSE,"bc78151","78151","154-164",154,164,"7.7","True Height (M'/M.S.L.)","7700","f 153 mm","153","","partial","sheet 4 of 5; Canal Flats-Radium OP 385/78; second digit could be 7 or 2"
"bc78151__bc78151_5.jpg",FALSE,"bc78151","78151","165-199",165,199,"4.25","True Height (M'/M.S.L.)","4250","f 153 mm","153","","clear","sheet 5 of 5; Kaleden Reservoir OP 379/78"
"bc7835__bc7835_1.jpg",FALSE,"bc7835","BC 7835","1-101",1,101,"7.2","M1/M.S.L.","7200","ZE 122520 (#4) 12""","305","","clear","a struck-out first row reads 20.5 (photography cancelled)"
"bc7835__bc7835_2.jpg",FALSE,"bc7835","BC 7835","102-123",102,123,"20.65","M1/M.S.L.","20650","ZE 122520 (12"")","305","","clear",""
"bc7835__bc7835_2.jpg",FALSE,"bc7835","BC 7835","124-130",124,130,"20.1","M1/M.S.L.","20100","ZE 122520 (12"")","305","","partial","written 20.1 followed by an unclear character (20.1H?)"
"bc7835__bc7835_2.jpg",FALSE,"bc7835","BC 7835","131-171",131,171,"20.25","M1/M.S.L.","20250","ZE 122520 (12"")","305","","clear",""
"bc7835__bc7835_3.jpg",FALSE,"bc7835","BC 7835","172-204",172,204,"20.1","M1/M.S.L.","20100","ZE 122520 (12"")","305","","clear","20.1 restated at final 193"
"bc7835__bc7835_3.jpg",FALSE,"bc7835","BC 7835","205-219",205,219,"20.5","M1/M.S.L.","20500","ZE 122520 (12"")","305","","clear",""
"bc7835__bc7835_3.jpg",FALSE,"bc7835","BC 7835","220-274",220,274,"20.1","M1/M.S.L.","20100","ZE 122520 (12"")","305","","partial","20.1 restated at 269; last final read as 274, uncertain"
"bc7835__bc7835_4.jpg",FALSE,"bc7835","BC 7835","275-303",275,303,"21.0","M1/M.S.L.","21000","ZE 122520 (12"")","305","","partial","first final written over another number, read as 275; remark: camera not level for strip 3, still climbing to altitude"
"bc79067__bc79067_1.jpg",FALSE,"bc79067","79067","1-47",1,47,"15.650","M'/M.S.L.","15650","f 85","","","partial","Focal written ""85"" mm (camera 128316) - digit legible but value unusual; frame finals 26/27 partly overwritten"
"bc79067__bc79067_1.jpg",FALSE,"bc79067","79067","48-57",48,57,"18.450","M'/M.S.L.","18450","f 85","","","partial","End final (57/54) partly overwritten"
"bc79067__bc79067_1.jpg",FALSE,"bc79067","79067","58-65",58,65,"16,625","M'/M.S.L.","16625","f 85","","","clear","A first 16,625 row is struck through and rewritten (on at mile post 470)"
"bc79067__bc79067_1.jpg",FALSE,"bc79067","79067","66-126",66,126,"16,300","M'/M.S.L.","16300","f 85","","","partial","Finals partly illegible (66 and 126 inferred from field numbers 317/377; last final looks like 120)"
"bc79067__bc79067_2.jpg",FALSE,"bc79067","79067","122-213",122,213,"24.0","M'/M.S.L.","24000","f 305","305","","clear","24.0 written on first two rows then ditto"
"bc79067__bc79067_3.jpg",FALSE,"bc79067","79067","214-283",214,283,"27.6","M'/M.S.L.","27600","f 305","305","","clear",""
"bc79086__bc79086_1.jpg",FALSE,"bc79086","79086","1-107",1,107,"20.75","True Height (M'/M.S.L.)","20750","f 85 mm","85","","clear","sheet 1 of 2; camera ZE 128316; remark: remainder of roll exposed on 305 mm camera"
"bc79086__bc79086_2.jpg",FALSE,"bc79086","79086","108-251",108,251,"24.50","True Height (M'/M.S.L.)","24500","f 305 mm","305","","clear","sheet 2 of 2; camera ZE 110398; remark: first 110 exposures of this roll were on the 85 mm camera"
"bc79122__bc79122_1.jpg",FALSE,"bc79122","BC 79-122","1-274",1,274,"21.0","M1/M.S.L.","21000","f 305 mm","305","","clear","camera 122520; 21.0 restated at field 133 block"
"bc79209__bc79209_1.jpg",FALSE,"bc79209","79209","1-85",1,85,"25.0","M'/M.S.L.","25000","f 153","153","","clear","Field roll OSCAR 93, sheet 1 of 15 (other 79209 sheets are field OSCAR 81); camera ZE 21162"
"bc79209__bc79209_2.jpg",FALSE,"bc79209","79209","1-51",1,51,"21,340","M'/M.S.L.","21340","f 305","305","","clear","Field OSCAR 81, sheet 2; final numbering restarts at 1; frames 49-51 fogged"
"bc79209__bc79209_3.jpg",FALSE,"bc79209","79209","137-172",137,172,"14.0","M'/M.S.L.","14000","3058","","","partial","Focal written ""3058"" (possibly 305.8 or 305 with stray mark); camera 110399"
"bc79209__bc79209_4.jpg",FALSE,"bc79209","79209","173-186",173,186,"13.00","M'/M.S.L.","13000","f 305","305","","clear","Charles Creek refly"
"bc79209__bc79209_5.jpg",FALSE,"bc79209","79209","187-219",187,219,"10.50","M'/M.S.L.","10500","f 305","305","","clear","Gilford Island refly; strip 4 coverage inadequate due to fog"
"bc80001__bc80001_1.jpg",FALSE,"bc80001","80001","1-53",1,53,"24.00","True Height (M'/M.S.L.)","24000","f 305 mm","305","","clear","sheet 1 of 3; Scuzzy Creek OP 96/80; camera ZE 110398; field numbers poor"
"bc80001__bc80001_1.jpg",FALSE,"bc80001","80001","54-68",54,68,"24.50","True Height (M'/M.S.L.)","24500","f 305 mm","305","","clear","sheet 1 of 3; Log Creek OP 95/80"
"bc80001__bc80001_1.jpg",FALSE,"bc80001","80001","69-85",69,85,"25.00","True Height (M'/M.S.L.)","25000","f 305 mm","305","","clear","sheet 1 of 3; Mowhokam Creek OP 94/80"
"bc80001__bc80001_1.jpg",FALSE,"bc80001","80001","",,,"22.00","True Height (M'/M.S.L.)","22000","f 305 mm","305","","clear","sheet 1 of 3; strip marked DO NOT USE (too much cloud), no finals"
"bc80001__bc80001_2.jpg",FALSE,"bc80001","80001","86-136",86,136,"24.0","True Height (M'/M.S.L.)","24000","f 305 mm","305","","clear","sheet 2 of 3; Scuzzy Crk & pilot training OP 96/80; remark: 2 different focal length cameras on this roll"
"bc80001__bc80001_3.jpg",FALSE,"bc80001","80001","137-242",137,242,"5.00","True Height (M'/M.S.L.)","5000","f 153 mm","153","","clear","sheet 3 of 3; Qualicum-Parksville OP 206/80; camera ZE 124223; remark: sheet 1 was exposed on 305 mm camera"
"bc81013__bc81013_1.jpg",FALSE,"bc81013","BC 81-013","1-3",1,3,"8.2","M1/M.S.L.","8200","f 153 mm","153","","clear","sheet 1 of 5; pre-selected photo centres"
"bc81013__bc81013_2.jpg",FALSE,"bc81013","BC 81-013","4-62",4,62,"27.0","M1/M.S.L.","27000","f 153 mm","153","","clear","sheet 2 of 5"
"bc81013__bc81013_3.jpg",FALSE,"bc81013","BC 81-013","63-65",63,65,"6.5","M1/M.S.L.","6500","f 153 mm","153","","clear","sheet 3 of 5; an earlier DO NOT USE pair (no finals) also at 6.5"
"bc81013__bc81013_4.jpg",FALSE,"bc81013","BC 81-013","66-247",66,247,"25.0","M1/M.S.L.","25000","f 153 mm","153","","clear","sheet 4 of 5; sheet 5 not in batch"
"bc81026__bc81026_2.jpg",FALSE,"bc81026","81026","124-157",124,157,"8.4","M'/M.S.L.","8400","f 153","153","","clear",""
"bc81026__bc81026_3.jpg",FALSE,"bc81026","81026","159-182",159,182,"2.6","M'/M.S.L.","2600","f 153","153","","clear","First final 158 or 159 (overwritten)"
"bc81026__bc81026_4.jpg",FALSE,"bc81026","81026","183-211",183,211,"1.2","M'/M.S.L.","1200","f 153","153","","clear",""
"bc81026__bc81026_5.jpg",FALSE,"bc81026","81026","212-225",212,225,"2.5","M'/M.S.L.","2500","f 153","153","","clear",""
"bc81027__bc81027_1.jpg",FALSE,"bc81027","81027","1-19",1,19,"24.0","True Height (M'/M.S.L.)","24000","f 153 mm","153","","clear","sheet 1 of 5; Middle Kettle OP 28/81; camera ZE 124223"
"bc81027__bc81027_2.jpg",FALSE,"bc81027","81027","20-86",20,86,"25.0","True Height (M'/M.S.L.)","25000","f 153 mm","153","","clear","sheet 2 of 5; Upper Kettle OP 27/81"
"bc81027__bc81027_3.jpg",FALSE,"bc81027","81027","87-137",87,137,"4.10","True Height (M'/M.S.L.)","4100","f 153 mm","153","","clear","sheet 3 of 5; Castlegar-Kinnaird OP 281/81"
"bc81027__bc81027_4.jpg",FALSE,"bc81027","81027","138-164",138,164,"6.50","True Height (M'/M.S.L.)","6500","f 153 mm","153","","clear","sheet 4 of 5; Needles-Bench Creek OP 279/81"
"bc81027__bc81027_5.jpg",FALSE,"bc81027","81027","165-204",165,204,"12.0","True Height (M'/M.S.L.)","12000","f 153 mm","153","","partial","sheet 5 of 5; Eagle River OP 174/81; first entry overwritten (looks like 12.0 over 20.00 or similar), 12.0 written again at final 182; light leak fogged 210-218"
"bc81027__bc81027_5.jpg",FALSE,"bc81027","81027","",,,"6.75","True Height (M'/M.S.L.)","6750","f 153 mm","153","","clear","sheet 5 of 5; field 174-178, camera u/s, no finals (cleared)"
"bc85036__bc85036_1.jpg",FALSE,"bc85036","BC 85036","1-175",1,175,"22500","M1/M.S.L.","22500","f 305 mm","305","","clear","different form (1985 contractor form); height written as full feet 22500"
"bc85036__bc85036_2.jpg",FALSE,"bc85036","BC 85036","176-254",176,254,"22500","M1/M.S.L.","22500","f 305 mm","305","","clear","height written as full feet 22500"
"bc87070__bc87070_1.jpg",FALSE,"bc87070","87070","1-53",1,53,"14.5","M'/M.S.L.","14500","cfl 152.919 mm","152.919","","partial","Written ""145"" / ""14.5"" (decimal faint); remark ""Job flown 500' high due A.T.C. restriction (minimum en route altitude)"""
"bc87070__bc87070_2.jpg",FALSE,"bc87070","87070","54-168",54,168,"13.5","M'/M.S.L.","13500","cfl 152.919 mm","152.919","","clear",""
"bc87070__bc87070_2.jpg",FALSE,"bc87070","87070","169-20?",,,"13.0","M'/M.S.L.","13000","cfl 152.919 mm","152.919","","partial","Strip 16 169-202 and strip 15 from 203 to END (last final digit illegible, ~206); camera failed to fire on strip 15"
"bc88054__bc88054_1.jpg",FALSE,"bc88054","88054","1-218",1,218,"21500","True Height (M'/M.S.L.)","21500","cfl 304.497 mm","304.497","(1:15,000) in project line","clear","sheet 1 of 1; Lardeau South; height written in full (no decimal); restated per strip"
"bc88054__bc88054_1.jpg",FALSE,"bc88054","88054","219-267",219,267,"22500","True Height (M'/M.S.L.)","22500","cfl 304.497 mm","304.497","(1:15,000) in project line","clear","sheet 1 of 1; strips 24-25"
"bcc162__bcc162_1.jpg",FALSE,"bcc162","BC C162","1-110",1,110,"4.1","M1/M.S.L.","4100","f 305 mm","305","","clear","camera 110398; Aerocolor neg; 65% forward overlap"
"bcc162__bcc162_2.jpg",FALSE,"bcc162","BC C162","111-196",111,196,"8.0","M1/M.S.L.","8000","f 153 mm","153","","clear","sheet 2 uses a different camera (21162, f 153) from sheet 1 (f 305)"
"bcc401__bcc401_1.jpg",FALSE,"bcc401","c401","1-13",1,13,"13500","True Height (M'/M.S.L.)","13500","f 304 mm","304","","clear","sheet 1 of 3; colour neg; Tatalayoko Lake; Wild RC10"
"bcc401__bcc401_1.jpg",FALSE,"bcc401","c401","14-45",14,45,"","True Height (M'/M.S.L.)","","f 304 mm","304","","clear","sheet 1 of 3; height column blank on strip 2 start row"
"bcc401__bcc401_1.jpg",FALSE,"bcc401","c401","",,,"14,500","True Height (M'/M.S.L.)","14500","f 304 mm","304","","clear","sheet 1 of 3; field 12-25 SCRUB off line, no finals"
"bcc401__bcc401_2.jpg",FALSE,"bcc401","c401","46-67",46,67,"14000","True Height (M'/M.S.L.)","14000","f 304 mm","304","","clear","sheet 2 of 3; Valleau Creek; written 14000 (possibly 14,000 with comma), ditto for 56-67"
"bcc401__bcc401_3.jpg",FALSE,"bcc401","c401","68-149",68,149,"14,000","True Height (M'/M.S.L.)","14000","f 304 mm","304","","clear","sheet 3 of 3; Narcosli Creek"
"bcc401__bcc401_3.jpg",FALSE,"bcc401","c401","150-161",150,161,"13,000","True Height (M'/M.S.L.)","13000","f 304 mm","304","","clear","sheet 3 of 3"
"bcc822__bcc822_1.jpg",FALSE,"bcc822","BC C822","1-65",1,65,"22500","M1/M.S.L.","22500","cfl 304.497 mm","304.497","1:15,000 (project line)","clear","1988 form; height in full feet"
"bcc822__bcc822_1.jpg",FALSE,"bcc822","BC C822","66-119",66,119,"23000","M1/M.S.L.","23000","cfl 304.497 mm","304.497","1:15,000 (project line)","clear",""
"bcc822__bcc822_1.jpg",FALSE,"bcc822","BC C822","120-130",120,130,"2300","M1/M.S.L.","","cfl 304.497 mm","304.497","1:15,000 (project line)","clear","written 2300 (four digits) where neighbours are five-digit full feet; possibly a dropped zero for 23000, not interpreted"
"bcc822__bcc822_1.jpg",FALSE,"bcc822","BC C822","131-191",131,191,"22500","M1/M.S.L.","22500","cfl 304.497 mm","304.497","1:15,000 (project line)","clear","22500 restated at final 175"
"bcc94147__bcc94147_1.jpg",FALSE,"bcc94147","bcc94147","1-37",1,37,"14,000","TRUE HEIGHT (no unit shown)","14000","CFL 304.032mm","304.032","SCALE: 1:10,000 (title)","clear","Different typed form (1994, North West Geomatics); strips 1 (1-19) and 2 (20-37); units not stated, read as feet"
"bcc94147__bcc94147_1.jpg",FALSE,"bcc94147","bcc94147","38-92",38,92,"13,000","TRUE HEIGHT (no unit shown)","13000","CFL 304.032mm","304.032","SCALE: 1:10,000 (title)","clear","Strips 3-5; field 9826 not required (reject)"
"bcc94147__bcc94147_2.jpg",FALSE,"bcc94147","bcc94147","93",93,93,"19,000","TRUE HEIGHT (no unit shown)","19000","CFL 304.032mm","304.032","SCALE: 1:52,000 (title)","clear","Horse Thief Creek Fire #2 spot shot; single frame"
"CONTROL_bc7350__bc7349_7350_1.jpg",TRUE,"bc7349","BC 7349","1-217",1,217,"20.0","M1/M.S.L.","20000","","","","clear","page is roll BC 7349 (sheet 1 of 2), not 7350; camera Zeiss 2/4, focal not written"
"CONTROL_bc78065__bc78065_1.jpg",TRUE,"bc78065","78065","1-37",1,37,"24.0","True Height (M'/M.S.L.)","24000","f 153 mm","153","","partial","sheet 1 of 3; Ramsay Creeks OP 136/78; camera 124223; final numbers heavily overwritten in red (read 1-37); remark: complete 6"" work"
"CONTROL_bc78065__bc78065_2.jpg",TRUE,"bc78065","78065","38-61",38,61,"1.35","True Height (M'/M.S.L.)","1350","f 153 mm","153","","partial","sheet 2 of 3; New Westminster OP 332/78; finals overwritten, read as about 38-50 and 51-61 (uncertain)"
"CONTROL_bc78065__bc78065_3.jpg",TRUE,"bc78065","78065","62-270",62,270,"13.0","True Height (M'/M.S.L.)","13000","f 153 mm","153","","partial","sheet 3 of 3; Princeton Area Rivers OP 212/78; finals overwritten in red, read as 62...270 (uncertain); 80% fwd overlap"
"CONTROL_bcc228__bcc228_1.jpg",TRUE,"bcc228","bcc228","1-166",1,166,"12.650","M'/M.S.L.","12650","f 305","305","","clear","Remark: ""Too much turbulence for this job at 7,650' with 6"" cone"""
"CONTROL_bcc228__bcc228_2.jpg",TRUE,"bcc228","bcc228","177-218",177,218,"14.0","M'/M.S.L.","14000","f 305","305","","clear","First final 177 (possibly overwritten 187)"
"bc78078__bc78078_6.jpg",FALSE,"bc78078","B.C. 78078","55-63",55,63,"3.1","True Height (M'/M.S.L.)","3100","f 153 mm","153","","clear","handwritten form; sheet 6 of 16; field roll NOV. 25; camera 21162; strip 1 dir 315; op 358/78, June 27/78"
"bc78078__bc78078_6.jpg",FALSE,"bc78078","B.C. 78078","64-76",64,76,"-","True Height (M'/M.S.L.)","3100","f 153 mm","153","","clear","height column is a ditto dash under 3.1; strip 2 dir 160; final 64 written in red slightly smudged ('CA'-like) but field 64 is clear"
"bc78078__bc78078_6.jpg",FALSE,"bc78078","B.C. 78078","77-91",77,91,"-","True Height (M'/M.S.L.)","3100","f 153 mm","153","","clear","height column is a ditto dash under 3.1; strip 3 dir 340"
"bc79027__bc79027_4.jpg",FALSE,"bc79027","B.C. 79 027","190-204",190,204,"6.5","True Height (M'/M.S.L.)","6500","f 153 mm","153","","clear","sheet 4 of 4 (both numbers overwritten from 3 in blue); field roll OSCAR 8; camera ZE 21162; strip 1 dir 360; field numbers partly cut off at page edge; page also notes 173-175 cleared and negs 152-162 destroyed (processor breakdown); 80% fwd overlap"
"bc79027__bc79027_4.jpg",FALSE,"bc79027","B.C. 79 027","205-214",205,214,"-","True Height (M'/M.S.L.)","6500","f 153 mm","153","","clear","height column is a ditto dash under 6.5; strip 2 dir 180"
"bc79103__bc79103_5.jpg",FALSE,"bc79103","B.C. 79/03","294-317",294,317,"7.2","True Height (M'/M.S.L.)","7200","f 153 mm","153","","partial","sheet 5 of 5; field roll OSCAR 43; roll written '79/03' (read as 79103); height 7.2 clear; end final read 317 (red) - 3rd digit could be 7 or 1 unlikely other; field end number crossed out and overwritten (appears 124, consistent with field 101 -> final 294 offset); strip 2 dir 005, off at Miller Creek; film ran to end, spliced onto OSCAR 42"
"bcb98013__bcb98013_1.jpg",FALSE,"bcb98013","15BCB99013","001-123",1,123,"24000","True Height","24000","CFL 152.861","153","1: 35000","clear","typed form, height in plain feet (no unit stated; 24000 m impossible); page says final roll 15BCB99013, flight B-010-E-99, date 1999-AUG-02 - differs from file prefix bcb98013 (98 vs 99); line 197 dir 090; sheet 1 of 1; camera RC20 5085"
"bcb98013__bcb98013_1.jpg",FALSE,"bcb98013","15BCB99013","124-194",124,194,"24000","True Height","24000","CFL 152.861","153","1: 35000","clear","line 198 dir 270; off at 194 (126 deg 15 min); same roll-number discrepancy as above"
"bcb98013__bcb98013_1.jpg",FALSE,"bcb98013","15BCB99013","195-236",195,236,"24000","True Height","24000","CFL 152.861","153","1: 35000","clear","line 198 dir 270 resumed at 195; end 236; same roll-number discrepancy as above"
"bcc00085__bcc00085_1.jpg",FALSE,"bcc00085","30BCC00085","001-021",1,21,"18500","True Height","18500","CFL 304.483","305","1: 15000","clear","typed form, height in plain feet; flight C-057-FS-00, 2000-SEP-23; camera RC 10 3539; line 12 dir 270; sheet 1 of 1"
"bcc00085__bcc00085_1.jpg",FALSE,"bcc00085","30BCC00085","022-045",22,45,"18000","True Height","18000","CFL 304.483","305","1: 15000","clear","line 11 dir 090"
"bcc00085__bcc00085_1.jpg",FALSE,"bcc00085","30BCC00085","046-068",46,68,"18000","True Height","18000","CFL 304.483","305","1: 15000","clear","line 10 dir 270"
"bcc00085__bcc00085_1.jpg",FALSE,"bcc00085","30BCC00085","069-089",69,89,"18000","True Height","18000","CFL 304.483","305","1: 15000","clear","line 9 dir 090"
"bcc00085__bcc00085_1.jpg",FALSE,"bcc00085","30BCC00085","090-111",90,111,"18500","True Height","18500","CFL 304.483","305","1: 15000","clear","line 8 dir 270"
"bcc00085__bcc00085_1.jpg",FALSE,"bcc00085","30BCC00085","112-135",112,135,"18500","True Height","18500","CFL 304.483","305","1: 15000","clear","line 7 dir 090"
"bcc00085__bcc00085_1.jpg",FALSE,"bcc00085","30BCC00085","136-159",136,159,"18500","True Height","18500","CFL 304.483","305","1: 15000","clear","line 6 dir 270"
"bcc00085__bcc00085_1.jpg",FALSE,"bcc00085","30BCC00085","160-182",160,182,"19000","True Height","19000","CFL 304.483","305","1: 15000","clear","line 5 dir 090"
"bcc00085__bcc00085_1.jpg",FALSE,"bcc00085","30BCC00085","183-202",183,202,"18500","True Height","18500","CFL 304.483","305","1: 15000","clear","line 4 dir 270"
"bcc00085__bcc00085_1.jpg",FALSE,"bcc00085","30BCC00085","203-218",203,218,"18500","True Height","18500","CFL 304.483","305","1: 15000","clear","line 3 dir 090"
"bcc00085__bcc00085_1.jpg",FALSE,"bcc00085","30BCC00085","219-229",219,229,"19000","True Height","19000","CFL 304.483","305","1: 15000","clear","line 2 dir 270"
"bcc00085__bcc00085_1.jpg",FALSE,"bcc00085","30BCC00085","230-236",230,236,"19000","True Height","19000","CFL 304.483","305","1: 15000","clear","line 1 dir 090"
