"file","film_roll","page_rolls","strip","frame_from","frame_to","direction_as_written","direction_deg","place_as_written","overlap_as_written","legibility","note"
"bc5715__bc5715_1.jpg","bc5715","Final B.C. 5715","— (ditto)",1,3,"— (ditto)",,"QUESNEL AIRPORT","","partial","Sheet 1 of 5; strip no. and dir are ditto marks (Inference, not written: strip 1, dir 325 as the line above). Field 7-9; final 1 appears overwritten."
"bc5715__bc5715_1.jpg","bc5715","Final B.C. 5715","— (ditto)",4,6,"355",355,"PRE-SELECTED CENTRES PRINCE GEORGE AIRPORT","","clear","Sheet 1 of 5; strip no. is a ditto mark. Field 10-12."
"bc5715__bc5715_1.jpg","bc5715","Final B.C. 5715","1",,,"320",320,"PRE-SELECTED CENTRES (WILLIAMS LAKE)","","partial","Sheet 1 of 5; 6 June/76; place from line instructions; project title OP 270/76 - TRANSPORT CANADA. Margin bracket 'DO NOT USE'. Field 1-3; red marks in final column not readable as finals."
"bc5715__bc5715_1.jpg","bc5715","Final B.C. 5715","1",,,"325",325,"PRE-SELECTED CENTRES (QUESNEL AIRPORT)","","partial","Sheet 1 of 5; '(DO NOT USE)' written on line. Field 4-6; red finals 1 and 3 struck through."
"bc5715__bc5715_2.jpg","bc5715","Final B.C. 5715","1",7,16,"295",295,"OP 15","","clear","Sheet 2 of 5; 27 June/76; place from instructions bracket (OP 15); page project 'English Bay OP15 Howe Sound OP14'. Field 1-10; drift 1S; stop 5.6 then 6.8."
"bc5715__bc5715_2.jpg","bc5715","Final B.C. 5715","2",17,22,"260",260,"OP 15","","clear","Sheet 2 of 5; 27 June/76; place from instructions bracket (OP 15); page project 'English Bay OP15 Howe Sound OP14'. Field 11-16; drift 1.5S overwritten/3S."
"bc5715__bc5715_2.jpg","bc5715","Final B.C. 5715","1",23,29,"340",340,"OP 14","","clear","Sheet 2 of 5; 27 June/76; place from instructions bracket (OP 14); page project 'English Bay OP15 Howe Sound OP14'. Field 17-23; drift 1S."
"bc5715__bc5715_2.jpg","bc5715","Final B.C. 5715","2",30,39,"030",30,"OP 14","","clear","Sheet 2 of 5; 27 June/76; place from instructions bracket (OP 14); page project 'English Bay OP15 Howe Sound OP14'. Field 24-33; drift 1P; stop 5.6 at END."
"bc5715__bc5715_2.jpg","bc5715","Final B.C. 5715","3",40,53,"350",350,"OP 14","","clear","Sheet 2 of 5; 27 June/76; place from instructions bracket (OP 14); page project 'English Bay OP15 Howe Sound OP14'. Field 34-47; drift 2S/3S."
"bc5715__bc5715_2.jpg","bc5715","Final B.C. 5715","4",54,69,"020",20,"OP 14","","clear","Sheet 2 of 5; 27 June/76; place from instructions bracket (OP 14); page project 'English Bay OP15 Howe Sound OP14'. Field 48-63; drift 1P/2P."
"bc5715__bc5715_2.jpg","bc5715","Final B.C. 5715","5",70,76,"340",340,"OP 14","","clear","Sheet 2 of 5; 27 June/76; place from instructions bracket (OP 14); page project 'English Bay OP15 Howe Sound OP14'. Field 64-70; drift 2S."
"bc5715__bc5715_2.jpg","bc5715","Final B.C. 5715","6",77,81,"080",80,"OP 14","","clear","Sheet 2 of 5; 27 June/76; place from instructions bracket (OP 14); page project 'English Bay OP15 Howe Sound OP14'. Field 71-75; drift 1.5P."
"bc5715__bc5715_3.jpg","bc5715","Final B.C. (blank; sheet 3 of roll DELTA #12)","1",82,84,"205",205,"HORSESHOE BAY OP 212/76","","clear","Sheet 3 of 5; place from page Project title; instructions 'PRE SELECTED PHOTO CENTERS'."
"bc5715__bc5715_4.jpg","bc5715","Final B.C. (blank; sheet 4 of roll DELTA #12)","1",85,87,"090",90,"VANCOUVER HEALTH LAB OP 152/76","","clear","Sheet 4 of 5; place from page Project title."
"bc5715__bc5715_5.jpg","bc5715","Final B.C. (blank; sheet 5 of roll DELTA #12)","1",88,93,"180 (written above struck 360)",180,"HANEY CORRECTIONAL INST. OP 16/76","","partial","Sheet 5 of 5; place from page Project title; final 88 overwritten."
"bc5715__bc5715_5.jpg","bc5715","Final B.C. (blank; sheet 5 of roll DELTA #12)","2",94,99,"360",0,"HANEY CORRECTIONAL INST. OP 16/76","","clear","Sheet 5 of 5; place from page Project title. Field 94-104 END OF ROLL."
"bc77026__bc77026_2.jpg","bc77026","Field NOV 11 / Final B.C. 77-26","2",113,119,"045",45,"KLESILKWA CR 198/77 & 199/77","","clear","Sheet 2 of 3; Jun 18/77; place from Instructions column bracket spanning strips 2 and 1; project title KLAESILKWA CREEK, Op. 198/77"
"bc77026__bc77026_2.jpg","bc77026","Field NOV 11 / Final B.C. 77-26","1",120,131,"180",180,"KLESILKWA CR 198/77 & 199/77","","clear","Sheet 2 of 3; Jun 18/77; place from Instructions column bracket spanning strips 2 and 1"
"bc77026__bc77026_2.jpg","bc77026","Field NOV 11 / Final B.C. 77-26","1",132,139,"280",280,"PEERS CR. 191/77","","clear","Sheet 2 of 3; Jun 18/77; second strip numbered 1 on this page; place from Instructions column"
"bc77026__bc77026_3.jpg","bc77026","Field NOV #11 / Final B.C. 77-26","3",140,174,"270 (last digit overwritten)",270,"Pemberton Area","[FOR]WARD OVERLAP SEEMS EXCESSIVE (75.9%) (Remarks)","partial","Sheet 3 of 3; June 18/77; place from page Project title; direction last digit retraced/overwritten"
"bc77026__bc77026_3.jpg","bc77026","Field NOV #11 / Final B.C. 77-26","1",175,218,"270 written over 090, both struck through",,"Pemberton Area","[FOR]WARD OVERLAP SEEMS EXCESSIVE (75.9%) (Remarks)","partial","Sheet 3 of 3; direction entries 270 and 090 overlap and are struck out; which is final cannot be established; place from page Project title"
"bc77026__bc77026_3.jpg","bc77026","Field NOV #11 / Final B.C. 77-26","2",219,258,"090 (first digit overwritten)",90,"Pemberton Area","[FOR]WARD OVERLAP SEEMS EXCESSIVE (75.9%) (Remarks)","partial","Sheet 3 of 3; no END line, frame_to from last line (field 146) whose final last digit is overwritten; direction first digit overwritten, reads 090; place from page Project title"
"bc77070__bc77070_1.jpg","bc77070","B.C. 77-70 (field roll Delta 18)","3",1,8,"180",180,"Chilako River","","clear","Sheet 1 of 4, 12/8/77. Place from page Project title."
"bc77070__bc77070_2.jpg","bc77070","B.C. 77-70 (field roll Delta 18)","1",9,21,"330",330,"Stuart River - Fort St James #1","","clear","Sheet 2 of 4, 12/8/77. Place from page Project title."
"bc77070__bc77070_2.jpg","bc77070","B.C. 77-70 (field roll Delta 18)","2",22,37,"150",150,"Stuart River - Fort St James #1","","clear","Re-run of strip 2 after the 'Do Not Use' run. Place from page Project title."
"bc77070__bc77070_2.jpg","bc77070","B.C. 77-70 (field roll Delta 18)","3",38,57,"330",330,"Stuart River - Fort St James #1","","clear","Place from page Project title."
"bc77070__bc77070_2.jpg","bc77070","B.C. 77-70 (field roll Delta 18)","4",58,78,"150",150,"Stuart River - Fort St James #1","","clear","Place from page Project title."
"bc77070__bc77070_2.jpg","bc77070","B.C. 77-70 (field roll Delta 18)","5",79,100,"330",330,"Stuart River - Fort St James #1","","partial","Start final overwritten (earlier figure struck, 79 written). Place from page Project title."
"bc77070__bc77070_2.jpg","bc77070","B.C. 77-70 (field roll Delta 18)","6",101,110,"150",150,"Stuart River - Fort St James #1","","clear","Place from page Project title."
"bc77070__bc77070_2.jpg","bc77070","B.C. 77-70 (field roll Delta 18)","7",111,122,"330",330,"Stuart River - Fort St James #1","","clear","Place from page Project title."
"bc77070__bc77070_2.jpg","bc77070","B.C. 77-70 (field roll Delta 18)","8",123,129,"150",150,"Stuart River - Fort St James #1","","clear","Place from page Project title."
"bc77070__bc77070_2.jpg","bc77070","B.C. 77-70 (field roll Delta 18)","9",130,140,"330",330,"Stuart River - Fort St James #1","","clear","Place from page Project title."
"bc77070__bc77070_2.jpg","bc77070","B.C. 77-70 (field roll Delta 18)","8",141,148,"150",150,"Stuart River - Fort St James #1","","clear","Written 'ST REFLY' - reflight of strip 8. Place from page Project title. Field 153-162 'hold for future interest'."
"bc77070__bc77070_2.jpg","bc77070","B.C. 77-70 (field roll Delta 18)","2",,,"150",150,"Stuart River - Fort St James #1","","clear","Field 21-25, no finals (slash); bracketed 'Do Not Use'. Place from page Project title."
"bc77070__bc77070_3.jpg","bc77070","B.C. 77-70 (field roll Delta 18)","4",149,170,"135",135,"Lamming Mills - McBride","","partial","Sheet 3 of 4, 13/8/77. Strip No. column: '135' struck on the ST line, '4' written on the END line. Place from page Project title (replacing struck 'Swan Lake - Grinrod'). Remark: refly may be required, flown under cloudy conditions."
"bc77070__bc77070_3.jpg","bc77070","B.C. 77-70 (field roll Delta 18)","3",171,186,"315",315,"Lamming Mills - McBride","","clear","Place from page Project title."
"bc77070__bc77070_3.jpg","bc77070","B.C. 77-70 (field roll Delta 18)","2",187,203,"135",135,"Lamming Mills - McBride","","clear","Place from page Project title."
"bc77070__bc77070_3.jpg","bc77070","B.C. 77-70 (field roll Delta 18)","1",204,208,"315",315,"Lamming Mills - McBride","","clear","Place from page Project title."
"bc77070__bc77070_4.jpg","bc77070","B.C. 77-70 (field roll Delta 18)","1",209,218,"350",350,"Swan Lake Grinrod","","clear","Sheet 4 of 4, 13/8/77. Place from page Project title."
"bc77070__bc77070_4.jpg","bc77070","B.C. 77-70 (field roll Delta 18)","2",219,236,"030",30,"Swan Lake Grinrod","","clear","Place from page Project title."
"bc77070__bc77070_4.jpg","bc77070","B.C. 77-70 (field roll Delta 18)","3",237,245,"035",35,"Swan Lake Grinrod","","clear","Place from page Project title."
"bc77070__bc77070_4.jpg","bc77070","B.C. 77-70 (field roll Delta 18)","4",246,253,"360",0,"Swan Lake Grinrod","","clear","Place from page Project title."
"bc77070__bc77070_4.jpg","bc77070","B.C. 77-70 (field roll Delta 18)","5",254,264,"060",60,"Swan Lake Grinrod","","clear","Place from page Project title."
"bc77070__bc77070_4.jpg","bc77070","B.C. 77-70 (field roll Delta 18)","6",265,272,"025",25,"Swan Lake Grinrod","Only 40% overlap between #271-#272 (page Remarks)","clear","Place from page Project title."
"bc77072__bc77072_1.jpg","bc77072","Field DELTA 15 / Final B.C. 77-72","3",1,10,"135",135,"OYSTER RIVER","","clear","Sheet 1 of 5; 9 Aug/77; place from page Project title"
"bc77072__bc77072_1.jpg","bc77072","Field DELTA 15 / Final B.C. 77-72","2",11,18,"315",315,"OYSTER RIVER","","clear","Sheet 1 of 5; place from page Project title"
"bc77072__bc77072_1.jpg","bc77072","Field DELTA 15 / Final B.C. 77-72","1",19,23,"135",135,"OYSTER RIVER","","clear","Sheet 1 of 5; place from page Project title"
"bc77072__bc77072_2.jpg","bc77072","Field DELTA 15 / Final B.C. 77-72","5",24,40,"180",180,"PUNTLEDGE RIVER","","clear","Sheet 2 of 5; RESTART; place from page Project title"
"bc77072__bc77072_2.jpg","bc77072","Field DELTA 15 / Final B.C. 77-72","6",41,61,"360",360,"PUNTLEDGE RIVER","","clear","Sheet 2 of 5; place from page Project title"
"bc77072__bc77072_2.jpg","bc77072","Field DELTA 15 / Final B.C. 77-72","7",62,80,"360",360,"PUNTLEDGE RIVER","","clear","Sheet 2 of 5; place from page Project title"
"bc77072__bc77072_2.jpg","bc77072","Field DELTA 15 / Final B.C. 77-72","5",,,"360",360,"PUNTLEDGE RIVER","","clear","Sheet 2 of 5; Aug 9/77; DO NOT USE (field 23-33, no finals assigned); place from page Project title"
"bc77072__bc77072_2.jpg","bc77072","Field DELTA 15 / Final B.C. 77-72","7",,,"180",180,"PUNTLEDGE RIVER; OFF AT ASH RIVER","","clear","Sheet 2 of 5; Do not use (field 72-90, no finals assigned); 'OFF AT ASH RIVER' from the line; project title from page"
"bc77072__bc77072_3.jpg","bc77072","Field DELTA 15 / Final B.C. 77-72","1",81,93,"310 (digits retraced)",310,"EDITH LAKE","","partial","Sheet 3 of 5; 11/8/77; direction digits heavily retraced but read 310; place from page Project title"
"bc77072__bc77072_3.jpg","bc77072","Field DELTA 15 / Final B.C. 77-72","2",94,104,"130",130,"EDITH LAKE","","clear","Sheet 3 of 5; place from page Project title"
"bc77072__bc77072_4.jpg","bc77072","Field DELTA 15 / Final B.C. 77-72","1",105,112,"200",200,"SPENCES BRIDGE/SAVONA","","clear","Sheet 4 of 5; 11/8/77; place from page Project title"
"bc77072__bc77072_4.jpg","bc77072","Field DELTA 15 / Final B.C. 77-72","2",113,120,"260",260,"SPENCES BRIDGE/SAVONA","","clear","Sheet 4 of 5; 11/8/77; place from page Project title"
"bc77072__bc77072_4.jpg","bc77072","Field DELTA 15 / Final B.C. 77-72","3",121,131,"300",300,"SPENCES BRIDGE/SAVONA","","clear","Sheet 4 of 5; 11/8/77; place from page Project title"
"bc77072__bc77072_4.jpg","bc77072","Field DELTA 15 / Final B.C. 77-72","4",132,141,"260",260,"SPENCES BRIDGE/SAVONA","","clear","Sheet 4 of 5; 11/8/77; place from page Project title"
"bc77072__bc77072_4.jpg","bc77072","Field DELTA 15 / Final B.C. 77-72","5",142,159,"300",300,"SPENCES BRIDGE/SAVONA","","clear","Sheet 4 of 5; 11/8/77; place from page Project title"
"bc77072__bc77072_4.jpg","bc77072","Field DELTA 15 / Final B.C. 77-72","6",160,170,"170",170,"SPENCES BRIDGE/SAVONA","","clear","Sheet 4 of 5; 11/8/77; place from page Project title"
"bc77072__bc77072_4.jpg","bc77072","Field DELTA 15 / Final B.C. 77-72","7",171,183,"200",200,"SPENCES BRIDGE/SAVONA","","partial","Sheet 4 of 5; 11/8/77; middle digit retraced, reads 200; place from page Project title"
"bc77072__bc77072_4.jpg","bc77072","Field DELTA 15 / Final B.C. 77-72","8",184,203,"160",160,"SPENCES BRIDGE/SAVONA","","clear","Sheet 4 of 5; 11/8/77; place from page Project title"
"bc77072__bc77072_4.jpg","bc77072","Field DELTA 15 / Final B.C. 77-72","9",204,217,"200",200,"SPENCES BRIDGE/SAVONA","","clear","Sheet 4 of 5; 11/8/77; place from page Project title"
"bc77072__bc77072_4.jpg","bc77072","Field DELTA 15 / Final B.C. 77-72","10",218,223,"250",250,"SPENCES BRIDGE/SAVONA","","clear","Sheet 4 of 5; 11/8/77; place from page Project title"
"bc77087__bc77087_1.jpg","bc77087","Field DELTA 19 / Final B.C. 77-87","6",1,4,"060",60,"SWAN LAKE GRINROD","","clear","Sheet 1 of 5; 13/8/77; REFLY; place from page Project title"
"bc77087__bc77087_1.jpg","bc77087","Field DELTA 19 / Final B.C. 77-87","7",5,26,"360",360,"SWAN LAKE GRINROD","","clear","Sheet 1 of 5; 13/8/77; place from page Project title"
"bc77087__bc77087_1.jpg","bc77087","Field DELTA 19 / Final B.C. 77-87","8",27,36,"345",345,"SWAN LAKE GRINROD","","clear","Sheet 1 of 5; 13/8/77; place from page Project title"
"bc77087__bc77087_1.jpg","bc77087","Field DELTA 19 / Final B.C. 77-87","9",37,45,"205",205,"SWAN LAKE GRINROD","","clear","Sheet 1 of 5; 13/8/77; place from page Project title"
"bc77087__bc77087_1.jpg","bc77087","Field DELTA 19 / Final B.C. 77-87","2",46,60,"210",210,"SWAN LAKE GRINROD","","clear","Sheet 1 of 5; 13/8/77; REFLY; place from page Project title"
"bc77087__bc77087_2.jpg","bc77087","Field DELTA 19 / Final B.C. 77-87","",61,63,"",,"HELLS GATE","","clear","Sheet 2 of 5; 13/8/7[7]; no strip number or direction written; Instructions: PRE SELECTED PHOTO CENTRES; place from page Project title"
"bc77087__bc77087_2.jpg","bc77087","Field DELTA 19 / Final B.C. 77-87","",64,66,"",,"HELLS GATE","","clear","Sheet 2 of 5; no strip number or direction written; Instructions: PRE SELECTED PHOTO CENTRES; place from page Project title"
"bc77087__bc77087_3.jpg","bc77087","Field DELTA 19 / Final B.C. 77-87","1",67,78,"355",355,"Coquihalla Highway Hope-Merritt","","clear","Sheet 3 of 5; Aug 14/77; place from page Project title"
"bc77087__bc77087_3.jpg","bc77087","Field DELTA 19 / Final B.C. 77-87","2",79,89,"030",30,"Coquihalla Highway Hope-Merritt","","clear","Sheet 3 of 5; Aug 14/77; place from page Project title"
"bc77087__bc77087_3.jpg","bc77087","Field DELTA 19 / Final B.C. 77-87","3",90,103,"345",345,"Coquihalla Highway Hope-Merritt","","partial","Sheet 3 of 5; Aug 14/77; start final second digit overwritten, reads 90; place from page Project title"
"bc77087__bc77087_3.jpg","bc77087","Field DELTA 19 / Final B.C. 77-87","4",104,114,"035",35,"Coquihalla Highway Hope-Merritt","","clear","Sheet 3 of 5; Aug 14/77; place from page Project title"
"bc77087__bc77087_3.jpg","bc77087","Field DELTA 19 / Final B.C. 77-87","5",115,124,"050 (middle digit overwritten)",50,"Coquihalla Highway Hope-Merritt","","partial","Sheet 3 of 5; Aug 14/77; direction middle digit overwritten, reads 050; place from page Project title"
"bc77087__bc77087_3.jpg","bc77087","Field DELTA 19 / Final B.C. 77-87","4",,,"175 (struck out)",,"Coquihalla Highway Hope-Merritt","","clear","Sheet 3 of 5; struck-out entry '4 175' below the last line, no finals; matches strip 4 dir 175 on sheet 4 (Allison Creek) - Inference, not written: carried over / entered on wrong page"
"bc77087__bc77087_4.jpg","bc77087","Field DELTA 19 / Final B.C. 77-87","4",125,136,"175",175,"Allison Creek","","clear","Sheet 4 of 5; 14 Aug/77; place from page Project title"
"bc77087__bc77087_4.jpg","bc77087","Field DELTA 19 / Final B.C. 77-87","1",137,173,"155",155,"Allison Creek","","clear","Sheet 4 of 5; 'END' struck out and replaced by 'ST' on start line; place from page Project title"
"bc77087__bc77087_5.jpg","bc77087","Field DELTA 19 / Final B.C. 77-87","4",174,191,"090",90,"Bessette Creek","","clear","Sheet 5 of 5; Aug 15/77; place from page Project title"
"bc77087__bc77087_5.jpg","bc77087","Field DELTA 19 / Final B.C. 77-87","3",192,214,"270",270,"Bessette Creek","","clear","Sheet 5 of 5; Aug 15/77; place from page Project title"
"bc77087__bc77087_5.jpg","bc77087","Field DELTA 19 / Final B.C. 77-87","2",215,248,"090",90,"Bessette Creek","","clear","Sheet 5 of 5; Aug 15/77; place from page Project title"
"bc77087__bc77087_5.jpg","bc77087","Field DELTA 19 / Final B.C. 77-87","1",249,277,"270",270,"Bessette Creek","","clear","Sheet 5 of 5; Aug 15/77; place from page Project title"
"bc7718__bc7717_7718_4.jpg","bc7718","FINAL B.C. 7718 (upper FINAL B.C. row of the box cut off at top of scan)","5",70,84,"105",105,"Sproat Lake LD Inspec. OP 41/75","","clear","Sheet 4 of 6, 17/June/75. Place from page Project title (preceded by a struck name, possibly 'Great Central')."
"bc7718__bc7717_7718_4.jpg","bc7718","FINAL B.C. 7718 (upper FINAL B.C. row of the box cut off at top of scan)","6",85,99,"285",285,"Sproat Lake LD Inspec. OP 41/75","","clear","Place from page Project title (preceded by a struck name, possibly 'Great Central')."
"bc7718__bc7717_7718_4.jpg","bc7718","FINAL B.C. 7718 (upper FINAL B.C. row of the box cut off at top of scan)","4",100,112,"060",60,"Sproat Lake LD Inspec. OP 41/75","","clear","Place from page Project title (preceded by a struck name, possibly 'Great Central')."
"bc7718__bc7717_7718_4.jpg","bc7718","FINAL B.C. 7718 (upper FINAL B.C. row of the box cut off at top of scan)","3",113,125,"230",230,"Sproat Lake LD Inspec. OP 41/75","","clear","Place from page Project title (preceded by a struck name, possibly 'Great Central')."
"bc7718__bc7717_7718_4.jpg","bc7718","FINAL B.C. 7718 (upper FINAL B.C. row of the box cut off at top of scan)","2",126,146,"105",105,"Sproat Lake LD Inspec. OP 41/75","","clear","Place from page Project title (preceded by a struck name, possibly 'Great Central')."
"bc7718__bc7717_7718_4.jpg","bc7718","FINAL B.C. 7718 (upper FINAL B.C. row of the box cut off at top of scan)","1",147,168,"285",285,"Sproat Lake LD Inspec. OP 41/75","","clear","Place from page Project title (preceded by a struck name, possibly 'Great Central')."
"bc7718__bc7717_7718_5.jpg","bc7718","FINAL B.C. 7718 (upper FINAL B.C. row of the box cut off at top of scan)","2",1,21,"000",0,"Tahsis - Zeballos - Muchalat LD Insp. OP 42/75","","clear","Date 17/June/75. No bracket on these lines; place from page Project title."
"bc7718__bc7717_7718_5.jpg","bc7718","FINAL B.C. 7718 (upper FINAL B.C. row of the box cut off at top of scan)","1",22,30,"180",180,"ZEBELLAS","","clear","Place from bracket note on the line (spelled ZEBELLAS)."
"bc7718__bc7717_7718_5.jpg","bc7718","FINAL B.C. 7718 (upper FINAL B.C. row of the box cut off at top of scan)","2",31,45,"180 (first digit overwritten; reads like 480)",,"ZEBELLAS","","partial","Place from the same bracket as strip 1 (bracket spans finals 22-45). Height changes to 5.0 on this strip."
"bc7718__bc7717_7718_5.jpg","bc7718","FINAL B.C. 7718 (upper FINAL B.C. row of the box cut off at top of scan)","4",46,69,"180",180,"TAHSIS","","clear","Place from bracket note on the line: 'TAHSIS 3 of 3'."
"bc7718__bc7717_7718_6.jpg","bc7718","FINAL B.C. 7718 (upper FINAL B.C. row of the box cut off at top of scan)","1",169,180,"345",345,"Sandspit - Masset LD Inspection Div. OP 39/75","","clear","Sheet 6 of 6, 18/June/75. Place from page Project title."
"bc7718__bc7717_7718_6.jpg","bc7718","FINAL B.C. 7718 (upper FINAL B.C. row of the box cut off at top of scan)","2",181,192,"270",270,"Sandspit - Masset LD Inspection Div. OP 39/75","","clear","Place from page Project title."
"bc7718__bc7717_7718_6.jpg","bc7718","FINAL B.C. 7718 (upper FINAL B.C. row of the box cut off at top of scan)","3",193,212,"025",25,"Sandspit - Masset LD Inspection Div. OP 39/75","","partial","Strip number overwritten (4 and 3 superimposed; reads 3). Place from page Project title."
"bc7718__bc7717_7718_6.jpg","bc7718","FINAL B.C. 7718 (upper FINAL B.C. row of the box cut off at top of scan)","4",213,240,"000",0,"Sandspit - Masset LD Inspection Div. OP 39/75","","clear","Place from page Project title."
"bc7718__bc7717_7718_6.jpg","bc7718","FINAL B.C. 7718 (upper FINAL B.C. row of the box cut off at top of scan)","5",241,272,"180",180,"Sandspit - Masset LD Inspection Div. OP 39/75","","clear","Place from page Project title."
"bc80117__bc80117_1.jpg","bc80117","B.C. 80-117","3",1,23,"225",225,"NICOLA LAKE","","clear","Sheet 1 of 7; Aug 22/80; place from page Project title (Op. 30/80)."
"bc80117__bc80117_1.jpg","bc80117","B.C. 80-117","4",24,31,"050",50,"NICOLA LAKE","","clear","Sheet 1 of 7; place from page Project title."
"bc80117__bc80117_2.jpg","bc80117","B.C. 80-117","1",32,39,"060",60,"YALE BLUFF","80% FOREWARD O.L.","clear","Sheet 2 of 7; place from page Project title (Op. 334/80)."
"bc80117__bc80117_2.jpg","bc80117","B.C. 80-117","— (ditto)",40,50,"— (ditto)",,"YALE BLUFF","80% FOREWARD O.L.","clear","Sheet 2 of 7; strip no. and dir are ditto marks (Inference, not written: strip 1 dir 060 repeated)."
"bc80117__bc80117_3.jpg","bc80117","B.C. 80-117","2",51,67,"360",0,"MURRAY LAKE","","clear","Sheet 3 of 7; place from page Project title (Op. 35/80)."
"bc80117__bc80117_3.jpg","bc80117","B.C. 80-117","1",68,84,"180",180,"MURRAY LAKE","","clear","Sheet 3 of 7; place from page Project title."
"bc80117__bc80117_4.jpg","bc80117","B.C. 80-117","1",,,"— (blank/dash)",,"TUNKWA-LEIGHTON LAKES","","clear","Sheet 4 of 7; 25 Aug/80; place from page Project title (Op. 33/80). 'DO NOT USE'; no finals (red-struck dashes); end marked ""OFF"". No direction written - row kept as a struck strip."
"bc80117__bc80117_5.jpg","bc80117","B.C. 80-117","3",85,98,"290",290,"MANNING PARK","","clear","Sheet 5 of 7; place from page Project title (Op. 173/80)."
"bc80117__bc80117_6.jpg","bc80117","B.C. 80-117","2",99,116,"040",40,"DOUGLAS LK.","","clear","Sheet 6 of 7; place from page Project title (Op. 31/80)."
"bc80117__bc80117_6.jpg","bc80117","B.C. 80-117","",117,135,"220",220,"DOUGLAS LK.","","partial","Sheet 6 of 7; strip number overwritten in heavy ink and not readable with confidence."
"bc80117__bc80117_6.jpg","bc80117","B.C. 80-117","3",136,148,"040",40,"DOUGLAS LK.","","clear","Sheet 6 of 7; place from page Project title."
"bc80117__bc80117_7.jpg","bc80117","B.C. 80-117","4",149,163,"180",180,"CHAPPERON LK. OP 32/80","","clear","Sheet 7 of 7; place from instructions bracket. "
"bc80117__bc80117_7.jpg","bc80117","B.C. 80-117","3",164,180,"000",0,"CHAPPERON LK. OP 32/80","","clear","Sheet 7 of 7; place from instructions bracket. "
"bc80117__bc80117_7.jpg","bc80117","B.C. 80-117","2",181,200,"180",180,"CHAPPERON LK. OP 32/80","","clear","Sheet 7 of 7; place from instructions bracket. "
"bc80117__bc80117_7.jpg","bc80117","B.C. 80-117","1",201,218,"000",0,"CHAPPERON LK. OP 32/80","","clear","Sheet 7 of 7; place from instructions bracket. "
"bc80117__bc80117_7.jpg","bc80117","B.C. 80-117","1",219,228,"090",90,"SUKER LK. OP. 29-80","","partial","Sheet 7 of 7; place from instructions bracket. Dir middle digit written heavily/overwritten, reads 090. "
"bc80117__bc80117_7.jpg","bc80117","B.C. 80-117","2",229,240,"335",335,"SUKER LK. OP. 29-80","","partial","Sheet 7 of 7; place from instructions bracket. Final 240 overwritten (reads 240). "
"bcc325__bcc325_1.jpg","bcc325","B.C. C325 (field roll FF 82-85 / FF 8285)","3",1,11,"NE",45,"Lyell Island OP 293/82 Sedgwick Bay - Fuller Pt.","","clear","Sheet 1 of 5, 27 Aug 1982. Place from bracket note beside the lines."
"bcc325__bcc325_1.jpg","bcc325","B.C. C325 (field roll FF 82-85 / FF 8285)","4",12,17,"SW (S written like an 8)",225,"Lyell Island OP 293/82 Sedgwick Bay - Fuller Pt.","","partial","Place from bracket note beside the lines."
"bcc325__bcc325_1.jpg","bcc325","B.C. C325 (field roll FF 82-85 / FF 8285)","1",18,25,"SE",135,"Moresby Island OP 294/82 Marshall Inlet","","clear","Place from bracket note."
"bcc325__bcc325_1.jpg","bcc325","B.C. C325 (field roll FF 82-85 / FF 8285)","2",26,33,"NW",315,"Moresby Island OP 294/82 Marshall Inlet","","clear","Place from bracket note."
"bcc325__bcc325_1.jpg","bcc325","B.C. C325 (field roll FF 82-85 / FF 8285)","1",34,42,"NW",315,"Burnaby Island OP 295/82","","clear","Place from bracket note."
"bcc325__bcc325_1.jpg","bcc325","B.C. C325 (field roll FF 82-85 / FF 8285)","2",43,51,"SE",135,"Burnaby Island OP 295/82","","clear","Place from bracket note."
"bcc325__bcc325_1.jpg","bcc325","B.C. C325 (field roll FF 82-85 / FF 8285)","2",52,55,"010",10,"Talunkwan Island OP 296/82","","clear","Place from bracket note."
"bcc325__bcc325_1.jpg","bcc325","B.C. C325 (field roll FF 82-85 / FF 8285)","1",56,60,"090",90,"Talunkwan Island OP 296/82","","clear","Place from bracket note."
"bcc325__bcc325_1.jpg","bcc325","B.C. C325 (field roll FF 82-85 / FF 8285)","1",61,65,"E",90,"Macmillan Creek : Moresby Isl (OP 297/82)","","clear","Place from bracket note; OP 297/82 from an outer bracket spanning this strip and the next."
"bcc325__bcc325_1.jpg","bcc325","B.C. C325 (field roll FF 82-85 / FF 8285)","1",66,72,"SE",135,"? Creek (2 mi North of South Bay) Moresby Island (OP 297/82)","","clear","Place from bracket note. 'Tilt on exposure #72'."
"bcc325__bcc325_2.jpg","bcc325","B.C. C325 (field roll FF 82-85 / FF 8285)","1",73,78,"SE",135,"Stripe Mtn. - Skidegate Channel Graham Island OPC 298/82","","clear","Sheet 2 of 5, 27 August 1982. Place from bracket note."
"bcc325__bcc325_2.jpg","bcc325","B.C. C325 (field roll FF 82-85 / FF 8285)","2",79,82,"NW",315,"Stripe Mtn. - Skidegate Channel Graham Island OPC 298/82","","clear","Place from bracket note."
"bcc325__bcc325_2.jpg","bcc325","B.C. C325 (field roll FF 82-85 / FF 8285)","7",83,87,"NW",315,"Charlotte Ranges Moresby Island OPC 299/82","","clear","Place from bracket note."
"bcc325__bcc325_3.jpg","bcc325","B.C. C325 (field roll FF 82-85 / FF 8285)","1",88,95,"010",10,"Bonanza Creek (Graham Island) OPC 300/82","","clear","Sheet 3 of 5, Aug. 29 1982. Place from bracket note."
"bcc325__bcc325_3.jpg","bcc325","B.C. C325 (field roll FF 82-85 / FF 8285)","4",96,111,"045",45,"(Moresby Isl.) Sachs Ck 301/82","","clear","Place from bracket note; 'South Bay to Shingle Bay' struck through."
"bcc325__bcc325_3.jpg","bcc325","B.C. C325 (field roll FF 82-85 / FF 8285)","4",112,116,"010",10,"Talunkwan Island 296/82","","clear","Place from bracket note."
"bcc325__bcc325_3.jpg","bcc325","B.C. C325 (field roll FF 82-85 / FF 8285)","3",117,120,"175",175,"Talunkwan Island 296/82","","clear","Place from bracket note."
"bcc325__bcc325_4.jpg","bcc325","B.C. C325 (field roll FF 82-85 / FF 8285)","1",121,128,"030",30,"Lyell Island Sedgwick Bay - Fuller Pt. OP 293/82","","clear","Sheet 4 of 5, Sept. 2 1982. Place from bracket note."
"bcc325__bcc325_4.jpg","bcc325","B.C. C325 (field roll FF 82-85 / FF 8285)","2",129,137,"030",30,"Lyell Island Sedgwick Bay - Fuller Pt. OP 293/82","","clear","Place from bracket note."
"bcc325__bcc325_4.jpg","bcc325","B.C. C325 (field roll FF 82-85 / FF 8285)","2",138,147,"220",220,"Sachs Creek Moresby Isl. OP 301/82","","clear","Place from bracket note; 'South Bay' struck through."
"bcc325__bcc325_4.jpg","bcc325","B.C. C325 (field roll FF 82-85 / FF 8285)","1",148,155,"220",220,"Sachs Creek Moresby Isl. OP 301/82","","clear","Place from bracket note."
"bcc325__bcc325_5.jpg","bcc325","B.C. C325 (field roll FF 82-85 / FF 8285)","2",156,165,"210",210,"Pallant Creek - Mt Moresby (Moresby Island) OP 302/82","","clear","Sheet 5 of 5, date 2 or 3 Sept 1982 (overwritten). Place from bracket note."
"bcc325__bcc325_5.jpg","bcc325","B.C. C325 (field roll FF 82-85 / FF 8285)","1",166,171,"030",30,"Pallant Creek - Mt Moresby (Moresby Island) OP 302/82","","clear","Place from bracket note."
"bcc325__bcc325_5.jpg","bcc325","B.C. C325 (field roll FF 82-85 / FF 8285)","3",172,179,"210",210,"Pallant Creek - Mt Moresby (Moresby Island) OP 302/82","","clear","Place from bracket note."
