"file","film_roll","sheet","camera_as_written","focal_as_written","format_as_written","film_type_as_written","camera_format","legibility","note","same_camera_bw_colour"
"bc5312__bc5312_1.jpg","bc5312","1 of 2","R.C. 8; camera no. 502","6""","9"" x 9""","INFRARED AREOGRAPHIC","23cm","clear","typed form; Highland Valley OP 27; 1968",""
"bc5312__bc5312_2.jpg","bc5312","2 of 2","R.C. 8; camera no. 502","6""","9"" x 9""","INFRARED AREOGRAPHIC","23cm","clear","typed form; Forest Burn OP 28; 1968",""
"bc5367__bc5367_1.jpg","bc5367","1 of 1","R.C. 8; camera no. 502","6""","9"" X 9""","BLACK & WHITE INFRARED","23cm","clear","typed form; Port Renfrew OP 14; 1969",""
"bcc23__bcc23_1.jpg","bcc23","1 of 3","ZEISS; camera no. ZE. 2","12""","9 x 9","EKTACHROME - INFRARED","23cm","clear","typed form; Barclay Sound OP 97; 55% forward overlap written",""
"bcc23__bcc23_2.jpg","bcc23","2 of 3","ZEISS; camera no. ZE. 2","12""","9 x 9","EKTACHROME - INFRARED","23cm","clear","typed form; UBC Soil Survey OP 105; 55% forward overlap written",""
"bcc23__bcc23_3.jpg","bcc23","3 of 3","Zeiss; camera no. Ze. 2","12""","9 x 9","EKTACHROME INFRARED","23cm","clear","typed form; Kootenay Lake Flooding OP 95; 55% forward overlap written",""
"bcc7__bcc7_1.jpg","bcc7","1 of 1","ZEISS; camera no. ZE. 2","12""","9"" x 9""","EKTACHROME INFRARED","23cm","clear","typed form; Aphid Forest Damage OP 83/67",""
"bcc8__bcc8_1.jpg","bcc8","1 of 1","ZEISS; camera no. ZE 2","12""","9"" x 9""","EKTACHROME INFRARED","23cm","clear","typed form; Okanagan Valley OP 88/67",""
"bcc84__bcc84_3.jpg","bcc84","3 of 3","ZE #2 / UAG #2 110398","","","AEROCHROME INFRARED (2443)","unrecognised","clear","handwritten form with no format field; Kamloops Infrared OP 134","bc7280; bc7583; bc7703 (110398)"
"bcc92__bcc92_1.jpg","bcc92","1 of 2","ZE #1 / UAC #1 110399","","","KODAK AERO. INFRARED (2443)","unrecognised","clear","handwritten form with no format field; Comox Foreshore OP 34","bc7454 (ZE#1/UAG#1); bc7717; bc78153; bc79043; bc79058; bc80122 (110399)"
"bcf335__bcc335_1.jpg","bcf335","1 of 3","RC 10","305 mm","","AEROCHROME I.R. (2443)","23cm","clear","Wild RC10 is a 23 x 23 cm camera; Aikman Creek #1; Antares - Foto Flight 1985",""
"bcf335__bcc335_2.jpg","bcf335","2 of 3","RC 10","305 mm","","AEROCHROME I.R. (2443)","23cm","clear","as sheet 1",""
"bci10__bcir10_1.jpg","bci10","1 of 2","ZE-110399 12""","12""","","KODAK AEROCHROME IR (2443)","unrecognised","clear","Kimberley OP 23/76","bc7717; bc78153; bc79043; bc79058; bc80122 (110399)"
"bci10__bcir10_2.jpg","bci10","2 of 2","ZE-110399 12""","12""","","KODAK AEROCHROME IR (2443)","unrecognised","clear","Kimberley #2 OP 24/76","bc7717; bc78153; bc79043; bc79058; bc80122 (110399)"
"bci11__bcir11_1.jpg","bci11","1 of 2","ZE 110398 12""","12""","","INFRA RED FALSE COLOUR (2443)","unrecognised","clear","Kimberly #2 OP 24","bc7280; bc7583; bc7703 (110398)"
"bci11__bcir11_2.jpg","bci11","2 of 2","ZE 110398 (12"")","12""","","INFRA-RED FALSE (2443)","unrecognised","clear","Forest Protection OP 217-220","bc7280; bc7583; bc7703 (110398)"
"bci12__bcir12_1.jpg","bci12","1 of 3","ZE. 110399 (12"")","12""","","KODAK AEROCHROME INFRARED (2443)","unrecognised","clear","Nevertouch Lake OP 220/76","bc7717; bc78153; bc79043; bc79058; bc80122 (110399)"
"bci12__bcir12_2.jpg","bci12","2 of 3","ZE-110399 12""","12""","","AEROCHROME INFRARED (2443)","unrecognised","clear","Boomerang Creek OP 25-76; remark: no overlap until #13; camera error? pencilled","bc7717; bc78153; bc79043; bc79058; bc80122 (110399)"
"bci2__bcir2_1.jpg","bci2","1 of 1","ZE 110398 ""12""","12""","","KODAK AEROCHROME INFRARED (2443)","unrecognised","clear","Kitimat OP 157/75; remark: on a 250' spool because no spare 125' on board","bc7280; bc7583; bc7703 (110398)"
"bci3__bcir3_1.jpg","bci3","1 of 2","ZEISS 110398 (12"")","12""","","AEROCHROME INFARED (2443)","unrecognised","clear","Castlegar OP 165/75; Zeiss is a make, not a model","bc7280; bc7583; bc7703 (110398)"
"bci49__bcir049_1.jpg","bci49","1 of 1","124223","153 mm","","AEROCHROME I.R. (2443)","unrecognised","clear","Nicola Basin OP IR58/80","bc77014 (ZE 124223)"
"bci8__bcir8_1.jpg","bci8","1 of 2","ZE 122520 (12"")","12""","","KODAK AERO INFRARED (2443)","unrecognised","clear","Kamloops Dept of Highways OP 112-76","bc7674; bc7675; bc7692 (122520)"
"bci8__bcir8_2.jpg","bci8","2 of 2","ZE 122520 (12"")","12""","","KODAK INFRARED (2443)","unrecognised","clear","Penticton Bluffs OP 113/76","bc7674; bc7675; bc7692 (122520)"
"bci80103__bc80103ir_1.jpg","bci80103","1 of 2","110399","305 mm","","KODAK INFRARED AEROGRAPHIC (2424)","unrecognised","clear","Malcolm Island OP 335/80","bc7717; bc78153; bc79043; bc79058; bc80122 (110399)"
"bci80103__bc80103ir_2.jpg","bci80103","2 of 2","110399","305 mm","","KODAK INFRARED AEROGRAPHIC (2424)","unrecognised","clear","Bajo Point OP 338/80","bc7717; bc78153; bc79043; bc79058; bc80122 (110399)"
"bci9__bcir9_1.jpg","bci9","1 of 2","ZE 110399 12""","12""","","AERO INFRARED (2443)","unrecognised","clear","Beaverdell Forest Protection OP 216","bc7717; bc78153; bc79043; bc79058; bc80122 (110399)"
"bci9__bcir9_2.jpg","bci9","2 of 2","ZE 110399 (12"")","12""","","KODAK INFRARED FALSE (2443)","unrecognised","clear","Forest Protection OP 213/76; scale 1/15,840 written","bc7717; bc78153; bc79043; bc79058; bc80122 (110399)"
